ISO-10303-21;
HEADER;
FILE_DESCRIPTION (( 'STEP AP214' ),
    '1' );
FILE_NAME ('endJ3bearinghousing.STEP',
    '2025-03-18T09:38:48',
    ( '' ),
    ( '' ),
    'SwSTEP 2.0',
    'SolidWorks 2025',
    '' );
FILE_SCHEMA (( 'AUTOMOTIVE_DESIGN' ));
ENDSEC;

DATA;
#1 = CIRCLE ( 'NONE', #7644, 0.7000000000000027311 ) ;
#2 = LINE ( 'NONE', #1540, #5732 ) ;
#3 = CARTESIAN_POINT ( 'NONE',  ( 27.00000000000000000, 32.00000000000000711, -39.99999999999999289 ) ) ;
#4 = CARTESIAN_POINT ( 'NONE',  ( 21.40710678118648502, 48.56291789525212010, -19.71005050633883826 ) ) ;
#5 = EDGE_CURVE ( 'NONE', #1498, #8962, #6090, .T. ) ;
#6 = CIRCLE ( 'NONE', #7956, 1.400000000000000133 ) ;
#7 = ORIENTED_EDGE ( 'NONE', *, *, #9142, .T. ) ;
#8 = FACE_BOUND ( 'NONE', #5366, .T. ) ;
#9 = CYLINDRICAL_SURFACE ( 'NONE', #7277, 1.399999999999998579 ) ;
#10 = CARTESIAN_POINT ( 'NONE',  ( 23.39999999999999858, 4.000000000000000000, -17.78284271247457582 ) ) ;
#11 = CARTESIAN_POINT ( 'NONE',  ( 19.50000000000016342, 10.00000000000000178, -17.49999999999999645 ) ) ;
#12 =( GEOMETRIC_REPRESENTATION_CONTEXT ( 3 ) GLOBAL_UNCERTAINTY_ASSIGNED_CONTEXT ( ( #497 ) ) GLOBAL_UNIT_ASSIGNED_CONTEXT ( ( #6878, #43, #1536 ) ) REPRESENTATION_CONTEXT ( 'NONE', 'WORKASPACE' ) );
#13 = LINE ( 'NONE', #6243, #1886 ) ;
#14 = CARTESIAN_POINT ( 'NONE',  ( 11.98950982647023089, 34.90893648553814188, -22.87876613302696782 ) ) ;
#15 = EDGE_LOOP ( 'NONE', ( #8607, #2729, #6095, #1924 ) ) ;
#16 = ORIENTED_EDGE ( 'NONE', *, *, #4208, .F. ) ;
#17 = EDGE_CURVE ( 'NONE', #2712, #9575, #811, .T. ) ;
#18 = EDGE_LOOP ( 'NONE', ( #5832, #9604, #2774, #7748 ) ) ;
#19 = VECTOR ( 'NONE', #7354, 1000.000000000000000 ) ;
#20 = ADVANCED_FACE ( 'NONE', ( #3492 ), #3440, .T. ) ;
#21 = DIRECTION ( 'NONE',  ( 0.000000000000000000, -1.000000000000000000, 1.734723475976806848E-16 ) ) ;
#22 = ORIENTED_EDGE ( 'NONE', *, *, #8091, .T. ) ;
#23 = CARTESIAN_POINT ( 'NONE',  ( 1.499999999999997780, 59.64999999999999858, 0.000000000000000000 ) ) ;
#24 = CARTESIAN_POINT ( 'NONE',  ( 26.50000000000000355, 45.65000000000000568, 56.50000000000000711 ) ) ;
#25 = CARTESIAN_POINT ( 'NONE',  ( 30.23116965286718028, 53.49387341023641795, 1.298319666358064950 ) ) ;
#26 = EDGE_CURVE ( 'NONE', #3240, #3939, #7360, .T. ) ;
#27 = ORIENTED_EDGE ( 'NONE', *, *, #3094, .F. ) ;
#28 = ORIENTED_EDGE ( 'NONE', *, *, #7273, .T. ) ;
#29 = CARTESIAN_POINT ( 'NONE',  ( 7.300000000000174794, 2.787564434701682803, -18.48284271247463550 ) ) ;
#30 =( BOUNDED_CURVE ( )  B_SPLINE_CURVE ( 3, ( #5355, #6138, #5999, #9184 ),
 .UNSPECIFIED., .F., .T. ) 
 B_SPLINE_CURVE_WITH_KNOTS ( ( 4, 4 ),
 ( 5.149689057987689722, 6.283185307179586232 ),
 .UNSPECIFIED. ) 
 CURVE ( )  GEOMETRIC_REPRESENTATION_ITEM ( )  RATIONAL_B_SPLINE_CURVE ( ( 1.000000000000000000, 0.8957675578916598491, 0.8957675578916598491, 1.000000000000000000 ) ) 
 REPRESENTATION_ITEM ( '' )  );
#31 = CARTESIAN_POINT ( 'NONE',  ( -6.999999999999999112, 16.00000000000000000, -8.000000000000000000 ) ) ;
#32 = DIRECTION ( 'NONE',  ( 0.000000000000000000, 1.000000000000000000, 0.000000000000000000 ) ) ;
#33 = CARTESIAN_POINT ( 'NONE',  ( 12.21715728752556096, 16.00000000000000000, -23.39999999999999503 ) ) ;
#34 = CYLINDRICAL_SURFACE ( 'NONE', #6230, 3.000000000000000000 ) ;
#35 = DIRECTION ( 'NONE',  ( 0.000000000000000000, 0.000000000000000000, -1.000000000000000000 ) ) ;
#36 = ORIENTED_EDGE ( 'NONE', *, *, #3393, .T. ) ;
#37 = EDGE_CURVE ( 'NONE', #3780, #7044, #6689, .T. ) ;
#38 = DIRECTION ( 'NONE',  ( -1.000000000000000000, 0.000000000000000000, 1.301042606982605518E-15 ) ) ;
#39 = LINE ( 'NONE', #3066, #1897 ) ;
#40 = VERTEX_POINT ( 'NONE', #9389 ) ;
#41 = ORIENTED_EDGE ( 'NONE', *, *, #8034, .T. ) ;
#42 = DIRECTION ( 'NONE',  ( 0.000000000000000000, 1.000000000000000000, 0.000000000000000000 ) ) ;
#43 =( NAMED_UNIT ( * ) PLANE_ANGLE_UNIT ( ) SI_UNIT ( $, .RADIAN. ) );
#44 = DIRECTION ( 'NONE',  ( -1.166200656118861713E-16, 0.000000000000000000, 1.000000000000000000 ) ) ;
#45 = DIRECTION ( 'NONE',  ( -0.000000000000000000, 1.000000000000000000, -2.168404344971008621E-16 ) ) ;
#46 = CIRCLE ( 'NONE', #989, 3.000000000000000000 ) ;
#47 = ORIENTED_EDGE ( 'NONE', *, *, #7669, .T. ) ;
#48 = CARTESIAN_POINT ( 'NONE',  ( 29.00000000000000000, 51.64999999999999858, 21.99999999999998579 ) ) ;
#49 = LINE ( 'NONE', #242, #308 ) ;
#50 = CARTESIAN_POINT ( 'NONE',  ( 1.273246371183573311, 54.24334407201284591, 2.100700273311097543 ) ) ;
#51 = EDGE_CURVE ( 'NONE', #7429, #6208, #195, .T. ) ;
#52 = CIRCLE ( 'NONE', #5631, 1.400000000000000133 ) ;
#53 = VERTEX_POINT ( 'NONE', #8638 ) ;
#54 = ORIENTED_EDGE ( 'NONE', *, *, #9858, .T. ) ;
#55 = DIRECTION ( 'NONE',  ( 0.000000000000000000, 0.000000000000000000, -1.000000000000000000 ) ) ;
#56 = LINE ( 'NONE', #2342, #2812 ) ;
#57 = CARTESIAN_POINT ( 'NONE',  ( 3.499999999999999556, 51.64999999999999858, 0.000000000000000000 ) ) ;
#58 = CARTESIAN_POINT ( 'NONE',  ( 7.120955747701116501, 25.09084025582420452, -18.01019087114887185 ) ) ;
#59 = EDGE_CURVE ( 'NONE', #9862, #8626, #3398, .T. ) ;
#60 = VECTOR ( 'NONE', #8453, 1000.000000000000000 ) ;
#61 = ADVANCED_FACE ( 'NONE', ( #8033 ), #9484, .F. ) ;
#62 = DIRECTION ( 'NONE',  ( 0.000000000000000000, 0.000000000000000000, -1.000000000000000000 ) ) ;
#63 = CARTESIAN_POINT ( 'NONE',  ( 5.737011913831707943, 40.01018604484118413, -11.64411869501804198 ) ) ;
#64 = ORIENTED_EDGE ( 'NONE', *, *, #191, .T. ) ;
#65 = VERTEX_POINT ( 'NONE', #357 ) ;
#66 = EDGE_LOOP ( 'NONE', ( #7235, #9546, #1263, #3737, #7619, #1807, #377, #8054 ) ) ;
#67 = DIRECTION ( 'NONE',  ( -1.000000000000000000, 0.000000000000000000, 0.000000000000000000 ) ) ;
#68 = ORIENTED_EDGE ( 'NONE', *, *, #4614, .T. ) ;
#69 = DIRECTION ( 'NONE',  ( 0.000000000000000000, 0.000000000000000000, -1.000000000000000000 ) ) ;
#70 = EDGE_CURVE ( 'NONE', #8587, #7196, #7043, .T. ) ;
#71 = CARTESIAN_POINT ( 'NONE',  ( -0.6639005945405968001, 52.76780069171680054, 2.610553086681574708 ) ) ;
#72 = PLANE ( 'NONE',  #6063 ) ;
#73 = ORIENTED_EDGE ( 'NONE', *, *, #7339, .F. ) ;
#74 = VERTEX_POINT ( 'NONE', #310 ) ;
#75 = FACE_OUTER_BOUND ( 'NONE', #5424, .T. ) ;
#76 = FACE_OUTER_BOUND ( 'NONE', #7226, .T. ) ;
#77 = ORIENTED_EDGE ( 'NONE', *, *, #1283, .F. ) ;
#78 = CARTESIAN_POINT ( 'NONE',  ( 0.000000000000000000, 0.000000000000000000, -28.50000000000001066 ) ) ;
#79 = CARTESIAN_POINT ( 'NONE',  ( 20.60000000000000142, 24.00000000000000000, -11.09705627484773593 ) ) ;
#80 = CARTESIAN_POINT ( 'NONE',  ( 18.18805367692703001, 17.17565222974574013, -22.76068177330001419 ) ) ;
#81 = ORIENTED_EDGE ( 'NONE', *, *, #5332, .T. ) ;
#82 = CARTESIAN_POINT ( 'NONE',  ( 18.48284271247459642, 60.00000000000000000, -7.299999999999952749 ) ) ;
#83 = LINE ( 'NONE', #6872, #7949 ) ;
#84 = ORIENTED_EDGE ( 'NONE', *, *, #3741, .F. ) ;
#85 = ORIENTED_EDGE ( 'NONE', *, *, #7726, .F. ) ;
#86 = AXIS2_PLACEMENT_3D ( 'NONE', #5789, #2733, #4935 ) ;
#87 = ADVANCED_FACE ( 'NONE', ( #1954 ), #7237, .F. ) ;
#88 = DIRECTION ( 'NONE',  ( -1.000000000000000000, -0.000000000000000000, -0.000000000000000000 ) ) ;
#89 = PLANE ( 'NONE',  #2079 ) ;
#90 = LINE ( 'NONE', #6736, #1307 ) ;
#91 = DIRECTION ( 'NONE',  ( 0.7071067811865474617, 0.000000000000000000, -0.7071067811865474617 ) ) ;
#92 = ORIENTED_EDGE ( 'NONE', *, *, #1341, .T. ) ;
#93 = DIRECTION ( 'NONE',  ( 0.000000000000000000, 0.000000000000000000, 1.000000000000000000 ) ) ;
#94 = DIRECTION ( 'NONE',  ( 0.000000000000000000, 0.000000000000000000, -1.000000000000000000 ) ) ;
#95 = CARTESIAN_POINT ( 'NONE',  ( 1.184790489108741518, 54.04435713369571914, 2.291647568284729708 ) ) ;
#96 = AXIS2_PLACEMENT_3D ( 'NONE', #8919, #9011, #7456 ) ;
#97 = EDGE_LOOP ( 'NONE', ( #8672, #7480, #1758, #5064 ) ) ;
#98 = ORIENTED_EDGE ( 'NONE', *, *, #6303, .T. ) ;
#99 = CARTESIAN_POINT ( 'NONE',  ( 30.00000000000000000, 48.64589803375032062, -30.00000000000000000 ) ) ;
#100 = CARTESIAN_POINT ( 'NONE',  ( 22.69999999999994955, 2.787564434701761851, -18.48284271247463550 ) ) ;
#101 = AXIS2_PLACEMENT_3D ( 'NONE', #9048, #2308, #6802 ) ;
#102 = LINE ( 'NONE', #5406, #8084 ) ;
#103 = EDGE_CURVE ( 'NONE', #9443, #7645, #4949, .T. ) ;
#104 = CARTESIAN_POINT ( 'NONE',  ( -1.474150558564104596, 51.87449268893098520, 6.118108874594053503 ) ) ;
#105 = DIRECTION ( 'NONE',  ( -0.000000000000000000, -0.000000000000000000, 1.000000000000000000 ) ) ;
#106 = ORIENTED_EDGE ( 'NONE', *, *, #3094, .T. ) ;
#107 = AXIS2_PLACEMENT_3D ( 'NONE', #8377, #9138, #9361 ) ;
#108 = ORIENTED_EDGE ( 'NONE', *, *, #5054, .F. ) ;
#109 = EDGE_CURVE ( 'NONE', #8626, #4713, #7286, .T. ) ;
#110 = ORIENTED_EDGE ( 'NONE', *, *, #3992, .T. ) ;
#111 =( BOUNDED_CURVE ( )  B_SPLINE_CURVE ( 3, ( #8992, #5803, #8840, #4493 ),
 .UNSPECIFIED., .F., .T. ) 
 B_SPLINE_CURVE_WITH_KNOTS ( ( 4, 4 ),
 ( 3.141592653589793116, 4.275088902781732259 ),
 .UNSPECIFIED. ) 
 CURVE ( )  GEOMETRIC_REPRESENTATION_ITEM ( )  RATIONAL_B_SPLINE_CURVE ( ( 1.000000000000000000, 0.8957675578916522996, 0.8957675578916522996, 1.000000000000000000 ) ) 
 REPRESENTATION_ITEM ( '' )  );
#112 = EDGE_CURVE ( 'NONE', #2391, #513, #8982, .T. ) ;
#113 = ADVANCED_FACE ( 'NONE', ( #3685 ), #2549, .T. ) ;
#114 = DIRECTION ( 'NONE',  ( -1.000000000000000000, 0.000000000000000000, -9.257989608163444543E-14 ) ) ;
#115 = ORIENTED_EDGE ( 'NONE', *, *, #3116, .T. ) ;
#116 = AXIS2_PLACEMENT_3D ( 'NONE', #6162, #5517, #769 ) ;
#117 = CARTESIAN_POINT ( 'NONE',  ( -0.1029365637503691644, 53.87075889104281856, 0.7753340037649595340 ) ) ;
#118 = CARTESIAN_POINT ( 'NONE',  ( 29.67520182300851417, 52.88292342333718210, 3.729706235593612362 ) ) ;
#119 = ORIENTED_EDGE ( 'NONE', *, *, #2313, .T. ) ;
#120 = VERTEX_POINT ( 'NONE', #7984 ) ;
#121 = VECTOR ( 'NONE', #4639, 1000.000000000000000 ) ;
#122 = EDGE_CURVE ( 'NONE', #544, #672, #7141, .T. ) ;
#123 = ORIENTED_EDGE ( 'NONE', *, *, #3164, .T. ) ;
#124 = PLANE ( 'NONE',  #8020 ) ;
#125 = DIRECTION ( 'NONE',  ( 1.000000000000000000, 0.000000000000000000, 0.000000000000000000 ) ) ;
#126 = ORIENTED_EDGE ( 'NONE', *, *, #4112, .T. ) ;
#127 = DIRECTION ( 'NONE',  ( -1.000000000000000000, 0.000000000000000000, 1.413553177098500055E-15 ) ) ;
#128 = FACE_OUTER_BOUND ( 'NONE', #2993, .T. ) ;
#129 = DIRECTION ( 'NONE',  ( 6.195440985631460248E-16, 0.000000000000000000, 1.000000000000000000 ) ) ;
#130 = VECTOR ( 'NONE', #1387, 1000.000000000000000 ) ;
#131 = VERTEX_POINT ( 'NONE', #8686 ) ;
#132 = CARTESIAN_POINT ( 'NONE',  ( -6.000000000000005329, 45.65000000000000568, 56.50000000000000000 ) ) ;
#133 = LINE ( 'NONE', #5437, #9709 ) ;
#134 = ORIENTED_EDGE ( 'NONE', *, *, #4680, .T. ) ;
#135 = AXIS2_PLACEMENT_3D ( 'NONE', #6244, #942, #4085 ) ;
#136 = ORIENTED_EDGE ( 'NONE', *, *, #2595, .T. ) ;
#137 = CARTESIAN_POINT ( 'NONE',  ( -1.999999999999998224, 51.64999999999999858, 0.000000000000000000 ) ) ;
#138 = CARTESIAN_POINT ( 'NONE',  ( 17.98786796564397505, 44.79094724491367430, -23.89497474683057376 ) ) ;
#139 = DIRECTION ( 'NONE',  ( 8.855468320851990103E-14, 0.000000000000000000, 1.000000000000000000 ) ) ;
#140 = FACE_BOUND ( 'NONE', #1410, .T. ) ;
#141 = CARTESIAN_POINT ( 'NONE',  ( 30.06483551190149228, 54.02836252607535528, 0.5796530317694473800 ) ) ;
#142 = DIRECTION ( 'NONE',  ( 1.000000000000000000, -0.000000000000000000, -0.000000000000000000 ) ) ;
#143 = CARTESIAN_POINT ( 'NONE',  ( 0.000000000000000000, 10.00000000000000178, -12.50000000000000000 ) ) ;
#144 = AXIS2_PLACEMENT_3D ( 'NONE', #7079, #7032, #4776 ) ;
#145 = CARTESIAN_POINT ( 'NONE',  ( -0.3094556095266919327, 52.39974450209052748, 4.614655659372848717 ) ) ;
#146 = CONICAL_SURFACE ( 'NONE', #2377, 9.499999999999987566, 0.7853981633974453924 ) ;
#147 = EDGE_CURVE ( 'NONE', #2888, #4253, #5944, .T. ) ;
#148 = VERTEX_POINT ( 'NONE', #406 ) ;
#149 = VERTEX_POINT ( 'NONE', #3730 ) ;
#150 = CYLINDRICAL_SURFACE ( 'NONE', #2311, 1.400000000000000133 ) ;
#151 = AXIS2_PLACEMENT_3D ( 'NONE', #6762, #9759, #9657 ) ;
#152 = DIRECTION ( 'NONE',  ( 0.7071067811865441310, 0.000000000000000000, 0.7071067811865507924 ) ) ;
#153 = VECTOR ( 'NONE', #6079, 1000.000000000000000 ) ;
#154 = CARTESIAN_POINT ( 'NONE',  ( 10.28994949366122214, 60.00000000000000000, -21.40710678118653121 ) ) ;
#155 = CARTESIAN_POINT ( 'NONE',  ( 25.29497474683052261, 0.000000000000000000, -10.61213203435593755 ) ) ;
#156 = DIRECTION ( 'NONE',  ( 0.7071067811865479058, 0.000000000000000000, 0.7071067811865470176 ) ) ;
#157 = VERTEX_POINT ( 'NONE', #5293 ) ;
#158 = ADVANCED_FACE ( 'NONE', ( #3025 ), #2183, .T. ) ;
#159 = CIRCLE ( 'NONE', #5105, 1.500000000000001332 ) ;
#160 = CIRCLE ( 'NONE', #8759, 1.399999999999998579 ) ;
#161 = EDGE_LOOP ( 'NONE', ( #2423, #2666, #5788, #7943 ) ) ;
#162 = ORIENTED_EDGE ( 'NONE', *, *, #7726, .T. ) ;
#163 = CARTESIAN_POINT ( 'NONE',  ( -6.999999999999999112, 36.00000000000000711, -6.599999999999994316 ) ) ;
#164 = CARTESIAN_POINT ( 'NONE',  ( 21.40710678118649568, 60.00000000000000000, -10.28994949366116529 ) ) ;
#165 = VECTOR ( 'NONE', #8129, 1000.000000000000000 ) ;
#166 = CARTESIAN_POINT ( 'NONE',  ( 19.71005050633881339, 17.26825771477451354, -8.592893218813411949 ) ) ;
#167 = CARTESIAN_POINT ( 'NONE',  ( -0.7630742738096821798, 52.64996502896850217, 2.874962052007431268 ) ) ;
#168 = DIRECTION ( 'NONE',  ( 0.000000000000000000, 1.000000000000000000, -0.000000000000000000 ) ) ;
#169 = ORIENTED_EDGE ( 'NONE', *, *, #6285, .F. ) ;
#170 = ADVANCED_FACE ( 'NONE', ( #9823 ), #7569, .F. ) ;
#171 = ORIENTED_EDGE ( 'NONE', *, *, #6926, .F. ) ;
#172 = CIRCLE ( 'NONE', #5749, 1.400000000000000133 ) ;
#173 = EDGE_CURVE ( 'NONE', #6371, #757, #2975, .T. ) ;
#174 = ORIENTED_EDGE ( 'NONE', *, *, #5687, .F. ) ;
#175 = CARTESIAN_POINT ( 'NONE',  ( 19.50000000000016342, 60.00000000000000000, -12.19705627484766630 ) ) ;
#176 = DIRECTION ( 'NONE',  ( 0.000000000000000000, -1.000000000000000000, 0.000000000000000000 ) ) ;
#177 = ORIENTED_EDGE ( 'NONE', *, *, #3516, .F. ) ;
#178 = CARTESIAN_POINT ( 'NONE',  ( 17.88289957852893153, 36.96368530282690301, -23.02628901671996076 ) ) ;
#179 = CYLINDRICAL_SURFACE ( 'NONE', #7026, 19.99999999999999645 ) ;
#180 = CARTESIAN_POINT ( 'NONE',  ( 17.80461702165899851, 44.63634003381785931, -6.410385910020342415 ) ) ;
#181 = ORIENTED_EDGE ( 'NONE', *, *, #1996, .F. ) ;
#182 = CARTESIAN_POINT ( 'NONE',  ( 17.82340237826005591, 16.78698697949274532, -6.839799338769519288 ) ) ;
#183 = EDGE_CURVE ( 'NONE', #6838, #8635, #1485, .T. ) ;
#184 = CARTESIAN_POINT ( 'NONE',  ( 4.705025253169601740, 39.99999999999999289, -4.705025253169409005 ) ) ;
#185 = ORIENTED_EDGE ( 'NONE', *, *, #9680, .F. ) ;
#186 = ORIENTED_EDGE ( 'NONE', *, *, #3334, .T. ) ;
#187 = DIRECTION ( 'NONE',  ( 0.000000000000000000, 0.000000000000000000, -1.000000000000000000 ) ) ;
#188 = DIRECTION ( 'NONE',  ( 1.000000000000000000, 0.000000000000000000, -1.413553177098500055E-15 ) ) ;
#189 = CARTESIAN_POINT ( 'NONE',  ( 7.211133935445197984, 40.12257198046383166, -11.87063339034455289 ) ) ;
#190 = DIRECTION ( 'NONE',  ( -1.000000000000000000, 0.000000000000000000, 5.873343889775906302E-16 ) ) ;
#191 = EDGE_CURVE ( 'NONE', #5290, #3136, #1637, .T. ) ;
#192 = DIRECTION ( 'NONE',  ( 1.000000000000000000, 0.000000000000000000, 0.000000000000000000 ) ) ;
#193 = FACE_OUTER_BOUND ( 'NONE', #1675, .T. ) ;
#194 = EDGE_CURVE ( 'NONE', #767, #815, #7623, .T. ) ;
#195 = CIRCLE ( 'NONE', #5147, 1.499999999999999556 ) ;
#196 = DIRECTION ( 'NONE',  ( 0.000000000000000000, 0.000000000000000000, 1.000000000000000000 ) ) ;
#197 = CARTESIAN_POINT ( 'NONE',  ( 19.09289321881339774, 60.00000000000000000, -4.999999999999996447 ) ) ;
#198 = ORIENTED_EDGE ( 'NONE', *, *, #7790, .F. ) ;
#199 = CARTESIAN_POINT ( 'NONE',  ( 28.63407245864540229, 50.36592754135461547, -30.32451701855684334 ) ) ;
#200 = VECTOR ( 'NONE', #9013, 1000.000000000000000 ) ;
#201 = DIRECTION ( 'NONE',  ( -1.000000000000000000, 0.000000000000000000, 5.873343889775906302E-16 ) ) ;
#202 = EDGE_CURVE ( 'NONE', #4944, #5218, #2330, .T. ) ;
#203 = LINE ( 'NONE', #2539, #6503 ) ;
#204 = CARTESIAN_POINT ( 'NONE',  ( 17.79374833993717431, 15.40964700673844057, -6.728328237988701943 ) ) ;
#205 = LINE ( 'NONE', #9283, #9060 ) ;
#206 = ORIENTED_EDGE ( 'NONE', *, *, #9427, .F. ) ;
#207 = AXIS2_PLACEMENT_3D ( 'NONE', #2428, #3215, #1023 ) ;
#208 = EDGE_LOOP ( 'NONE', ( #477, #609, #908, #9624 ) ) ;
#209 = EDGE_LOOP ( 'NONE', ( #1270, #8872, #7268, #5091 ) ) ;
#210 = ORIENTED_EDGE ( 'NONE', *, *, #3622, .F. ) ;
#211 = VECTOR ( 'NONE', #3603, 1000.000000000000000 ) ;
#212 = LINE ( 'NONE', #2497, #7503 ) ;
#213 = CARTESIAN_POINT ( 'NONE',  ( 25.00000000000000000, 60.00000000000000000, -10.90710678118645660 ) ) ;
#214 = CARTESIAN_POINT ( 'NONE',  ( 29.05884427005601367, 53.60927768488416945, 2.754282215326433469 ) ) ;
#215 = VERTEX_POINT ( 'NONE', #6039 ) ;
#216 = EDGE_LOOP ( 'NONE', ( #1221, #5957, #4864, #9461 ) ) ;
#217 = VERTEX_POINT ( 'NONE', #6086 ) ;
#218 = CARTESIAN_POINT ( 'NONE',  ( 10.28994949366131273, 36.00000000000000711, -7.999999999999994671 ) ) ;
#219 = CARTESIAN_POINT ( 'NONE',  ( 32.28340716673010746, 51.69832013922039238, 7.121733227943773059 ) ) ;
#220 = ORIENTED_EDGE ( 'NONE', *, *, #6150, .T. ) ;
#221 = FACE_BOUND ( 'NONE', #8972, .T. ) ;
#222 = CARTESIAN_POINT ( 'NONE',  ( 17.81073006691146077, 35.27670144217136539, -6.798956735503330684 ) ) ;
#223 = FACE_OUTER_BOUND ( 'NONE', #8041, .T. ) ;
#224 = EDGE_CURVE ( 'NONE', #8451, #441, #7989, .T. ) ;
#225 = ORIENTED_EDGE ( 'NONE', *, *, #6334, .F. ) ;
#226 = LINE ( 'NONE', #9263, #8122 ) ;
#227 = CARTESIAN_POINT ( 'NONE',  ( 36.00000000000001421, 51.64999999999999858, 3.000000000000003997 ) ) ;
#228 = VERTEX_POINT ( 'NONE', #3876 ) ;
#229 = EDGE_CURVE ( 'NONE', #5845, #4520, #7520, .T. ) ;
#230 = ORIENTED_EDGE ( 'NONE', *, *, #5596, .F. ) ;
#231 = CARTESIAN_POINT ( 'NONE',  ( 22.75439911253672776, 22.81608664798539365, -18.17835869808116911 ) ) ;
#232 = EDGE_CURVE ( 'NONE', #7775, #3472, #6924, .T. ) ;
#233 = CARTESIAN_POINT ( 'NONE',  ( 19.71005050633881339, 60.00000000000000000, -7.299999999999954525 ) ) ;
#234 = FACE_OUTER_BOUND ( 'NONE', #6718, .T. ) ;
#235 = DIRECTION ( 'NONE',  ( 1.000000000000000000, -0.000000000000000000, -0.000000000000000000 ) ) ;
#236 = EDGE_CURVE ( 'NONE', #6371, #6712, #6412, .T. ) ;
#237 = FACE_OUTER_BOUND ( 'NONE', #9384, .T. ) ;
#238 = LINE ( 'NONE', #2576, #3693 ) ;
#239 = CARTESIAN_POINT ( 'NONE',  ( 19.99999999999999645, 32.00000000000000000, -56.49999999999999289 ) ) ;
#240 = CARTESIAN_POINT ( 'NONE',  ( 1.000000000000004663, 45.65000000000000568, 0.000000000000000000 ) ) ;
#241 = VERTEX_POINT ( 'NONE', #4626 ) ;
#242 = CARTESIAN_POINT ( 'NONE',  ( 23.39999999999999858, 4.000000000000000000, -59.00000000000000000 ) ) ;
#243 = CARTESIAN_POINT ( 'NONE',  ( 1.408585792834196937, 54.66550947907732194, 1.739868836519351536 ) ) ;
#244 = AXIS2_PLACEMENT_3D ( 'NONE', #9072, #9630, #6037 ) ;
#245 = ORIENTED_EDGE ( 'NONE', *, *, #532, .F. ) ;
#246 = LINE ( 'NONE', #1737, #7881 ) ;
#247 = EDGE_CURVE ( 'NONE', #1632, #4944, #9074, .T. ) ;
#248 = CARTESIAN_POINT ( 'NONE',  ( 29.75664205800370610, 29.02760302554877470, -30.00000000000000711 ) ) ;
#249 = DIRECTION ( 'NONE',  ( 5.873343889775906302E-16, 0.000000000000000000, 1.000000000000000000 ) ) ;
#250 = CARTESIAN_POINT ( 'NONE',  ( 17.78155425862452077, 15.69620152389374468, -6.624845885521422062 ) ) ;
#251 = CARTESIAN_POINT ( 'NONE',  ( 19.11093469644192666, 28.77382220146231973, -31.83749199018673437 ) ) ;
#252 = VERTEX_POINT ( 'NONE', #9871 ) ;
#253 = EDGE_CURVE ( 'NONE', #7672, #6635, #90, .T. ) ;
#254 = ORIENTED_EDGE ( 'NONE', *, *, #4069, .F. ) ;
#255 = VECTOR ( 'NONE', #2329, 1000.000000000000000 ) ;
#256 = CARTESIAN_POINT ( 'NONE',  ( 19.71005050633889510, 60.00000000000000000, -21.40710678118653121 ) ) ;
#257 = ORIENTED_EDGE ( 'NONE', *, *, #7117, .F. ) ;
#258 = LINE ( 'NONE', #3854, #3039 ) ;
#259 = CARTESIAN_POINT ( 'NONE',  ( 30.50000000000000355, 45.65000000000000568, 52.99999999999998579 ) ) ;
#260 = DIRECTION ( 'NONE',  ( 0.000000000000000000, 0.000000000000000000, -1.000000000000000000 ) ) ;
#261 = VECTOR ( 'NONE', #1766, 1000.000000000000000 ) ;
#262 = ORIENTED_EDGE ( 'NONE', *, *, #1693, .F. ) ;
#263 = VERTEX_POINT ( 'NONE', #9174 ) ;
#264 = EDGE_CURVE ( 'NONE', #6227, #1639, #4575, .T. ) ;
#265 = ORIENTED_EDGE ( 'NONE', *, *, #5780, .T. ) ;
#266 = CARTESIAN_POINT ( 'NONE',  ( 10.28994949366122214, 34.73174228522552198, -21.40710678118653121 ) ) ;
#267 = AXIS2_PLACEMENT_3D ( 'NONE', #4321, #528, #3667 ) ;
#268 = CARTESIAN_POINT ( 'NONE',  ( 29.97711175299682651, 52.62950101154240912, 4.160229619967792836 ) ) ;
#269 = ORIENTED_EDGE ( 'NONE', *, *, #7447, .T. ) ;
#270 = CARTESIAN_POINT ( 'NONE',  ( 9.399999999999998579, 4.000000000000000000, 0.000000000000000000 ) ) ;
#271 = PLANE ( 'NONE',  #7971 ) ;
#272 = CARTESIAN_POINT ( 'NONE',  ( 22.00000000000000000, 32.00000000000000000, -56.49999999999999289 ) ) ;
#273 = EDGE_LOOP ( 'NONE', ( #2154, #1094, #3930, #8273 ) ) ;
#274 = CARTESIAN_POINT ( 'NONE',  ( 9.400000000000002132, 4.559407042560277290, -11.09705627484753521 ) ) ;
#275 = CIRCLE ( 'NONE', #4887, 1.399999999999998579 ) ;
#276 = ORIENTED_EDGE ( 'NONE', *, *, #2656, .F. ) ;
#277 = EDGE_CURVE ( 'NONE', #4889, #6125, #2930, .T. ) ;
#278 = EDGE_CURVE ( 'NONE', #9191, #2257, #4538, .T. ) ;
#279 = ORIENTED_EDGE ( 'NONE', *, *, #7038, .F. ) ;
#280 = CARTESIAN_POINT ( 'NONE',  ( 7.300000000000169464, 0.000000000000000000, -10.28994949366116352 ) ) ;
#281 = CARTESIAN_POINT ( 'NONE',  ( 12.10933209407218314, 41.30593224641223316, -23.79777468711452926 ) ) ;
#282 = FACE_BOUND ( 'NONE', #6731, .T. ) ;
#283 = CARTESIAN_POINT ( 'NONE',  ( 1.000000000000004663, 51.64999999999999858, 54.49999999999998579 ) ) ;
#284 = PLANE ( 'NONE',  #951 ) ;
#285 = AXIS2_PLACEMENT_3D ( 'NONE', #1602, #8292, #2296 ) ;
#286 = CARTESIAN_POINT ( 'NONE',  ( 33.00000000000000000, 45.65000000000000568, -2.999999999999996447 ) ) ;
#287 = CARTESIAN_POINT ( 'NONE',  ( 30.77827712224121726, 52.63175276767098865, 2.915537101817541554 ) ) ;
#288 = DIRECTION ( 'NONE',  ( -1.000000000000000000, -0.000000000000000000, -0.000000000000000000 ) ) ;
#289 = DIRECTION ( 'NONE',  ( 0.000000000000000000, -1.000000000000000000, 0.000000000000000000 ) ) ;
#290 = EDGE_CURVE ( 'NONE', #9150, #8109, #7202, .T. ) ;
#291 = CARTESIAN_POINT ( 'NONE',  ( -6.999999999999999112, 36.00000000000000711, -7.999999999999994671 ) ) ;
#292 = CARTESIAN_POINT ( 'NONE',  ( -0.3725628467041171010, 53.20109483386643490, 1.770710130700511531 ) ) ;
#293 = EDGE_CURVE ( 'NONE', #4953, #7327, #2624, .T. ) ;
#294 = ADVANCED_FACE ( 'NONE', ( #1729 ), #9417, .T. ) ;
#295 = VECTOR ( 'NONE', #3471, 1000.000000000000000 ) ;
#296 = EDGE_CURVE ( 'NONE', #6055, #8645, #6325, .T. ) ;
#297 = ORIENTED_EDGE ( 'NONE', *, *, #4028, .F. ) ;
#298 = CARTESIAN_POINT ( 'NONE',  ( 19.20328457960579627, 17.03135154185268263, -20.90034085445342882 ) ) ;
#299 = CARTESIAN_POINT ( 'NONE',  ( 18.90294372515236176, 36.00000000000000711, -20.59999999999999787 ) ) ;
#300 = CYLINDRICAL_SURFACE ( 'NONE', #9209, 1.399999999999998579 ) ;
#301 = VECTOR ( 'NONE', #8784, 1000.000000000000000 ) ;
#302 = CARTESIAN_POINT ( 'NONE',  ( 17.86303532010946427, 15.09544627107367987, -6.928936208234278915 ) ) ;
#303 = LINE ( 'NONE', #4735, #1406 ) ;
#304 = ADVANCED_FACE ( 'NONE', ( #8716 ), #5584, .F. ) ;
#305 = EDGE_CURVE ( 'NONE', #2561, #2701, #238, .T. ) ;
#306 = ORIENTED_EDGE ( 'NONE', *, *, #3982, .T. ) ;
#307 = ORIENTED_EDGE ( 'NONE', *, *, #2441, .F. ) ;
#308 = VECTOR ( 'NONE', #6383, 1000.000000000000000 ) ;
#309 = DIRECTION ( 'NONE',  ( 6.188934370712447864E-16, 0.000000000000000000, -1.000000000000000000 ) ) ;
#310 = CARTESIAN_POINT ( 'NONE',  ( 4.705025253169601740, 39.99999999999999289, -10.61213203435593577 ) ) ;
#311 = LINE ( 'NONE', #9440, #7977 ) ;
#312 = AXIS2_PLACEMENT_3D ( 'NONE', #7448, #5678, #5633 ) ;
#313 = CYLINDRICAL_SURFACE ( 'NONE', #2522, 1.399999999999998579 ) ;
#314 = AXIS2_PLACEMENT_3D ( 'NONE', #8280, #2978, #740 ) ;
#315 = CARTESIAN_POINT ( 'NONE',  ( 30.03720708615608714, 52.58662696160286742, 4.242901032049874566 ) ) ;
#316 = VERTEX_POINT ( 'NONE', #1879 ) ;
#317 = VERTEX_POINT ( 'NONE', #8619 ) ;
#318 = EDGE_CURVE ( 'NONE', #6743, #4011, #8667, .T. ) ;
#319 = CIRCLE ( 'NONE', #4135, 0.7000000000000009548 ) ;
#320 = ORIENTED_EDGE ( 'NONE', *, *, #4092, .F. ) ;
#321 = DIRECTION ( 'NONE',  ( -0.7071067811865165975, 0.000000000000000000, -0.7071067811865784369 ) ) ;
#322 = DIRECTION ( 'NONE',  ( -0.000000000000000000, 1.000000000000000000, -0.000000000000000000 ) ) ;
#323 = CARTESIAN_POINT ( 'NONE',  ( 29.49585026749067040, 53.06195957940267505, 3.461517029416629754 ) ) ;
#324 = ORIENTED_EDGE ( 'NONE', *, *, #5182, .T. ) ;
#325 = DIRECTION ( 'NONE',  ( 1.000000000000000000, -0.000000000000000000, -0.000000000000000000 ) ) ;
#326 = LINE ( 'NONE', #4009, #2713 ) ;
#327 = LINE ( 'NONE', #1013, #8489 ) ;
#328 = ADVANCED_FACE ( 'NONE', ( #3975 ), #7963, .T. ) ;
#329 = ORIENTED_EDGE ( 'NONE', *, *, #9023, .T. ) ;
#330 = VECTOR ( 'NONE', #8666, 1000.000000000000000 ) ;
#331 = CARTESIAN_POINT ( 'NONE',  ( 17.80294372515243850, 60.00000000000000000, -10.49999999999995381 ) ) ;
#332 = ORIENTED_EDGE ( 'NONE', *, *, #5604, .F. ) ;
#333 = ORIENTED_EDGE ( 'NONE', *, *, #4932, .T. ) ;
#334 = CARTESIAN_POINT ( 'NONE',  ( 10.28994949366131273, 34.78756443470181381, -7.299999999999952749 ) ) ;
#335 = CARTESIAN_POINT ( 'NONE',  ( 10.50000000000013500, 10.00000000000000178, -15.00000000000000000 ) ) ;
#336 = FACE_OUTER_BOUND ( 'NONE', #884, .T. ) ;
#337 = CARTESIAN_POINT ( 'NONE',  ( 4.705025253169601740, 0.000000000000000000, -4.705025253169409005 ) ) ;
#338 = CONICAL_SURFACE ( 'NONE', #5920, 9.499999999999989342, 0.7853981633974453924 ) ;
#339 = DIRECTION ( 'NONE',  ( -1.000000000000000000, 0.000000000000000000, 0.000000000000000000 ) ) ;
#340 = DIRECTION ( 'NONE',  ( -1.000000000000000000, 0.000000000000000000, 0.000000000000000000 ) ) ;
#341 = EDGE_CURVE ( 'NONE', #437, #4447, #9127, .T. ) ;
#342 = CARTESIAN_POINT ( 'NONE',  ( 12.20625166006295181, 35.40964700673843168, -6.728328237988693949 ) ) ;
#343 = FACE_OUTER_BOUND ( 'NONE', #2449, .T. ) ;
#344 = CARTESIAN_POINT ( 'NONE',  ( 12.10944624618001875, 41.30597498160386749, -6.202339464993287699 ) ) ;
#345 = CARTESIAN_POINT ( 'NONE',  ( 17.88264777951435391, 36.96291095198318288, -6.973131547181480983 ) ) ;
#346 = CARTESIAN_POINT ( 'NONE',  ( 17.79186592017359914, 35.40753023728434101, -23.27765016612220705 ) ) ;
#347 = ORIENTED_EDGE ( 'NONE', *, *, #5309, .F. ) ;
#348 = CARTESIAN_POINT ( 'NONE',  ( -6.999999999999999112, 10.00000000000000178, -15.00000000000000000 ) ) ;
#349 = CARTESIAN_POINT ( 'NONE',  ( 28.50000000000001066, 27.49999999999998934, -30.40192378864668044 ) ) ;
#350 = LINE ( 'NONE', #2444, #3938 ) ;
#351 = CARTESIAN_POINT ( 'NONE',  ( 10.28994949366131095, 60.00000000000000000, -8.592893218813408396 ) ) ;
#352 = EDGE_CURVE ( 'NONE', #2545, #463, #4496, .T. ) ;
#353 = CARTESIAN_POINT ( 'NONE',  ( 11.09705627484776080, 36.55940704256035190, -20.59999999999999787 ) ) ;
#354 = ORIENTED_EDGE ( 'NONE', *, *, #1743, .F. ) ;
#355 = EDGE_LOOP ( 'NONE', ( #2484, #7326, #3541, #6548 ) ) ;
#356 = DIRECTION ( 'NONE',  ( 1.000000000000000000, -0.000000000000000000, 6.188934370712447864E-16 ) ) ;
#357 = CARTESIAN_POINT ( 'NONE',  ( 25.29497474683052261, 0.000000000000000000, -19.38786796564398074 ) ) ;
#358 = EDGE_CURVE ( 'NONE', #3923, #2257, #1828, .T. ) ;
#359 = EDGE_CURVE ( 'NONE', #6743, #5993, #1471, .T. ) ;
#360 = DIRECTION ( 'NONE',  ( -0.7071067811865474617, -0.000000000000000000, 0.7071067811865474617 ) ) ;
#361 = CARTESIAN_POINT ( 'NONE',  ( 6.600000000000168399, 60.00000000000000000, -12.21715728752533359 ) ) ;
#362 = ORIENTED_EDGE ( 'NONE', *, *, #628, .T. ) ;
#363 = ORIENTED_EDGE ( 'NONE', *, *, #8087, .T. ) ;
#364 = EDGE_CURVE ( 'NONE', #7792, #2701, #4815, .T. ) ;
#365 = CIRCLE ( 'NONE', #7533, 2.000000000000001776 ) ;
#366 = ORIENTED_EDGE ( 'NONE', *, *, #5737, .T. ) ;
#367 = PLANE ( 'NONE',  #4196 ) ;
#368 = CARTESIAN_POINT ( 'NONE',  ( 6.721866218463879328, 23.40904359342508911, -17.79182019532753145 ) ) ;
#369 = CARTESIAN_POINT ( 'NONE',  ( 31.57930785502801996, 51.84366024773596138, 6.249761149186200626 ) ) ;
#370 = ORIENTED_EDGE ( 'NONE', *, *, #4214, .F. ) ;
#371 = ADVANCED_FACE ( 'NONE', ( #6425, #140, #9467 ), #2432, .F. ) ;
#372 = FACE_OUTER_BOUND ( 'NONE', #4395, .T. ) ;
#373 = FACE_OUTER_BOUND ( 'NONE', #6171, .T. ) ;
#374 = LINE ( 'NONE', #2661, #8174 ) ;
#375 = ORIENTED_EDGE ( 'NONE', *, *, #3399, .F. ) ;
#376 = CARTESIAN_POINT ( 'NONE',  ( 29.00000000000000000, 55.17631578947368354, 0.7725419693721207182 ) ) ;
#377 = ORIENTED_EDGE ( 'NONE', *, *, #3445, .T. ) ;
#378 = ORIENTED_EDGE ( 'NONE', *, *, #1576, .T. ) ;
#379 = DIRECTION ( 'NONE',  ( 0.000000000000000000, 0.000000000000000000, -1.000000000000000000 ) ) ;
#380 = CARTESIAN_POINT ( 'NONE',  ( 11.78389144194215454, 41.18529195691846923, -22.73905540885076704 ) ) ;
#381 = DIRECTION ( 'NONE',  ( 0.000000000000000000, 0.000000000000000000, 1.000000000000000000 ) ) ;
#382 = CARTESIAN_POINT ( 'NONE',  ( 19.71005050633881339, 60.00000000000000000, -8.592893218813411949 ) ) ;
#383 = CARTESIAN_POINT ( 'NONE',  ( 5.000000000000000000, 60.00000000000000000, -25.00000000000000000 ) ) ;
#384 = DIRECTION ( 'NONE',  ( 1.000000000000000000, 0.000000000000000000, 0.000000000000000000 ) ) ;
#385 = CARTESIAN_POINT ( 'NONE',  ( 31.83797839155029408, 51.88353741453766332, 5.440749075249564193 ) ) ;
#386 = CARTESIAN_POINT ( 'NONE',  ( -2.770252553538303353, 51.65879179911377861, 7.499088713759213931 ) ) ;
#387 = CARTESIAN_POINT ( 'NONE',  ( 22.78724047493281901, 50.85569356397852658, -11.85979493796758355 ) ) ;
#388 = CARTESIAN_POINT ( 'NONE',  ( 14.99999999999987566, 60.00000000000000711, 3.196819863353100386E-14 ) ) ;
#389 = CARTESIAN_POINT ( 'NONE',  ( -0.1511690859039101775, 53.70306405694006457, 0.9945815746578727801 ) ) ;
#390 = ORIENTED_EDGE ( 'NONE', *, *, #8281, .T. ) ;
#391 = EDGE_CURVE ( 'NONE', #494, #6419, #6278, .T. ) ;
#392 = ADVANCED_FACE ( 'NONE', ( #5532 ), #8568, .F. ) ;
#393 = VERTEX_POINT ( 'NONE', #4023 ) ;
#394 = CARTESIAN_POINT ( 'NONE',  ( 33.00000000000000711, 45.65000000000000568, 3.000000000000003553 ) ) ;
#395 = FACE_BOUND ( 'NONE', #6300, .T. ) ;
#396 = PLANE ( 'NONE',  #2834 ) ;
#397 = CARTESIAN_POINT ( 'NONE',  ( 23.02299727492096793, 4.958084251737970405, -17.88997228795680527 ) ) ;
#398 = FACE_OUTER_BOUND ( 'NONE', #9771, .T. ) ;
#399 = DIRECTION ( 'NONE',  ( 1.000000000000000000, -0.000000000000000000, -0.000000000000000000 ) ) ;
#400 = ORIENTED_EDGE ( 'NONE', *, *, #9141, .T. ) ;
#401 = EDGE_CURVE ( 'NONE', #5108, #1973, #3269, .T. ) ;
#402 = VERTEX_POINT ( 'NONE', #5082 ) ;
#403 = EDGE_CURVE ( 'NONE', #228, #1606, #8116, .T. ) ;
#404 = AXIS2_PLACEMENT_3D ( 'NONE', #7420, #5887, #1292 ) ;
#405 = PLANE ( 'NONE',  #1710 ) ;
#406 = CARTESIAN_POINT ( 'NONE',  ( 15.00000000000008171, 60.00000000000000711, -28.50000000000003197 ) ) ;
#407 = CARTESIAN_POINT ( 'NONE',  ( 12.21844574137561246, 15.69620152389373402, -6.624845885521417621 ) ) ;
#408 = CARTESIAN_POINT ( 'NONE',  ( 6.599999999999998757, 23.84865076666667960, -12.21715728752533359 ) ) ;
#409 = ORIENTED_EDGE ( 'NONE', *, *, #4003, .T. ) ;
#410 = AXIS2_PLACEMENT_3D ( 'NONE', #3671, #5825, #2022 ) ;
#411 = ORIENTED_EDGE ( 'NONE', *, *, #8386, .T. ) ;
#412 = EDGE_CURVE ( 'NONE', #2756, #3189, #4274, .T. ) ;
#413 = ORIENTED_EDGE ( 'NONE', *, *, #7855, .F. ) ;
#414 = CARTESIAN_POINT ( 'NONE',  ( 22.69999999999995666, 2.787564434701762739, -59.00000000000000000 ) ) ;
#415 = CARTESIAN_POINT ( 'NONE',  ( 12.21715728752552010, 36.00000000000000711, -6.599999999999994316 ) ) ;
#416 = CARTESIAN_POINT ( 'NONE',  ( 32.67436083127270763, 51.65991872970342769, 7.601417233716698973 ) ) ;
#417 = VERTEX_POINT ( 'NONE', #1932 ) ;
#418 = FACE_BOUND ( 'NONE', #7194, .T. ) ;
#419 = DIRECTION ( 'NONE',  ( 0.7071067811865483499, 0.000000000000000000, -0.7071067811865465735 ) ) ;
#420 = AXIS2_PLACEMENT_3D ( 'NONE', #819, #9856, #1524 ) ;
#421 = CARTESIAN_POINT ( 'NONE',  ( 22.00000000000000000, 47.00000000000000000, -56.99999999999999289 ) ) ;
#422 = ORIENTED_EDGE ( 'NONE', *, *, #7244, .T. ) ;
#423 = CARTESIAN_POINT ( 'NONE',  ( 19.71005050633889510, 14.73174228522551310, -21.40710678118653121 ) ) ;
#424 = ORIENTED_EDGE ( 'NONE', *, *, #6633, .T. ) ;
#425 = AXIS2_PLACEMENT_3D ( 'NONE', #4066, #4218, #6421 ) ;
#426 = ORIENTED_EDGE ( 'NONE', *, *, #6276, .F. ) ;
#427 = DIRECTION ( 'NONE',  ( 0.000000000000000000, 0.000000000000000000, 1.000000000000000000 ) ) ;
#428 = FACE_OUTER_BOUND ( 'NONE', #18, .T. ) ;
#429 = DIRECTION ( 'NONE',  ( 0.000000000000000000, 0.000000000000000000, -1.000000000000000000 ) ) ;
#430 = CARTESIAN_POINT ( 'NONE',  ( 22.00000000000000000, 32.00000000000000711, -41.49999999999999289 ) ) ;
#431 = CARTESIAN_POINT ( 'NONE',  ( 14.99999999999998757, 45.65000000000000568, 38.99999999999997868 ) ) ;
#432 = LINE ( 'NONE', #5726, #4181 ) ;
#433 = CARTESIAN_POINT ( 'NONE',  ( 31.31092557919869890, 52.17025741079375223, 4.228055876069864105 ) ) ;
#434 = LINE ( 'NONE', #3574, #2040 ) ;
#435 = VECTOR ( 'NONE', #5077, 1000.000000000000000 ) ;
#436 = EDGE_CURVE ( 'NONE', #8626, #7419, #8561, .T. ) ;
#437 = VERTEX_POINT ( 'NONE', #3523 ) ;
#438 = CARTESIAN_POINT ( 'NONE',  ( 21.40710678118648502, 60.00000000000000000, -19.71005050633883826 ) ) ;
#439 = CARTESIAN_POINT ( 'NONE',  ( -2.487954447961478355, 51.67306527149102635, 7.373033645974973460 ) ) ;
#440 = VERTEX_POINT ( 'NONE', #8011 ) ;
#441 = VERTEX_POINT ( 'NONE', #7318 ) ;
#442 = AXIS2_PLACEMENT_3D ( 'NONE', #1303, #3545, #5048 ) ;
#443 = CARTESIAN_POINT ( 'NONE',  ( 11.57212953677378842, 41.09878994752403258, -20.12492673807397026 ) ) ;
#444 = DIRECTION ( 'NONE',  ( -0.000000000000000000, -1.000000000000000000, -0.000000000000000000 ) ) ;
#445 = DIRECTION ( 'NONE',  ( -0.000000000000000000, -1.000000000000000000, -0.000000000000000000 ) ) ;
#446 = FACE_BOUND ( 'NONE', #2107, .T. ) ;
#447 = EDGE_CURVE ( 'NONE', #4592, #4230, #2024, .T. ) ;
#448 = EDGE_CURVE ( 'NONE', #827, #3297, #432, .T. ) ;
#449 = DIRECTION ( 'NONE',  ( -1.000000000000000000, 0.000000000000000000, 0.000000000000000000 ) ) ;
#450 = CARTESIAN_POINT ( 'NONE',  ( 6.599999999999997868, 24.00000000000000000, -59.00000000000000000 ) ) ;
#451 = VECTOR ( 'NONE', #1839, 1000.000000000000000 ) ;
#452 = ORIENTED_EDGE ( 'NONE', *, *, #4567, .T. ) ;
#453 = VERTEX_POINT ( 'NONE', #5777 ) ;
#454 = AXIS2_PLACEMENT_3D ( 'NONE', #4185, #2688, #992 ) ;
#455 = LINE ( 'NONE', #8083, #1066 ) ;
#456 = DIRECTION ( 'NONE',  ( 0.000000000000000000, 0.000000000000000000, -1.000000000000000000 ) ) ;
#457 = CARTESIAN_POINT ( 'NONE',  ( 12.21715728752552010, 16.00000000000000000, -6.600000000000000533 ) ) ;
#458 = CARTESIAN_POINT ( 'NONE',  ( -1.999999999999998224, 45.65000000000000568, 54.49999999999998579 ) ) ;
#459 = ORIENTED_EDGE ( 'NONE', *, *, #4676, .F. ) ;
#460 = AXIS2_PLACEMENT_3D ( 'NONE', #5247, #4580, #5895 ) ;
#461 = VECTOR ( 'NONE', #1641, 1000.000000000000000 ) ;
#462 = ORIENTED_EDGE ( 'NONE', *, *, #6951, .F. ) ;
#463 = VERTEX_POINT ( 'NONE', #485 ) ;
#464 = ORIENTED_EDGE ( 'NONE', *, *, #7473, .T. ) ;
#465 = DIRECTION ( 'NONE',  ( -1.341737624371510395E-15, 0.000000000000000000, -1.000000000000000000 ) ) ;
#466 = DIRECTION ( 'NONE',  ( 0.7071067811865482389, 0.000000000000000000, -0.7071067811865469066 ) ) ;
#467 = FACE_OUTER_BOUND ( 'NONE', #2103, .T. ) ;
#468 = ORIENTED_EDGE ( 'NONE', *, *, #8597, .T. ) ;
#469 = CYLINDRICAL_SURFACE ( 'NONE', #1533, 19.97500000000000142 ) ;
#470 = AXIS2_PLACEMENT_3D ( 'NONE', #1971, #5017, #8610 ) ;
#471 = CARTESIAN_POINT ( 'NONE',  ( 0.000000000000000000, 60.00000000000000000, -30.00000000000000000 ) ) ;
#472 = VECTOR ( 'NONE', #3028, 1000.000000000000000 ) ;
#473 = PLANE ( 'NONE',  #1955 ) ;
#474 = EDGE_LOOP ( 'NONE', ( #7929, #3732, #7990, #8199 ) ) ;
#475 = EDGE_CURVE ( 'NONE', #2936, #9338, #4327, .T. ) ;
#476 = LINE ( 'NONE', #3308, #9076 ) ;
#477 = ORIENTED_EDGE ( 'NONE', *, *, #5022, .F. ) ;
#478 = VECTOR ( 'NONE', #2579, 1000.000000000000000 ) ;
#479 = ORIENTED_EDGE ( 'NONE', *, *, #8556, .T. ) ;
#480 = DIRECTION ( 'NONE',  ( 0.000000000000000000, 0.000000000000000000, -1.000000000000000000 ) ) ;
#481 = CARTESIAN_POINT ( 'NONE',  ( 8.592893218813633993, 5.268257714774425615, -19.71005050633883826 ) ) ;
#482 = LINE ( 'NONE', #2075, #9134 ) ;
#483 = DIRECTION ( 'NONE',  ( -1.000000000000000000, 0.000000000000000000, 0.000000000000000000 ) ) ;
#484 = CARTESIAN_POINT ( 'NONE',  ( 6.599999999999997868, 4.151349233333335498, -17.78284271247457582 ) ) ;
#485 = CARTESIAN_POINT ( 'NONE',  ( 33.00000000000000711, 45.65000000000000568, 3.469446951953614189E-15 ) ) ;
#486 = CARTESIAN_POINT ( 'NONE',  ( 31.95002008872551613, 51.83970154738575076, 5.692055017173229814 ) ) ;
#487 = VECTOR ( 'NONE', #5990, 1000.000000000000000 ) ;
#488 = CARTESIAN_POINT ( 'NONE',  ( -2.119868242511828260, 51.78150517092350924, 6.070645676853392736 ) ) ;
#489 = ORIENTED_EDGE ( 'NONE', *, *, #3208, .T. ) ;
#490 = CYLINDRICAL_SURFACE ( 'NONE', #933, 1.500000000000001332 ) ;
#491 = CARTESIAN_POINT ( 'NONE',  ( -0.5945558952347186343, 52.85453502627750311, 2.422684130814398706 ) ) ;
#492 = ORIENTED_EDGE ( 'NONE', *, *, #8580, .F. ) ;
#493 = CIRCLE ( 'NONE', #6869, 1.400000000000000133 ) ;
#494 = VERTEX_POINT ( 'NONE', #9620 ) ;
#495 = CARTESIAN_POINT ( 'NONE',  ( 22.00000000000000000, 32.00000000000000711, -41.49999999999999289 ) ) ;
#496 = CARTESIAN_POINT ( 'NONE',  ( 0.000000000000000000, 0.000000000000000000, 0.000000000000000000 ) ) ;
#497 = UNCERTAINTY_MEASURE_WITH_UNIT (LENGTH_MEASURE( 1.000000000000000082E-05 ), #6878, 'distance_accuracy_value', 'NONE');
#498 = CARTESIAN_POINT ( 'NONE',  ( 1.000000000000004663, 45.65000000000000568, 0.000000000000000000 ) ) ;
#499 = EDGE_CURVE ( 'NONE', #453, #8660, #7840, .T. ) ;
#500 = CYLINDRICAL_SURFACE ( 'NONE', #7475, 1.400000000000000133 ) ;
#501 = AXIS2_PLACEMENT_3D ( 'NONE', #7142, #6400, #8687 ) ;
#502 = CARTESIAN_POINT ( 'NONE',  ( 10.28994949366131095, 60.00000000000000000, -7.299999999999952749 ) ) ;
#503 = DIRECTION ( 'NONE',  ( 0.000000000000000000, 0.000000000000000000, 1.000000000000000000 ) ) ;
#504 = EDGE_LOOP ( 'NONE', ( #4315, #6245, #4060, #4311 ) ) ;
#505 = ORIENTED_EDGE ( 'NONE', *, *, #7648, .T. ) ;
#506 = EDGE_CURVE ( 'NONE', #3967, #3462, #3131, .T. ) ;
#507 = AXIS2_PLACEMENT_3D ( 'NONE', #7650, #6902, #3945 ) ;
#508 = DIRECTION ( 'NONE',  ( 0.000000000000000000, 1.000000000000000000, 0.000000000000000000 ) ) ;
#509 = CARTESIAN_POINT ( 'NONE',  ( 10.28994949366131095, 14.73174228522548823, -8.592893218813408396 ) ) ;
#510 = ORIENTED_EDGE ( 'NONE', *, *, #3851, .F. ) ;
#511 = VECTOR ( 'NONE', #1100, 1000.000000000000000 ) ;
#512 = EDGE_LOOP ( 'NONE', ( #3179, #1951 ) ) ;
#513 = VERTEX_POINT ( 'NONE', #4222 ) ;
#514 = EDGE_CURVE ( 'NONE', #2375, #8683, #5877, .T. ) ;
#515 = ORIENTED_EDGE ( 'NONE', *, *, #3982, .F. ) ;
#516 = DIRECTION ( 'NONE',  ( 0.000000000000000000, -1.000000000000000000, 0.000000000000000000 ) ) ;
#517 = CARTESIAN_POINT ( 'NONE',  ( 6.972726246787667392, 23.03754535467158604, -17.88242241445449565 ) ) ;
#518 = DIRECTION ( 'NONE',  ( -1.000000000000000000, 0.000000000000000000, -9.257989608163444543E-14 ) ) ;
#519 = ORIENTED_EDGE ( 'NONE', *, *, #8793, .F. ) ;
#520 = VECTOR ( 'NONE', #2124, 1000.000000000000000 ) ;
#521 = CARTESIAN_POINT ( 'NONE',  ( 8.592893218813628664, 60.00000000000000000, -10.28994949366116352 ) ) ;
#522 = CARTESIAN_POINT ( 'NONE',  ( 6.105025253169586108, 40.03055035335581380, -12.01213203435591659 ) ) ;
#523 = EDGE_LOOP ( 'NONE', ( #27, #4509, #3567, #3600 ) ) ;
#524 = LINE ( 'NONE', #7551, #3007 ) ;
#525 = ORIENTED_EDGE ( 'NONE', *, *, #7774, .F. ) ;
#526 = VECTOR ( 'NONE', #4919, 1000.000000000000000 ) ;
#527 = ORIENTED_EDGE ( 'NONE', *, *, #9377, .F. ) ;
#528 = DIRECTION ( 'NONE',  ( 0.000000000000000000, 1.000000000000000000, 0.000000000000000000 ) ) ;
#529 = CARTESIAN_POINT ( 'NONE',  ( 21.40710678118648502, 48.56291789525212010, -19.71005050633883826 ) ) ;
#530 = PLANE ( 'NONE',  #4025 ) ;
#531 = CARTESIAN_POINT ( 'NONE',  ( 18.73738723967839803, 45.45574973536155738, -24.64449402086499319 ) ) ;
#532 = EDGE_CURVE ( 'NONE', #3883, #920, #5571, .T. ) ;
#533 = DIRECTION ( 'NONE',  ( -1.000000000000000000, 0.000000000000000000, 0.000000000000000000 ) ) ;
#534 = CARTESIAN_POINT ( 'NONE',  ( 9.099659145546633354, 25.03135154185257250, -10.79671542039416998 ) ) ;
#535 = CIRCLE ( 'NONE', #2445, 1.399999999999998579 ) ;
#536 = CARTESIAN_POINT ( 'NONE',  ( -2.493556514087298837, 51.69305550180109776, 6.894134743857772918 ) ) ;
#537 = ORIENTED_EDGE ( 'NONE', *, *, #8343, .F. ) ;
#538 = CARTESIAN_POINT ( 'NONE',  ( 19.81812252622262704, 49.03289701809467260, -32.49965726091437546 ) ) ;
#539 = LINE ( 'NONE', #9723, #1733 ) ;
#540 = ORIENTED_EDGE ( 'NONE', *, *, #1577, .T. ) ;
#541 = EDGE_CURVE ( 'NONE', #6796, #9609, #7411, .T. ) ;
#542 = EDGE_CURVE ( 'NONE', #2414, #1939, #5932, .T. ) ;
#543 = EDGE_CURVE ( 'NONE', #4689, #7103, #3542, .T. ) ;
#544 = VERTEX_POINT ( 'NONE', #3419 ) ;
#545 = LINE ( 'NONE', #2879, #5827 ) ;
#546 = CARTESIAN_POINT ( 'NONE',  ( 13.99999999999999822, 29.00000000000000000, -33.00000000000000000 ) ) ;
#547 = DIRECTION ( 'NONE',  ( 0.000000000000000000, 0.000000000000000000, -1.000000000000000000 ) ) ;
#548 = FACE_OUTER_BOUND ( 'NONE', #2307, .T. ) ;
#549 = DIRECTION ( 'NONE',  ( -0.000000000000000000, -0.000000000000000000, 1.000000000000000000 ) ) ;
#550 = CARTESIAN_POINT ( 'NONE',  ( 26.50000000000000355, 45.65000000000000568, 38.99999999999998579 ) ) ;
#551 =( BOUNDED_CURVE ( )  B_SPLINE_CURVE ( 3, ( #2128, #4744, #4696, #7745 ),
 .UNSPECIFIED., .F., .T. ) 
 B_SPLINE_CURVE_WITH_KNOTS ( ( 4, 4 ),
 ( 5.149689057987649754, 6.283185307179586232 ),
 .UNSPECIFIED. ) 
 CURVE ( )  GEOMETRIC_REPRESENTATION_ITEM ( )  RATIONAL_B_SPLINE_CURVE ( ( 1.000000000000000000, 0.8957675578916527437, 0.8957675578916527437, 1.000000000000000000 ) ) 
 REPRESENTATION_ITEM ( '' )  );
#552 = ORIENTED_EDGE ( 'NONE', *, *, #6451, .T. ) ;
#553 = ADVANCED_FACE ( 'NONE', ( #6474 ), #9514, .F. ) ;
#554 = EDGE_LOOP ( 'NONE', ( #728, #9786, #5109, #5267, #1663, #2069, #9754, #5745, #9865, #8505, #9213, #8493 ) ) ;
#555 = CARTESIAN_POINT ( 'NONE',  ( 4.999999999999998224, 63.00000000000000000, -24.99999999999999645 ) ) ;
#556 = CARTESIAN_POINT ( 'NONE',  ( 1.402960874399587832, 54.65509729954510476, 1.750594378611756818 ) ) ;
#557 = DIRECTION ( 'NONE',  ( 0.000000000000000000, 0.000000000000000000, 1.000000000000000000 ) ) ;
#558 = VERTEX_POINT ( 'NONE', #9571 ) ;
#559 = ORIENTED_EDGE ( 'NONE', *, *, #1808, .T. ) ;
#560 = ORIENTED_EDGE ( 'NONE', *, *, #9079, .T. ) ;
#561 = AXIS2_PLACEMENT_3D ( 'NONE', #1437, #6636, #5237 ) ;
#562 = ORIENTED_EDGE ( 'NONE', *, *, #598, .T. ) ;
#563 = CARTESIAN_POINT ( 'NONE',  ( -3.000000000000000000, 51.64999999999999858, 8.000000000000000000 ) ) ;
#564 = CARTESIAN_POINT ( 'NONE',  ( 28.84014532463664793, 53.98730610539561070, 2.346010426833958551 ) ) ;
#565 = ORIENTED_EDGE ( 'NONE', *, *, #2054, .F. ) ;
#566 = CARTESIAN_POINT ( 'NONE',  ( 0.000000000000000000, 45.65000000000000568, -2.999999999999996447 ) ) ;
#567 = CARTESIAN_POINT ( 'NONE',  ( 21.40710678118649568, 22.73174228522552909, -10.28994949366116529 ) ) ;
#568 = CARTESIAN_POINT ( 'NONE',  ( 12.21427824533482287, 41.34637447705179625, -6.752842961046258807 ) ) ;
#569 = AXIS2_PLACEMENT_3D ( 'NONE', #678, #8205, #8968 ) ;
#570 = EDGE_CURVE ( 'NONE', #6167, #9448, #3699, .T. ) ;
#571 = LINE ( 'NONE', #2068, #6056 ) ;
#572 = ORIENTED_EDGE ( 'NONE', *, *, #6466, .F. ) ;
#573 = ORIENTED_EDGE ( 'NONE', *, *, #4340, .F. ) ;
#574 = DIRECTION ( 'NONE',  ( -1.000000000000000000, 0.000000000000000000, 0.000000000000000000 ) ) ;
#575 = CIRCLE ( 'NONE', #5526, 19.99999999999999645 ) ;
#576 = PRODUCT_CONTEXT ( 'NONE', #3244, 'mechanical' ) ;
#577 = DIRECTION ( 'NONE',  ( 0.000000000000000000, 0.000000000000000000, -1.000000000000000000 ) ) ;
#578 = DIRECTION ( 'NONE',  ( -1.000000000000000000, 0.000000000000000000, 0.000000000000000000 ) ) ;
#579 = CARTESIAN_POINT ( 'NONE',  ( 30.50000000000000355, 51.64999999999999858, 24.99999999999998579 ) ) ;
#580 = CARTESIAN_POINT ( 'NONE',  ( 18.48284271247459642, 34.78756443470181381, -7.299999999999950973 ) ) ;
#581 = CARTESIAN_POINT ( 'NONE',  ( 6.105025253169586108, 40.03055035335581380, -17.98786796564399282 ) ) ;
#582 = CARTESIAN_POINT ( 'NONE',  ( 33.00000000000000000, 51.64999999999999858, 8.000000000000000000 ) ) ;
#583 = ORIENTED_EDGE ( 'NONE', *, *, #296, .T. ) ;
#584 = ADVANCED_FACE ( 'NONE', ( #5283 ), #8263, .F. ) ;
#585 = CARTESIAN_POINT ( 'NONE',  ( 16.76537888146640043, 50.34444023278627611, -30.46984561046110329 ) ) ;
#586 = DIRECTION ( 'NONE',  ( 0.000000000000000000, -1.000000000000000000, 0.000000000000000000 ) ) ;
#587 = VECTOR ( 'NONE', #8762, 1000.000000000000000 ) ;
#588 = VERTEX_POINT ( 'NONE', #1427 ) ;
#589 = VERTEX_POINT ( 'NONE', #821 ) ;
#590 = PLANE ( 'NONE',  #5035 ) ;
#591 = FACE_OUTER_BOUND ( 'NONE', #3952, .T. ) ;
#592 = ADVANCED_FACE ( 'NONE', ( #3765 ), #5335, .T. ) ;
#593 = CARTESIAN_POINT ( 'NONE',  ( 12.19705627484777111, 60.00000000000000000, -19.49999999999998579 ) ) ;
#594 = CARTESIAN_POINT ( 'NONE',  ( 20.60000000000000142, 4.000000000000000000, -4.705025253169418775 ) ) ;
#595 = ADVANCED_FACE ( 'NONE', ( #6769 ), #7611, .F. ) ;
#596 = FACE_OUTER_BOUND ( 'NONE', #5512, .T. ) ;
#597 = CARTESIAN_POINT ( 'NONE',  ( 18.03480914925307488, 44.83048114197332268, -22.84814186542929804 ) ) ;
#598 = EDGE_CURVE ( 'NONE', #7080, #6152, #1866, .T. ) ;
#599 = CIRCLE ( 'NONE', #285, 1.399999999999998579 ) ;
#600 = ORIENTED_EDGE ( 'NONE', *, *, #6792, .T. ) ;
#601 = VERTEX_POINT ( 'NONE', #2274 ) ;
#602 = CARTESIAN_POINT ( 'NONE',  ( 22.00000000000000000, 31.00000000000000000, -59.00000000000000000 ) ) ;
#603 = VECTOR ( 'NONE', #940, 1000.000000000000000 ) ;
#604 = PRODUCT ( 'endJ3bearinghousing', 'endJ3bearinghousing', '', ( #576 ) ) ;
#605 = EDGE_CURVE ( 'NONE', #7148, #9645, #8209, .T. ) ;
#606 = CARTESIAN_POINT ( 'NONE',  ( 1.276896381784486723, 54.25264772241775546, 2.092184106699171320 ) ) ;
#607 = CARTESIAN_POINT ( 'NONE',  ( 11.67051310635670980, 34.79479777756032632, -22.71293606494813133 ) ) ;
#608 = EDGE_LOOP ( 'NONE', ( #6035, #5622, #5160, #6500, #3551 ) ) ;
#609 = ORIENTED_EDGE ( 'NONE', *, *, #8249, .F. ) ;
#610 = CIRCLE ( 'NONE', #1434, 1.499999999999999556 ) ;
#611 = VERTEX_POINT ( 'NONE', #2171 ) ;
#612 = VERTEX_POINT ( 'NONE', #1374 ) ;
#613 = EDGE_CURVE ( 'NONE', #917, #6796, #7227, .T. ) ;
#614 = CARTESIAN_POINT ( 'NONE',  ( 29.00186477343679314, 53.70036853417941103, 2.651916431451980749 ) ) ;
#615 = ORIENTED_EDGE ( 'NONE', *, *, #7780, .T. ) ;
#616 = CARTESIAN_POINT ( 'NONE',  ( 0.000000000000000000, 60.00000000000000000, -2.999999999999996447 ) ) ;
#617 = DIRECTION ( 'NONE',  ( 0.000000000000000000, 0.000000000000000000, 1.000000000000000000 ) ) ;
#618 = LINE ( 'NONE', #3661, #5954 ) ;
#619 = CIRCLE ( 'NONE', #5095, 1.399999999999998579 ) ;
#620 = CIRCLE ( 'NONE', #7467, 1.500000000000001332 ) ;
#621 = CARTESIAN_POINT ( 'NONE',  ( 32.40410873699073591, 51.70851705603398329, 6.698045685434558472 ) ) ;
#622 = CARTESIAN_POINT ( 'NONE',  ( 30.00000000000000000, 54.65000000000000568, -0.07774721070174327175 ) ) ;
#623 = ORIENTED_EDGE ( 'NONE', *, *, #3063, .F. ) ;
#624 = CIRCLE ( 'NONE', #7001, 1.399999999999998579 ) ;
#625 = ORIENTED_EDGE ( 'NONE', *, *, #5981, .F. ) ;
#626 = PLANE ( 'NONE',  #267 ) ;
#627 = VECTOR ( 'NONE', #1189, 1000.000000000000000 ) ;
#628 = EDGE_CURVE ( 'NONE', #832, #4156, #3062, .T. ) ;
#629 = CARTESIAN_POINT ( 'NONE',  ( 28.50000000000000000, 59.64999999999999858, 0.000000000000000000 ) ) ;
#630 = DIRECTION ( 'NONE',  ( 1.000000000000000000, 0.000000000000000000, 0.000000000000000000 ) ) ;
#631 = FACE_OUTER_BOUND ( 'NONE', #4529, .T. ) ;
#632 = DIRECTION ( 'NONE',  ( 0.000000000000000000, 1.000000000000000000, 0.000000000000000000 ) ) ;
#633 = DIRECTION ( 'NONE',  ( 0.000000000000000000, -1.000000000000000000, 0.000000000000000000 ) ) ;
#634 = CARTESIAN_POINT ( 'NONE',  ( 24.99999999999999289, 57.76312941133897993, -10.90710678118646371 ) ) ;
#635 = ORIENTED_EDGE ( 'NONE', *, *, #6839, .T. ) ;
#636 = LINE ( 'NONE', #2775, #4602 ) ;
#637 = VECTOR ( 'NONE', #1138, 1000.000000000000000 ) ;
#638 = DIRECTION ( 'NONE',  ( 0.000000000000000000, 0.000000000000000000, -1.000000000000000000 ) ) ;
#639 = AXIS2_PLACEMENT_3D ( 'NONE', #9356, #6268, #3914 ) ;
#640 = ORIENTED_EDGE ( 'NONE', *, *, #7478, .F. ) ;
#641 = EDGE_LOOP ( 'NONE', ( #3599, #2287, #2535, #6159 ) ) ;
#642 = ADVANCED_FACE ( 'NONE', ( #8358 ), #6076, .F. ) ;
#643 = LINE ( 'NONE', #1340, #8855 ) ;
#644 = COLOUR_RGB ( '',0.7921568627450980005, 0.8196078431372548767, 0.9333333333333333481 ) ;
#645 = CARTESIAN_POINT ( 'NONE',  ( 11.51715728752552970, 60.00000000000000000, -7.299999999999952749 ) ) ;
#646 = CARTESIAN_POINT ( 'NONE',  ( 7.300000000000174794, 40.13269016701055847, -18.48284271247462840 ) ) ;
#647 = CARTESIAN_POINT ( 'NONE',  ( 14.99999999999987566, 60.00000000000000711, 1.500000000000031530 ) ) ;
#648 = CYLINDRICAL_SURFACE ( 'NONE', #6535, 0.7000000000000027311 ) ;
#649 = DIRECTION ( 'NONE',  ( -0.000000000000000000, -1.000000000000000000, -0.000000000000000000 ) ) ;
#650 = CARTESIAN_POINT ( 'NONE',  ( 7.999999999999998224, 4.000000000000000000, -4.705025253169417887 ) ) ;
#651 = VECTOR ( 'NONE', #5660, 1000.000000000000000 ) ;
#652 = ORIENTED_EDGE ( 'NONE', *, *, #3344, .F. ) ;
#653 = ORIENTED_EDGE ( 'NONE', *, *, #2152, .F. ) ;
#654 = LINE ( 'NONE', #3738, #3925 ) ;
#655 = CARTESIAN_POINT ( 'NONE',  ( 10.90710678118672661, 40.89225053870399762, -4.999999999999996447 ) ) ;
#656 = EDGE_CURVE ( 'NONE', #5551, #3923, #46, .T. ) ;
#657 = DIRECTION ( 'NONE',  ( -0.000000000000000000, -1.000000000000000000, -0.000000000000000000 ) ) ;
#658 = CARTESIAN_POINT ( 'NONE',  ( 12.13690112637268292, 35.09521926421067661, -23.07090242148503378 ) ) ;
#659 = ORIENTED_EDGE ( 'NONE', *, *, #358, .T. ) ;
#660 = ORIENTED_EDGE ( 'NONE', *, *, #3116, .F. ) ;
#661 = ORIENTED_EDGE ( 'NONE', *, *, #7356, .T. ) ;
#662 = EDGE_CURVE ( 'NONE', #987, #9763, #3819, .T. ) ;
#663 = EDGE_CURVE ( 'NONE', #4534, #7773, #906, .T. ) ;
#664 = CARTESIAN_POINT ( 'NONE',  ( -3.104132554771041867E-14, 60.00000000000000711, -16.49999999999998579 ) ) ;
#665 = VERTEX_POINT ( 'NONE', #1717 ) ;
#666 = CARTESIAN_POINT ( 'NONE',  ( 10.79671542039444532, 17.03135154185272171, -9.099659145546540984 ) ) ;
#667 = B_SPLINE_CURVE_WITH_KNOTS ( 'NONE', 3,
 ( #1191, #7233, #6492, #5743, #7479, #1497, #8227, #696, #597, #3638, #6645, #3735 ),
 .UNSPECIFIED., .F., .F.,
 ( 4, 2, 2, 2, 2, 4 ),
 ( 0.000000000000000000, 0.0004657828675269896782, 0.0006986743012904844631, 0.0009315657350539793564, 0.001397348602580976732, 0.001863131470107974108 ),
 .UNSPECIFIED. ) ;
#668 = CARTESIAN_POINT ( 'NONE',  ( -6.999999999999999112, 30.00000000000000355, -12.50000000000000355 ) ) ;
#669 = FACE_OUTER_BOUND ( 'NONE', #2176, .T. ) ;
#670 = CARTESIAN_POINT ( 'NONE',  ( 30.00000000000000355, 54.65000000000000568, -0.07774721070174327175 ) ) ;
#671 = CARTESIAN_POINT ( 'NONE',  ( 7.300000000000173905, 40.13269016701055847, -19.71005050633883826 ) ) ;
#672 = VERTEX_POINT ( 'NONE', #5618 ) ;
#673 = EDGE_CURVE ( 'NONE', #9795, #8996, #2742, .T. ) ;
#674 = ORIENTED_EDGE ( 'NONE', *, *, #8671, .T. ) ;
#675 = FACE_OUTER_BOUND ( 'NONE', #6504, .T. ) ;
#676 = DIRECTION ( 'NONE',  ( -0.000000000000000000, -1.000000000000000000, -0.000000000000000000 ) ) ;
#677 = LINE ( 'NONE', #7455, #3555 ) ;
#678 = CARTESIAN_POINT ( 'NONE',  ( 10.28994949366131095, 60.00000000000000000, -8.592893218813408396 ) ) ;
#679 = DIRECTION ( 'NONE',  ( -0.000000000000000000, -1.000000000000000000, -0.000000000000000000 ) ) ;
#680 = CARTESIAN_POINT ( 'NONE',  ( 10.28994949366122214, 0.000000000000000000, -21.40710678118653121 ) ) ;
#681 = CARTESIAN_POINT ( 'NONE',  ( 23.89497474683053824, 53.44409202957850624, -12.01213203435591836 ) ) ;
#682 = ORIENTED_EDGE ( 'NONE', *, *, #4890, .F. ) ;
#683 = CIRCLE ( 'NONE', #2592, 1.500000000000001332 ) ;
#684 = FACE_OUTER_BOUND ( 'NONE', #355, .T. ) ;
#685 = CARTESIAN_POINT ( 'NONE',  ( 15.00000000000000000, 63.00000000000000000, -34.97500000000000853 ) ) ;
#686 = ORIENTED_EDGE ( 'NONE', *, *, #8545, .F. ) ;
#687 = ORIENTED_EDGE ( 'NONE', *, *, #5981, .T. ) ;
#688 = FACE_OUTER_BOUND ( 'NONE', #2018, .T. ) ;
#689 = VECTOR ( 'NONE', #1311, 1000.000000000000000 ) ;
#690 = FACE_OUTER_BOUND ( 'NONE', #1405, .T. ) ;
#691 = CARTESIAN_POINT ( 'NONE',  ( -3.000000000000005773, 51.64999999999999858, 56.50000000000000000 ) ) ;
#692 = DIRECTION ( 'NONE',  ( 0.000000000000000000, 0.000000000000000000, -1.000000000000000000 ) ) ;
#693 = ORIENTED_EDGE ( 'NONE', *, *, #4214, .T. ) ;
#694 = LINE ( 'NONE', #4629, #4297 ) ;
#695 = DIRECTION ( 'NONE',  ( -6.188934370712446878E-16, 0.000000000000000000, 1.000000000000000000 ) ) ;
#696 = CARTESIAN_POINT ( 'NONE',  ( 17.93353570768047334, 44.74445664074639950, -22.94252264389038487 ) ) ;
#697 = CIRCLE ( 'NONE', #1165, 1.500000000000001332 ) ;
#698 = ORIENTED_EDGE ( 'NONE', *, *, #3006, .F. ) ;
#699 = ORIENTED_EDGE ( 'NONE', *, *, #1148, .T. ) ;
#700 = DIRECTION ( 'NONE',  ( -1.000000000000000000, 0.000000000000000000, 8.855468320851990103E-14 ) ) ;
#701 = CARTESIAN_POINT ( 'NONE',  ( 27.00000000000000000, 49.00000000000000000, -33.00000000000000000 ) ) ;
#702 = CARTESIAN_POINT ( 'NONE',  ( -6.999999999999999112, 16.00000000000000000, -8.000000000000000000 ) ) ;
#703 = CARTESIAN_POINT ( 'NONE',  ( -2.229752172854091441, 51.70592318601875093, 7.055721108125259988 ) ) ;
#704 = CARTESIAN_POINT ( 'NONE',  ( 11.87814818815651030, 34.84735084955299556, -22.79627221797502656 ) ) ;
#705 = ORIENTED_EDGE ( 'NONE', *, *, #8046, .F. ) ;
#706 = VERTEX_POINT ( 'NONE', #2565 ) ;
#707 = ADVANCED_FACE ( 'NONE', ( #223 ), #3255, .F. ) ;
#708 = ORIENTED_EDGE ( 'NONE', *, *, #8960, .T. ) ;
#709 = CARTESIAN_POINT ( 'NONE',  ( 8.592893218813633993, 60.00000000000000000, -19.71005050633883826 ) ) ;
#710 = ORIENTED_EDGE ( 'NONE', *, *, #8679, .T. ) ;
#711 = FACE_OUTER_BOUND ( 'NONE', #9107, .T. ) ;
#712 = CARTESIAN_POINT ( 'NONE',  ( 4.705025253169601740, 0.000000000000000000, -19.38786796564397719 ) ) ;
#713 = ADVANCED_FACE ( 'NONE', ( #9307 ), #4010, .F. ) ;
#714 = CARTESIAN_POINT ( 'NONE',  ( 30.42482946825165868, 53.11011389280604789, 1.931432457121706747 ) ) ;
#715 = EDGE_CURVE ( 'NONE', #2226, #9168, #3859, .T. ) ;
#716 = ADVANCED_FACE ( 'NONE', ( #5572 ), #8606, .F. ) ;
#717 = DIRECTION ( 'NONE',  ( 0.7071067811865474617, 0.000000000000000000, 0.7071067811865474617 ) ) ;
#718 = EDGE_LOOP ( 'NONE', ( #5970, #9818, #362, #4780, #1844, #8886, #2254, #1607 ) ) ;
#719 = ORIENTED_EDGE ( 'NONE', *, *, #1014, .F. ) ;
#720 = FACE_OUTER_BOUND ( 'NONE', #8650, .T. ) ;
#721 =( BOUNDED_CURVE ( )  B_SPLINE_CURVE ( 3, ( #5119, #7952, #2066, #5816 ),
 .UNSPECIFIED., .F., .T. ) 
 B_SPLINE_CURVE_WITH_KNOTS ( ( 4, 4 ),
 ( 5.149689057987783869, 6.283185307179586232 ),
 .UNSPECIFIED. ) 
 CURVE ( )  GEOMETRIC_REPRESENTATION_ITEM ( )  RATIONAL_B_SPLINE_CURVE ( ( 1.000000000000000000, 0.8957675578916767245, 0.8957675578916767245, 1.000000000000000000 ) ) 
 REPRESENTATION_ITEM ( '' )  );
#722 = CARTESIAN_POINT ( 'NONE',  ( 19.20328457960573232, 34.96864845814728540, -9.099659145546540984 ) ) ;
#723 = CARTESIAN_POINT ( 'NONE',  ( 7.300000000000174794, 40.13269016701055847, -4.999999999999996447 ) ) ;
#724 = DIRECTION ( 'NONE',  ( -0.000000000000000000, -1.000000000000000000, -0.000000000000000000 ) ) ;
#725 = CARTESIAN_POINT ( 'NONE',  ( -3.000000000000000000, 54.65000000000000568, 0.000000000000000000 ) ) ;
#726 = VECTOR ( 'NONE', #2633, 1000.000000000000000 ) ;
#727 = CARTESIAN_POINT ( 'NONE',  ( 17.79184219656478305, 16.59144235812140522, -23.27795430778627406 ) ) ;
#728 = ORIENTED_EDGE ( 'NONE', *, *, #4565, .T. ) ;
#729 = EDGE_CURVE ( 'NONE', #1080, #9563, #327, .T. ) ;
#730 = DIRECTION ( 'NONE',  ( 1.000000000000000000, -0.000000000000000000, -0.000000000000000000 ) ) ;
#731 = CARTESIAN_POINT ( 'NONE',  ( 30.00000000000000000, 10.00000000000000178, -12.50000000000000000 ) ) ;
#732 = ORIENTED_EDGE ( 'NONE', *, *, #8899, .T. ) ;
#733 = CIRCLE ( 'NONE', #96, 1.400000000000000133 ) ;
#734 = ORIENTED_EDGE ( 'NONE', *, *, #7213, .T. ) ;
#735 = CARTESIAN_POINT ( 'NONE',  ( -6.999999999999999112, 14.78756443470178361, -22.69999999999998863 ) ) ;
#736 = CARTESIAN_POINT ( 'NONE',  ( 28.50000000000000000, 60.00000000000000000, 0.000000000000000000 ) ) ;
#737 = DIRECTION ( 'NONE',  ( 5.873343889775965467E-16, 0.000000000000000000, -1.000000000000000000 ) ) ;
#738 = CARTESIAN_POINT ( 'NONE',  ( 27.00000000000000000, 49.00000000000000000, -33.00000000000000000 ) ) ;
#739 = ORIENTED_EDGE ( 'NONE', *, *, #6329, .F. ) ;
#740 = DIRECTION ( 'NONE',  ( 0.000000000000000000, 0.000000000000000000, -1.000000000000000000 ) ) ;
#741 = CIRCLE ( 'NONE', #420, 1.400000000000000133 ) ;
#742 = DIRECTION ( 'NONE',  ( -0.000000000000000000, -0.000000000000000000, 1.000000000000000000 ) ) ;
#743 = PLANE ( 'NONE',  #6841 ) ;
#744 = VERTEX_POINT ( 'NONE', #3305 ) ;
#745 = EDGE_CURVE ( 'NONE', #2097, #8807, #3381, .T. ) ;
#746 = ORIENTED_EDGE ( 'NONE', *, *, #2646, .T. ) ;
#747 = CARTESIAN_POINT ( 'NONE',  ( 1.000000000000004663, 45.65000000000000568, 52.99999999999998579 ) ) ;
#748 = LINE ( 'NONE', #7959, #4883 ) ;
#749 = CARTESIAN_POINT ( 'NONE',  ( -6.999999999999999112, 36.00000000000000711, -6.599999999999994316 ) ) ;
#750 = EDGE_CURVE ( 'NONE', #3941, #7338, #5478, .T. ) ;
#751 = LINE ( 'NONE', #1648, #6819 ) ;
#752 = EDGE_CURVE ( 'NONE', #8635, #9550, #9456, .T. ) ;
#753 = CARTESIAN_POINT ( 'NONE',  ( -0.08489722494082260762, 52.55260660036628195, 4.308509585158238231 ) ) ;
#754 = DIRECTION ( 'NONE',  ( 0.000000000000000000, 1.000000000000000000, 0.000000000000000000 ) ) ;
#755 = CIRCLE ( 'NONE', #7915, 1.500000000000001332 ) ;
#756 = EDGE_LOOP ( 'NONE', ( #4633, #6900 ) ) ;
#757 = VERTEX_POINT ( 'NONE', #1669 ) ;
#758 = ORIENTED_EDGE ( 'NONE', *, *, #4554, .F. ) ;
#759 = VECTOR ( 'NONE', #4243, 1000.000000000000000 ) ;
#760 = DIRECTION ( 'NONE',  ( 0.000000000000000000, 0.000000000000000000, 1.000000000000000000 ) ) ;
#761 = EDGE_LOOP ( 'NONE', ( #9505, #5341, #3348, #2280 ) ) ;
#762 = DIRECTION ( 'NONE',  ( -0.000000000000000000, -1.000000000000000000, -0.000000000000000000 ) ) ;
#763 = CARTESIAN_POINT ( 'NONE',  ( -9.830099697201904239E-15, 45.65000000000000568, 59.50000000000000711 ) ) ;
#764 = CARTESIAN_POINT ( 'NONE',  ( 30.00000000000000000, 48.64589803375032062, -30.00000000000000000 ) ) ;
#765 = VECTOR ( 'NONE', #4925, 1000.000000000000000 ) ;
#766 = EDGE_LOOP ( 'NONE', ( #1835, #4996 ) ) ;
#767 = VERTEX_POINT ( 'NONE', #3358 ) ;
#768 = DIRECTION ( 'NONE',  ( 0.000000000000000000, -0.000000000000000000, 1.000000000000000000 ) ) ;
#769 = DIRECTION ( 'NONE',  ( 1.000000000000000000, 0.000000000000000000, 0.000000000000000000 ) ) ;
#770 = DIRECTION ( 'NONE',  ( 6.938893903907237252E-16, 0.000000000000000000, -1.000000000000000000 ) ) ;
#771 = CARTESIAN_POINT ( 'NONE',  ( 4.999999999999997335, 60.00000000000000000, -22.69999999999998863 ) ) ;
#772 = AXIS2_PLACEMENT_3D ( 'NONE', #8945, #7343, #9641 ) ;
#773 = CARTESIAN_POINT ( 'NONE',  ( 19.71005050633881339, 14.73174228522548823, -8.592893218813411949 ) ) ;
#774 = AXIS2_PLACEMENT_3D ( 'NONE', #5742, #4139, #941 ) ;
#775 = CARTESIAN_POINT ( 'NONE',  ( 6.105025253169586108, 40.03055035335581380, -12.01213203435591659 ) ) ;
#776 = EDGE_CURVE ( 'NONE', #3939, #6536, #6254, .T. ) ;
#777 = ORIENTED_EDGE ( 'NONE', *, *, #4195, .F. ) ;
#778 = CARTESIAN_POINT ( 'NONE',  ( 7.300000000000169464, 60.00000000000000000, -10.28994949366116352 ) ) ;
#779 = LINE ( 'NONE', #6169, #4448 ) ;
#780 = ORIENTED_EDGE ( 'NONE', *, *, #7061, .F. ) ;
#781 = AXIS2_PLACEMENT_3D ( 'NONE', #986, #3881, #9226 ) ;
#782 = CIRCLE ( 'NONE', #3483, 1.399999999999998579 ) ;
#783 = ORIENTED_EDGE ( 'NONE', *, *, #8718, .T. ) ;
#784 = EDGE_CURVE ( 'NONE', #9135, #6453, #4707, .T. ) ;
#785 = CARTESIAN_POINT ( 'NONE',  ( 15.00000000000008171, 60.00000000000000711, -30.00000000000002842 ) ) ;
#786 = PRESENTATION_STYLE_ASSIGNMENT (( #7675 ) ) ;
#787 = DIRECTION ( 'NONE',  ( -1.000000000000000000, 0.000000000000000000, -6.195440985631460248E-16 ) ) ;
#788 = CARTESIAN_POINT ( 'NONE',  ( 25.29497474683052616, 60.00000000000000000, -4.705025253169412558 ) ) ;
#789 = CIRCLE ( 'NONE', #937, 1.400000000000000133 ) ;
#790 = ORIENTED_EDGE ( 'NONE', *, *, #391, .T. ) ;
#791 = LINE ( 'NONE', #7528, #5263 ) ;
#792 = DIRECTION ( 'NONE',  ( -0.000000000000000000, -0.000000000000000000, 1.000000000000000000 ) ) ;
#793 = CARTESIAN_POINT ( 'NONE',  ( -1.237248739674573494, 51.94596155706764051, 5.821101197455662124 ) ) ;
#794 = VECTOR ( 'NONE', #7730, 1000.000000000000000 ) ;
#795 = EDGE_LOOP ( 'NONE', ( #3478, #1020, #7293, #462 ) ) ;
#796 = ORIENTED_EDGE ( 'NONE', *, *, #6488, .F. ) ;
#797 = EDGE_CURVE ( 'NONE', #6581, #757, #5152, .T. ) ;
#798 = DIRECTION ( 'NONE',  ( 0.000000000000000000, 0.000000000000000000, -1.000000000000000000 ) ) ;
#799 = EDGE_CURVE ( 'NONE', #8382, #4774, #7252, .T. ) ;
#800 = CARTESIAN_POINT ( 'NONE',  ( -6.000000000000012434, 51.64999999999999858, 3.000000000000003997 ) ) ;
#801 = DIRECTION ( 'NONE',  ( -0.000000000000000000, -1.000000000000000000, -0.000000000000000000 ) ) ;
#802 = DIRECTION ( 'NONE',  ( 0.000000000000000000, 0.000000000000000000, 1.000000000000000000 ) ) ;
#803 = CIRCLE ( 'NONE', #5591, 1.399999999999998579 ) ;
#804 = CARTESIAN_POINT ( 'NONE',  ( -2.600257317448533279, 51.66497789394481543, 7.510639710014083370 ) ) ;
#805 = FACE_OUTER_BOUND ( 'NONE', #7646, .T. ) ;
#806 = ORIENTED_EDGE ( 'NONE', *, *, #9409, .F. ) ;
#807 = ORIENTED_EDGE ( 'NONE', *, *, #4666, .F. ) ;
#808 = B_SPLINE_CURVE_WITH_KNOTS ( 'NONE', 3,
 ( #1132, #5589, #5491, #4029, #9274, #2628, #8520, #345, #5680, #4176, #2480, #2531 ),
 .UNSPECIFIED., .F., .F.,
 ( 4, 2, 2, 2, 2, 4 ),
 ( 0.005475777389517975415, 0.005932063654698208413, 0.006160206787288334020, 0.006388349919878460494, 0.006844636185058696962, 0.007300922450238932562 ),
 .UNSPECIFIED. ) ;
#809 = VERTEX_POINT ( 'NONE', #3609 ) ;
#810 = CARTESIAN_POINT ( 'NONE',  ( 4.999999999999998224, 60.00000000000000000, -24.99999999999999645 ) ) ;
#811 = LINE ( 'NONE', #164, #9113 ) ;
#812 = DIRECTION ( 'NONE',  ( 1.000000000000000000, -0.000000000000000000, -0.000000000000000000 ) ) ;
#813 = CARTESIAN_POINT ( 'NONE',  ( 30.00833988478037639, 54.39547834306961249, 0.1682461595741468474 ) ) ;
#814 = ORIENTED_EDGE ( 'NONE', *, *, #1910, .F. ) ;
#815 = VERTEX_POINT ( 'NONE', #2807 ) ;
#816 = DIRECTION ( 'NONE',  ( -0.000000000000000000, -1.000000000000000000, -0.000000000000000000 ) ) ;
#817 = DIRECTION ( 'NONE',  ( 1.000000000000000000, -0.000000000000000000, -0.000000000000000000 ) ) ;
#818 = ORIENTED_EDGE ( 'NONE', *, *, #5712, .F. ) ;
#819 = CARTESIAN_POINT ( 'NONE',  ( 4.705025253169601740, 36.00000000000000711, -7.999999999999994671 ) ) ;
#820 = DIRECTION ( 'NONE',  ( -0.000000000000000000, -1.000000000000000000, -0.000000000000000000 ) ) ;
#821 = CARTESIAN_POINT ( 'NONE',  ( 3.499999999999999556, 45.65000000000000568, 38.99999999999998579 ) ) ;
#822 = EDGE_LOOP ( 'NONE', ( #2750, #479, #3964, #2190, #3756 ) ) ;
#823 = DIRECTION ( 'NONE',  ( -1.166200656118861713E-16, 0.000000000000000000, 1.000000000000000000 ) ) ;
#824 = CARTESIAN_POINT ( 'NONE',  ( 11.98950982647023267, 14.90893648553812589, -22.87876613302697137 ) ) ;
#825 = ORIENTED_EDGE ( 'NONE', *, *, #9436, .F. ) ;
#826 = EDGE_CURVE ( 'NONE', #1407, #8513, #5661, .T. ) ;
#827 = VERTEX_POINT ( 'NONE', #6566 ) ;
#828 = DIRECTION ( 'NONE',  ( 0.000000000000000000, 0.000000000000000000, 1.000000000000000000 ) ) ;
#829 = PLANE ( 'NONE',  #3830 ) ;
#830 = CARTESIAN_POINT ( 'NONE',  ( 28.50000000000001066, 52.00000000000000711, -30.00000000000000000 ) ) ;
#831 = CARTESIAN_POINT ( 'NONE',  ( 7.300000000000169464, 60.00000000000000000, -10.28994949366116352 ) ) ;
#832 = VERTEX_POINT ( 'NONE', #8906 ) ;
#833 = DIRECTION ( 'NONE',  ( 1.000000000000000000, 0.000000000000000000, 0.000000000000000000 ) ) ;
#834 = DIRECTION ( 'NONE',  ( 1.000000000000000000, 0.000000000000000000, 0.000000000000000000 ) ) ;
#835 = DIRECTION ( 'NONE',  ( -1.000000000000000000, 0.000000000000000000, 8.855468320851990103E-14 ) ) ;
#836 = EDGE_CURVE ( 'NONE', #9443, #4982, #365, .T. ) ;
#837 = ADVANCED_FACE ( 'NONE', ( #8701 ), #1919, .F. ) ;
#838 = CONICAL_SURFACE ( 'NONE', #8494, 3.000000000000002665, 0.7853981633974528309 ) ;
#839 = ORIENTED_EDGE ( 'NONE', *, *, #9312, .T. ) ;
#840 = ORIENTED_EDGE ( 'NONE', *, *, #3741, .T. ) ;
#841 = DIRECTION ( 'NONE',  ( 0.000000000000000000, 0.000000000000000000, -1.000000000000000000 ) ) ;
#842 = DIRECTION ( 'NONE',  ( 1.000000000000000000, -0.000000000000000000, -0.000000000000000000 ) ) ;
#843 = CARTESIAN_POINT ( 'NONE',  ( 19.71005050633889510, 60.00000000000000000, -21.40710678118653121 ) ) ;
#844 = CARTESIAN_POINT ( 'NONE',  ( 19.38786796564398429, 60.00000000000000000, -25.29497474683057945 ) ) ;
#845 = VECTOR ( 'NONE', #7804, 1000.000000000000000 ) ;
#846 = CARTESIAN_POINT ( 'NONE',  ( -1.425008364569223751, 51.88963085378241402, 6.056433578378491056 ) ) ;
#847 = CARTESIAN_POINT ( 'NONE',  ( 10.90710678118671595, 60.00000000000000000, -24.99999999999999645 ) ) ;
#848 = ORIENTED_EDGE ( 'NONE', *, *, #7447, .F. ) ;
#849 = EDGE_CURVE ( 'NONE', #9692, #7982, #721, .T. ) ;
#850 = ORIENTED_EDGE ( 'NONE', *, *, #4796, .T. ) ;
#851 = ORIENTED_EDGE ( 'NONE', *, *, #147, .F. ) ;
#852 = CARTESIAN_POINT ( 'NONE',  ( 10.28994949366127898, 16.00000000000000000, -21.99999999999999645 ) ) ;
#853 = ORIENTED_EDGE ( 'NONE', *, *, #5340, .F. ) ;
#854 = DIRECTION ( 'NONE',  ( -0.000000000000000000, 1.000000000000000000, -0.000000000000000000 ) ) ;
#855 = CARTESIAN_POINT ( 'NONE',  ( -0.5910668406471610847, 52.85889979346230660, 2.413230599338632043 ) ) ;
#856 = FACE_OUTER_BOUND ( 'NONE', #5460, .T. ) ;
#857 = VERTEX_POINT ( 'NONE', #8806 ) ;
#858 = VERTEX_POINT ( 'NONE', #5865 ) ;
#859 = CARTESIAN_POINT ( 'NONE',  ( 6.795214594832031274, 3.271918661242122273, -17.80363681491224881 ) ) ;
#860 = CARTESIAN_POINT ( 'NONE',  ( 23.39999999999999858, 24.00000000000000000, -12.21715728752533359 ) ) ;
#861 = EDGE_LOOP ( 'NONE', ( #7387, #1355, #8995, #998 ) ) ;
#862 = DIRECTION ( 'NONE',  ( -0.000000000000000000, 1.000000000000000000, -0.000000000000000000 ) ) ;
#863 = CARTESIAN_POINT ( 'NONE',  ( 20.60000000000000142, 23.44059295743967297, -18.90294372515227650 ) ) ;
#864 = CARTESIAN_POINT ( 'NONE',  ( 17.82988337109606647, 44.65737792893865077, -6.337479947959551829 ) ) ;
#865 = ADVANCED_FACE ( 'NONE', ( #4314 ), #473, .T. ) ;
#866 = ORIENTED_EDGE ( 'NONE', *, *, #9289, .F. ) ;
#867 = FACE_OUTER_BOUND ( 'NONE', #1906, .T. ) ;
#868 = LINE ( 'NONE', #184, #9391 ) ;
#869 = ORIENTED_EDGE ( 'NONE', *, *, #1950, .F. ) ;
#870 = ORIENTED_EDGE ( 'NONE', *, *, #2358, .F. ) ;
#871 = AXIS2_PLACEMENT_3D ( 'NONE', #2134, #2034, #5292 ) ;
#872 = CARTESIAN_POINT ( 'NONE',  ( 30.00000000000000000, 60.00000000000000000, -16.49999999999989342 ) ) ;
#873 = CYLINDRICAL_SURFACE ( 'NONE', #7888, 3.000000000000002665 ) ;
#874 = PLANE ( 'NONE',  #5436 ) ;
#875 = DIRECTION ( 'NONE',  ( -0.7071067811865441310, 0.000000000000000000, -0.7071067811865507924 ) ) ;
#876 = CARTESIAN_POINT ( 'NONE',  ( 12.11012694854554006, 35.04196243646007503, -6.976926139492491075 ) ) ;
#877 = ADVANCED_FACE ( 'NONE', ( #1318 ), #4361, .F. ) ;
#878 = ORIENTED_EDGE ( 'NONE', *, *, #37, .F. ) ;
#879 = CARTESIAN_POINT ( 'NONE',  ( -6.999999999999999112, 36.00000000000000711, -21.99999999999999645 ) ) ;
#880 = CARTESIAN_POINT ( 'NONE',  ( 1.153245520699254678, 53.97910325503546858, 2.356479719038347742 ) ) ;
#881 = AXIS2_PLACEMENT_3D ( 'NONE', #5976, #7512, #3718 ) ;
#882 = ORIENTED_EDGE ( 'NONE', *, *, #9807, .T. ) ;
#883 = EDGE_CURVE ( 'NONE', #7982, #4595, #1741, .T. ) ;
#884 = EDGE_LOOP ( 'NONE', ( #7092, #4912, #1709, #1064 ) ) ;
#885 = PLANE ( 'NONE',  #8208 ) ;
#886 = CARTESIAN_POINT ( 'NONE',  ( 0.000000000000000000, 36.00000000000000711, -7.999999999999994671 ) ) ;
#887 = VECTOR ( 'NONE', #8347, 1000.000000000000000 ) ;
#888 = CARTESIAN_POINT ( 'NONE',  ( 30.00000000000000355, 52.89264068711928957, -1.242640687119278775 ) ) ;
#889 = CARTESIAN_POINT ( 'NONE',  ( 7.300000000000171241, 22.78756443470168591, -11.51715728752537871 ) ) ;
#890 = ADVANCED_FACE ( 'NONE', ( #6666 ), #6460, .F. ) ;
#891 = LINE ( 'NONE', #8581, #1904 ) ;
#892 = EDGE_LOOP ( 'NONE', ( #230, #6502, #4564, #6770 ) ) ;
#893 = CIRCLE ( 'NONE', #107, 4.499999999999997335 ) ;
#894 = EDGE_LOOP ( 'NONE', ( #4057, #3848, #5313, #7577 ) ) ;
#895 = ORIENTED_EDGE ( 'NONE', *, *, #5, .T. ) ;
#896 = CARTESIAN_POINT ( 'NONE',  ( 12.04630684445328548, 17.05965542552527836, -7.079162025202915487 ) ) ;
#897 = VERTEX_POINT ( 'NONE', #9655 ) ;
#898 = EDGE_CURVE ( 'NONE', #4774, #3903, #683, .T. ) ;
#899 = EDGE_CURVE ( 'NONE', #2642, #7787, #374, .T. ) ;
#900 = CARTESIAN_POINT ( 'NONE',  ( 20.90034085445341816, 5.031351541852658649, -10.79671542039428900 ) ) ;
#901 = CIRCLE ( 'NONE', #3929, 19.99999999999999645 ) ;
#902 = CARTESIAN_POINT ( 'NONE',  ( -0.8119835277030458265, 52.59697113365462684, 3.001909360180924580 ) ) ;
#903 = CARTESIAN_POINT ( 'NONE',  ( 12.04567839445369160, 37.06001358478338403, -22.92036206341009574 ) ) ;
#904 = ORIENTED_EDGE ( 'NONE', *, *, #3800, .F. ) ;
#905 = ORIENTED_EDGE ( 'NONE', *, *, #3021, .F. ) ;
#906 = B_SPLINE_CURVE_WITH_KNOTS ( 'NONE', 3,
 ( #4613, #7560, #7663, #6726, #9063, #3720, #9861, #4857, #9354, #4107, #8507, #9405 ),
 .UNSPECIFIED., .F., .F.,
 ( 4, 2, 2, 2, 2, 4 ),
 ( 0.001825440514497053256, 0.002281998478873562691, 0.002738556443250071692, 0.002966835425438326193, 0.003195114407626581127, 0.003651672372003086659 ),
 .UNSPECIFIED. ) ;
#907 = CIRCLE ( 'NONE', #1557, 19.99999999999999645 ) ;
#908 = ORIENTED_EDGE ( 'NONE', *, *, #9034, .T. ) ;
#909 = CARTESIAN_POINT ( 'NONE',  ( 10.50000000000013145, 40.77111547697062832, -17.80294372515233547 ) ) ;
#910 = DIRECTION ( 'NONE',  ( -1.000000000000000000, 0.000000000000000000, 0.000000000000000000 ) ) ;
#911 = ORIENTED_EDGE ( 'NONE', *, *, #4250, .F. ) ;
#912 = ADVANCED_FACE ( 'NONE', ( #4210 ), #3562, .F. ) ;
#913 = DIRECTION ( 'NONE',  ( 0.000000000000000000, 0.000000000000000000, -1.000000000000000000 ) ) ;
#914 = DIRECTION ( 'NONE',  ( -1.000000000000000000, 0.000000000000000000, 5.873343889775981244E-16 ) ) ;
#915 = DIRECTION ( 'NONE',  ( 0.000000000000000000, 1.000000000000000000, -0.000000000000000000 ) ) ;
#916 = AXIS2_PLACEMENT_3D ( 'NONE', #9733, #7422, #9632 ) ;
#917 = VERTEX_POINT ( 'NONE', #522 ) ;
#918 = CARTESIAN_POINT ( 'NONE',  ( 10.28994949366134470, 14.78756443470178361, -22.69999999999998863 ) ) ;
#919 = CARTESIAN_POINT ( 'NONE',  ( 27.00000000000000000, 47.00000000000000000, -59.00000000000000000 ) ) ;
#920 = VERTEX_POINT ( 'NONE', #4962 ) ;
#921 = AXIS2_PLACEMENT_3D ( 'NONE', #981, #4026, #6234 ) ;
#922 = ORIENTED_EDGE ( 'NONE', *, *, #959, .T. ) ;
#923 = CIRCLE ( 'NONE', #5090, 0.7000000000000027311 ) ;
#924 = CARTESIAN_POINT ( 'NONE',  ( 23.89497474683053824, 53.44409202957852045, -17.98786796564399637 ) ) ;
#925 = PLANE ( 'NONE',  #3593 ) ;
#926 = DIRECTION ( 'NONE',  ( -0.000000000000000000, -0.000000000000000000, 1.000000000000000000 ) ) ;
#927 = DIRECTION ( 'NONE',  ( 0.000000000000000000, 0.000000000000000000, -1.000000000000000000 ) ) ;
#928 = CARTESIAN_POINT ( 'NONE',  ( 30.23896819558860116, 53.47430765467554892, 1.327236023750473448 ) ) ;
#929 = CARTESIAN_POINT ( 'NONE',  ( 17.88280388870429150, 15.03672132907237646, -23.02656301365404090 ) ) ;
#930 = LINE ( 'NONE', #6430, #1415 ) ;
#931 = VECTOR ( 'NONE', #2095, 1000.000000000000000 ) ;
#932 = CARTESIAN_POINT ( 'NONE',  ( 24.99999999999998934, 57.76312941133898704, -19.09289321881345103 ) ) ;
#933 = AXIS2_PLACEMENT_3D ( 'NONE', #1335, #3527, #8974 ) ;
#934 = ADVANCED_FACE ( 'NONE', ( #9555 ), #1969, .T. ) ;
#935 = ORIENTED_EDGE ( 'NONE', *, *, #8126, .T. ) ;
#936 = LINE ( 'NONE', #7830, #1356 ) ;
#937 = AXIS2_PLACEMENT_3D ( 'NONE', #5666, #6617, #3612 ) ;
#938 = CARTESIAN_POINT ( 'NONE',  ( 4.705025253169601740, 60.00000000000000000, -4.705025253169409005 ) ) ;
#939 = AXIS2_PLACEMENT_3D ( 'NONE', #9469, #7770, #5534 ) ;
#940 = DIRECTION ( 'NONE',  ( -0.000000000000000000, 1.000000000000000000, -0.000000000000000000 ) ) ;
#941 = DIRECTION ( 'NONE',  ( -1.000000000000000000, 0.000000000000000000, -0.000000000000000000 ) ) ;
#942 = DIRECTION ( 'NONE',  ( 0.000000000000000000, 1.000000000000000000, 0.000000000000000000 ) ) ;
#943 = VERTEX_POINT ( 'NONE', #9757 ) ;
#944 = VECTOR ( 'NONE', #2706, 1000.000000000000000 ) ;
#945 = VECTOR ( 'NONE', #6654, 1000.000000000000000 ) ;
#946 = ORIENTED_EDGE ( 'NONE', *, *, #2811, .F. ) ;
#947 = ORIENTED_EDGE ( 'NONE', *, *, #5653, .T. ) ;
#948 = EDGE_CURVE ( 'NONE', #2936, #8508, #4159, .T. ) ;
#949 = CARTESIAN_POINT ( 'NONE',  ( 20.60000000000000142, 24.00000000000000000, -11.09705627484773593 ) ) ;
#950 = ORIENTED_EDGE ( 'NONE', *, *, #3238, .T. ) ;
#951 = AXIS2_PLACEMENT_3D ( 'NONE', #4821, #5674, #3317 ) ;
#952 = DIRECTION ( 'NONE',  ( -0.000000000000000000, -0.000000000000000000, 1.000000000000000000 ) ) ;
#953 = CARTESIAN_POINT ( 'NONE',  ( 32.00000000000000000, 51.64999999999999858, 52.99999999999998579 ) ) ;
#954 = CARTESIAN_POINT ( 'NONE',  ( 29.87865508337525711, 52.70913466228654443, 4.021114817273690356 ) ) ;
#955 = ORIENTED_EDGE ( 'NONE', *, *, #7921, .F. ) ;
#956 = VERTEX_POINT ( 'NONE', #7501 ) ;
#957 = EDGE_CURVE ( 'NONE', #5474, #5483, #618, .T. ) ;
#958 = CIRCLE ( 'NONE', #7819, 3.000000000000002665 ) ;
#959 = EDGE_CURVE ( 'NONE', #8285, #5137, #3708, .T. ) ;
#960 = ORIENTED_EDGE ( 'NONE', *, *, #2214, .F. ) ;
#961 = DIRECTION ( 'NONE',  ( 0.000000000000000000, -0.000000000000000000, -1.000000000000000000 ) ) ;
#962 = CARTESIAN_POINT ( 'NONE',  ( 9.399999999999998579, 24.00000000000000000, -11.09705627484753521 ) ) ;
#963 = ORIENTED_EDGE ( 'NONE', *, *, #1871, .F. ) ;
#964 = FACE_BOUND ( 'NONE', #2450, .T. ) ;
#965 = CARTESIAN_POINT ( 'NONE',  ( 17.82353811056275461, 35.21249103547632586, -6.840161767598192277 ) ) ;
#966 = CARTESIAN_POINT ( 'NONE',  ( 17.93480075074830538, 44.74552440388377761, -7.059246002199135006 ) ) ;
#967 = AXIS2_PLACEMENT_3D ( 'NONE', #9246, #952, #9294 ) ;
#968 = VERTEX_POINT ( 'NONE', #8196 ) ;
#969 = PLANE ( 'NONE',  #7003 ) ;
#970 = CARTESIAN_POINT ( 'NONE',  ( 17.80294372515243850, 0.000000000000000000, -10.49999999999995381 ) ) ;
#971 = VERTEX_POINT ( 'NONE', #1362 ) ;
#972 = ADVANCED_FACE ( 'NONE', ( #2157 ), #2858, .T. ) ;
#973 = EDGE_CURVE ( 'NONE', #3556, #9150, #7446, .T. ) ;
#974 = ORIENTED_EDGE ( 'NONE', *, *, #8281, .F. ) ;
#975 = DIRECTION ( 'NONE',  ( 1.000000000000000000, 0.000000000000000000, 0.000000000000000000 ) ) ;
#976 = CARTESIAN_POINT ( 'NONE',  ( 10.28994949366122214, 0.000000000000000000, -21.40710678118653121 ) ) ;
#977 = CARTESIAN_POINT ( 'NONE',  ( 25.00000000000000000, 63.00000000000000000, -5.000000000000000000 ) ) ;
#978 = PLANE ( 'NONE',  #9415 ) ;
#979 = DIRECTION ( 'NONE',  ( 1.000000000000000000, -0.000000000000000000, -0.000000000000000000 ) ) ;
#980 = CARTESIAN_POINT ( 'NONE',  ( 30.93151234796636473, 52.47615794126802058, 3.306576589925261267 ) ) ;
#981 = CARTESIAN_POINT ( 'NONE',  ( 10.28994949366127898, 36.00000000000000711, -21.99999999999999645 ) ) ;
#982 = ADVANCED_FACE ( 'NONE', ( #669 ), #4458, .T. ) ;
#983 = ORIENTED_EDGE ( 'NONE', *, *, #8643, .F. ) ;
#984 = AXIS2_PLACEMENT_3D ( 'NONE', #8367, #3119, #3071 ) ;
#985 = LINE ( 'NONE', #5634, #9227 ) ;
#986 = CARTESIAN_POINT ( 'NONE',  ( 23.89497474683053824, 60.00000000000000000, -12.01213203435592014 ) ) ;
#987 = VERTEX_POINT ( 'NONE', #976 ) ;
#988 = DIRECTION ( 'NONE',  ( 0.000000000000000000, 1.000000000000000000, -0.000000000000000000 ) ) ;
#989 = AXIS2_PLACEMENT_3D ( 'NONE', #7514, #633, #6027 ) ;
#990 = CARTESIAN_POINT ( 'NONE',  ( 25.29497474683052616, 60.00000000000000000, -4.705025253169412558 ) ) ;
#991 = DIRECTION ( 'NONE',  ( 1.000000000000000000, -0.000000000000000000, -0.000000000000000000 ) ) ;
#992 = DIRECTION ( 'NONE',  ( 0.000000000000000000, 0.000000000000000000, -1.000000000000000000 ) ) ;
#993 = CARTESIAN_POINT ( 'NONE',  ( 20.60000000000000142, 4.000000000000000000, -59.00000000000000000 ) ) ;
#994 = AXIS2_PLACEMENT_3D ( 'NONE', #9663, #8713, #5078 ) ;
#995 = ORIENTED_EDGE ( 'NONE', *, *, #4963, .T. ) ;
#996 = ORIENTED_EDGE ( 'NONE', *, *, #656, .T. ) ;
#997 = CARTESIAN_POINT ( 'NONE',  ( 22.69999999999995666, 60.00000000000000000, -10.28994949366116707 ) ) ;
#998 = ORIENTED_EDGE ( 'NONE', *, *, #899, .F. ) ;
#999 = CIRCLE ( 'NONE', #1490, 2.499999999999996891 ) ;
#1000 = CARTESIAN_POINT ( 'NONE',  ( -6.999999999999999112, 30.00000000000000355, -17.49999999999999645 ) ) ;
#1001 = EDGE_CURVE ( 'NONE', #8254, #2143, #1825, .T. ) ;
#1002 = CARTESIAN_POINT ( 'NONE',  ( 10.28994949366122214, 34.73174228522552198, -21.40710678118653121 ) ) ;
#1003 = CARTESIAN_POINT ( 'NONE',  ( 30.00000000000000000, 16.00000000000000000, -8.000000000000000000 ) ) ;
#1004 = ORIENTED_EDGE ( 'NONE', *, *, #2305, .T. ) ;
#1005 = EDGE_CURVE ( 'NONE', #3472, #2375, #1643, .T. ) ;
#1006 = VERTEX_POINT ( 'NONE', #4668 ) ;
#1007 = VERTEX_POINT ( 'NONE', #872 ) ;
#1008 = DIRECTION ( 'NONE',  ( 0.000000000000000000, -1.000000000000000000, 0.000000000000000000 ) ) ;
#1009 = CARTESIAN_POINT ( 'NONE',  ( 30.13542786633811588, 52.51690907024637056, 4.377889570774068595 ) ) ;
#1010 = ORIENTED_EDGE ( 'NONE', *, *, #4353, .F. ) ;
#1011 = DIRECTION ( 'NONE',  ( 0.000000000000000000, 0.000000000000000000, -1.000000000000000000 ) ) ;
#1012 = FACE_OUTER_BOUND ( 'NONE', #6271, .T. ) ;
#1013 = CARTESIAN_POINT ( 'NONE',  ( 0.000000000000000000, 0.000000000000000000, -30.00000000000000000 ) ) ;
#1014 = EDGE_CURVE ( 'NONE', #4774, #4792, #4020, .T. ) ;
#1015 = EDGE_CURVE ( 'NONE', #5137, #589, #7908, .T. ) ;
#1016 = ORIENTED_EDGE ( 'NONE', *, *, #8383, .T. ) ;
#1017 = CARTESIAN_POINT ( 'NONE',  ( 32.00000000000000000, 45.65000000000000568, 52.99999999999998579 ) ) ;
#1018 = DIRECTION ( 'NONE',  ( -0.000000000000000000, -1.000000000000000000, -0.000000000000000000 ) ) ;
#1019 = ORIENTED_EDGE ( 'NONE', *, *, #598, .F. ) ;
#1020 = ORIENTED_EDGE ( 'NONE', *, *, #7980, .T. ) ;
#1021 = FACE_OUTER_BOUND ( 'NONE', #7245, .T. ) ;
#1022 = DIRECTION ( 'NONE',  ( 0.000000000000000000, 0.000000000000000000, -1.000000000000000000 ) ) ;
#1023 = DIRECTION ( 'NONE',  ( 0.000000000000000000, 0.000000000000000000, 1.000000000000000000 ) ) ;
#1024 = LINE ( 'NONE', #4068, #9488 ) ;
#1025 = LINE ( 'NONE', #7118, #9573 ) ;
#1026 = DIRECTION ( 'NONE',  ( -0.000000000000000000, -1.000000000000000000, -0.000000000000000000 ) ) ;
#1027 = CARTESIAN_POINT ( 'NONE',  ( 12.21066228537321052, 35.47910812185295271, -6.698267600678402545 ) ) ;
#1028 = ADVANCED_FACE ( 'NONE', ( #3315 ), #7717, .T. ) ;
#1029 = CARTESIAN_POINT ( 'NONE',  ( 26.50000000000000355, 51.64999999999999858, 0.000000000000000000 ) ) ;
#1030 = CARTESIAN_POINT ( 'NONE',  ( 12.21715728752556096, 16.15161911103441739, -23.39999999999999503 ) ) ;
#1031 = ORIENTED_EDGE ( 'NONE', *, *, #1141, .F. ) ;
#1032 = DIRECTION ( 'NONE',  ( 0.000000000000000000, 0.000000000000000000, -1.000000000000000000 ) ) ;
#1033 = CARTESIAN_POINT ( 'NONE',  ( -2.914610285019799019, 51.64999877083210578, 7.813897413741159426 ) ) ;
#1034 = VECTOR ( 'NONE', #2801, 1000.000000000000000 ) ;
#1035 = ORIENTED_EDGE ( 'NONE', *, *, #5505, .T. ) ;
#1036 = DIRECTION ( 'NONE',  ( 0.000000000000000000, 1.000000000000000000, 0.000000000000000000 ) ) ;
#1037 = CARTESIAN_POINT ( 'NONE',  ( 33.00000000000000711, 45.65000000000000568, 3.469446951953614189E-15 ) ) ;
#1038 =( BOUNDED_CURVE ( )  B_SPLINE_CURVE ( 3, ( #3886, #6843, #2193, #4489 ),
 .UNSPECIFIED., .F., .T. ) 
 B_SPLINE_CURVE_WITH_KNOTS ( ( 4, 4 ),
 ( 2.008096404397887724, 3.141592653589793116 ),
 .UNSPECIFIED. ) 
 CURVE ( )  GEOMETRIC_REPRESENTATION_ITEM ( )  RATIONAL_B_SPLINE_CURVE ( ( 1.000000000000000000, 0.8957675578916584058, 0.8957675578916584058, 1.000000000000000000 ) ) 
 REPRESENTATION_ITEM ( '' )  );
#1039 = CARTESIAN_POINT ( 'NONE',  ( 6.599999999999996980, 4.000000000000000000, -59.00000000000000000 ) ) ;
#1040 = ADVANCED_FACE ( 'NONE', ( #234 ), #5625, .F. ) ;
#1041 = VECTOR ( 'NONE', #4669, 1000.000000000000114 ) ;
#1042 = CARTESIAN_POINT ( 'NONE',  ( 22.69999999999994955, 25.21243556529823948, -59.00000000000000000 ) ) ;
#1043 = CARTESIAN_POINT ( 'NONE',  ( 18.35926933900662661, 28.46957388326516991, -31.28523050764142610 ) ) ;
#1044 = VERTEX_POINT ( 'NONE', #6322 ) ;
#1045 = ORIENTED_EDGE ( 'NONE', *, *, #247, .T. ) ;
#1046 = EDGE_CURVE ( 'NONE', #6012, #6088, #1797, .T. ) ;
#1047 = FACE_OUTER_BOUND ( 'NONE', #2027, .T. ) ;
#1048 = DIRECTION ( 'NONE',  ( 1.000000000000000000, 0.000000000000000000, 0.000000000000000000 ) ) ;
#1049 = CARTESIAN_POINT ( 'NONE',  ( 22.69999999999994955, 60.00000000000000000, -19.71005050633884181 ) ) ;
#1050 = CARTESIAN_POINT ( 'NONE',  ( 12.17646188943737151, 15.21249103547632764, -6.840161767598197606 ) ) ;
#1051 = CARTESIAN_POINT ( 'NONE',  ( 1.500000000000001332, 0.000000000000000000, 0.000000000000000000 ) ) ;
#1052 = CIRCLE ( 'NONE', #7111, 1.399999999999998579 ) ;
#1053 = ORIENTED_EDGE ( 'NONE', *, *, #8588, .T. ) ;
#1054 = ORIENTED_EDGE ( 'NONE', *, *, #2896, .T. ) ;
#1055 = ORIENTED_EDGE ( 'NONE', *, *, #1487, .F. ) ;
#1056 = LINE ( 'NONE', #7055, #2126 ) ;
#1057 = CIRCLE ( 'NONE', #6655, 1.399999999999998579 ) ;
#1058 = PLANE ( 'NONE',  #1101 ) ;
#1059 = CARTESIAN_POINT ( 'NONE',  ( 29.52369848240447681, 53.03307561870155951, 3.503663174613788733 ) ) ;
#1060 = ORIENTED_EDGE ( 'NONE', *, *, #9502, .F. ) ;
#1061 = CARTESIAN_POINT ( 'NONE',  ( 23.02299727492101056, 3.041915748262073116, -12.11002771204313255 ) ) ;
#1062 = CYLINDRICAL_SURFACE ( 'NONE', #1118, 1.500000000000001332 ) ;
#1063 = DIRECTION ( 'NONE',  ( -1.000000000000000000, 0.000000000000000000, 5.873343889775906302E-16 ) ) ;
#1064 = ORIENTED_EDGE ( 'NONE', *, *, #6598, .T. ) ;
#1065 = CARTESIAN_POINT ( 'NONE',  ( 18.90294372515236176, 15.44059295743965166, -20.59999999999999787 ) ) ;
#1066 = VECTOR ( 'NONE', #3491, 1000.000000000000000 ) ;
#1067 = ORIENTED_EDGE ( 'NONE', *, *, #6825, .F. ) ;
#1068 = ORIENTED_EDGE ( 'NONE', *, *, #1874, .T. ) ;
#1069 = DIRECTION ( 'NONE',  ( 0.000000000000000000, 0.000000000000000000, 1.000000000000000000 ) ) ;
#1070 = LINE ( 'NONE', #2620, #2498 ) ;
#1071 = CARTESIAN_POINT ( 'NONE',  ( 23.80844788566209402, 53.19471042384569870, -17.90134110447555216 ) ) ;
#1072 = CARTESIAN_POINT ( 'NONE',  ( 25.29497474683052261, 60.00000000000000000, -10.61213203435593755 ) ) ;
#1073 = EDGE_CURVE ( 'NONE', #4267, #1006, #2202, .T. ) ;
#1074 = FACE_OUTER_BOUND ( 'NONE', #7200, .T. ) ;
#1075 = AXIS2_PLACEMENT_3D ( 'NONE', #6780, #2976, #9824 ) ;
#1076 = CARTESIAN_POINT ( 'NONE',  ( 10.28994949366131273, 36.00000000000000711, -7.999999999999994671 ) ) ;
#1077 = CARTESIAN_POINT ( 'NONE',  ( 30.11588672707793890, 53.81679650799841141, 0.8421858073492183294 ) ) ;
#1078 = PLANE ( 'NONE',  #939 ) ;
#1079 = DIRECTION ( 'NONE',  ( -0.000000000000000000, 1.000000000000000000, -0.000000000000000000 ) ) ;
#1080 = VERTEX_POINT ( 'NONE', #7166 ) ;
#1081 = DIRECTION ( 'NONE',  ( 1.000000000000000000, -0.000000000000000000, -0.000000000000000000 ) ) ;
#1082 = CARTESIAN_POINT ( 'NONE',  ( -2.999999999999999556, 51.64999999999999858, 8.000000000000000000 ) ) ;
#1083 = VECTOR ( 'NONE', #692, 1000.000000000000000 ) ;
#1084 = ADVANCED_FACE ( 'NONE', ( #4767, #7862, #5529, #282, #336 ), #3369, .F. ) ;
#1085 = EDGE_CURVE ( 'NONE', #4230, #7516, #2276, .T. ) ;
#1086 = VERTEX_POINT ( 'NONE', #6970 ) ;
#1087 = CARTESIAN_POINT ( 'NONE',  ( 27.00000000000000000, 31.00000000000000000, -59.00000000000000000 ) ) ;
#1088 = DIRECTION ( 'NONE',  ( 2.683475248743013296E-15, -0.000000000000000000, 1.000000000000000000 ) ) ;
#1089 = DIRECTION ( 'NONE',  ( -0.000000000000000000, -0.000000000000000000, 1.000000000000000000 ) ) ;
#1090 = AXIS2_PLACEMENT_3D ( 'NONE', #6773, #6631, #9817 ) ;
#1091 = AXIS2_PLACEMENT_3D ( 'NONE', #5409, #1505, #1604 ) ;
#1092 = DIRECTION ( 'NONE',  ( 0.000000000000000000, 0.000000000000000000, -1.000000000000000000 ) ) ;
#1093 = CARTESIAN_POINT ( 'NONE',  ( 22.75528487927552845, 22.81672074469170042, -11.82296937001093617 ) ) ;
#1094 = ORIENTED_EDGE ( 'NONE', *, *, #7084, .T. ) ;
#1095 = ADVANCED_FACE ( 'NONE', ( #9315 ), #2474, .T. ) ;
#1096 = ORIENTED_EDGE ( 'NONE', *, *, #2169, .T. ) ;
#1097 = CIRCLE ( 'NONE', #4289, 1.400000000000000133 ) ;
#1098 =( BOUNDED_CURVE ( )  B_SPLINE_CURVE ( 3, ( #8114, #1225, #5179, #2868 ),
 .UNSPECIFIED., .F., .T. ) 
 B_SPLINE_CURVE_WITH_KNOTS ( ( 4, 4 ),
 ( 2.008096404397886392, 3.141592653589793116 ),
 .UNSPECIFIED. ) 
 CURVE ( )  GEOMETRIC_REPRESENTATION_ITEM ( )  RATIONAL_B_SPLINE_CURVE ( ( 1.000000000000000000, 0.8957675578916580728, 0.8957675578916580728, 1.000000000000000000 ) ) 
 REPRESENTATION_ITEM ( '' )  );
#1099 = DIRECTION ( 'NONE',  ( -0.000000000000000000, -0.000000000000000000, 1.000000000000000000 ) ) ;
#1100 = DIRECTION ( 'NONE',  ( -0.000000000000000000, -1.000000000000000000, -0.000000000000000000 ) ) ;
#1101 = AXIS2_PLACEMENT_3D ( 'NONE', #6610, #1965, #1914 ) ;
#1102 = DIRECTION ( 'NONE',  ( 0.000000000000000000, 1.000000000000000000, -0.000000000000000000 ) ) ;
#1103 = CIRCLE ( 'NONE', #3813, 4.500000000000000888 ) ;
#1104 = FACE_OUTER_BOUND ( 'NONE', #4643, .T. ) ;
#1105 = VERTEX_POINT ( 'NONE', #7365 ) ;
#1106 = ORIENTED_EDGE ( 'NONE', *, *, #1935, .T. ) ;
#1107 = VECTOR ( 'NONE', #1187, 1000.000000000000000 ) ;
#1108 = ORIENTED_EDGE ( 'NONE', *, *, #5388, .T. ) ;
#1109 = CARTESIAN_POINT ( 'NONE',  ( 22.69999999999994955, 0.000000000000000000, -19.71005050633884181 ) ) ;
#1110 = DIRECTION ( 'NONE',  ( -0.000000000000000000, -1.000000000000000000, -0.000000000000000000 ) ) ;
#1111 = CARTESIAN_POINT ( 'NONE',  ( 31.77059968102111753, 51.79376701426413376, 6.488103707280176380 ) ) ;
#1112 = ORIENTED_EDGE ( 'NONE', *, *, #1428, .F. ) ;
#1113 = FACE_BOUND ( 'NONE', #4032, .T. ) ;
#1114 = LINE ( 'NONE', #5764, #3032 ) ;
#1115 = CARTESIAN_POINT ( 'NONE',  ( -0.4999999999999970024, 51.64999999999999858, 21.99999999999998579 ) ) ;
#1116 = EDGE_CURVE ( 'NONE', #6635, #215, #9617, .T. ) ;
#1117 = ORIENTED_EDGE ( 'NONE', *, *, #6158, .F. ) ;
#1118 = AXIS2_PLACEMENT_3D ( 'NONE', #9353, #1668, #5476 ) ;
#1119 = ORIENTED_EDGE ( 'NONE', *, *, #8090, .T. ) ;
#1120 = VERTEX_POINT ( 'NONE', #8058 ) ;
#1121 = CARTESIAN_POINT ( 'NONE',  ( 23.39999999999999858, 23.84871634933474382, -17.78284271247457582 ) ) ;
#1122 =( BOUNDED_CURVE ( )  B_SPLINE_CURVE ( 3, ( #7710, #863, #5617, #5520 ),
 .UNSPECIFIED., .F., .T. ) 
 B_SPLINE_CURVE_WITH_KNOTS ( ( 4, 4 ),
 ( 0.000000000000000000, 1.133496249191896954 ),
 .UNSPECIFIED. ) 
 CURVE ( )  GEOMETRIC_REPRESENTATION_ITEM ( )  RATIONAL_B_SPLINE_CURVE ( ( 1.000000000000000000, 0.8957675578916598491, 0.8957675578916598491, 1.000000000000000000 ) ) 
 REPRESENTATION_ITEM ( '' )  );
#1123 = DIRECTION ( 'NONE',  ( -0.000000000000000000, -1.000000000000000000, -0.000000000000000000 ) ) ;
#1124 = CARTESIAN_POINT ( 'NONE',  ( 22.69999999999994955, 60.00000000000000000, -18.48284271247463550 ) ) ;
#1125 = DIRECTION ( 'NONE',  ( -1.000000000000000000, -0.000000000000000000, -0.000000000000000000 ) ) ;
#1126 = AXIS2_PLACEMENT_3D ( 'NONE', #7793, #5509, #1803 ) ;
#1127 = CARTESIAN_POINT ( 'NONE',  ( 25.29497474683052261, 60.00000000000000000, -10.61213203435593755 ) ) ;
#1128 = CARTESIAN_POINT ( 'NONE',  ( 22.00000000000000000, 24.00000000000000000, -19.71005050633883826 ) ) ;
#1129 = CARTESIAN_POINT ( 'NONE',  ( 32.73350438200854740, 51.66185753356739241, 7.418883976130683955 ) ) ;
#1130 = CARTESIAN_POINT ( 'NONE',  ( -2.180377051296134461, 51.76381153555615100, 6.204711448848781785 ) ) ;
#1131 = CARTESIAN_POINT ( 'NONE',  ( 12.23129446394110609, 41.35303765489889827, -6.606528823474788759 ) ) ;
#1132 = CARTESIAN_POINT ( 'NONE',  ( 17.78284271247460424, 36.00000000000000711, -6.599999999999994316 ) ) ;
#1133 = CARTESIAN_POINT ( 'NONE',  ( -0.4518654976463408190, 53.06581292467351574, 2.012402293927785024 ) ) ;
#1134 = EDGE_LOOP ( 'NONE', ( #1055, #6005, #64, #4379 ) ) ;
#1135 = EDGE_CURVE ( 'NONE', #8141, #2340, #3518, .T. ) ;
#1136 = ORIENTED_EDGE ( 'NONE', *, *, #9719, .F. ) ;
#1137 = DIRECTION ( 'NONE',  ( 0.000000000000000000, 0.000000000000000000, -1.000000000000000000 ) ) ;
#1138 = DIRECTION ( 'NONE',  ( -8.855468320851990103E-14, 0.000000000000000000, -1.000000000000000000 ) ) ;
#1139 = CARTESIAN_POINT ( 'NONE',  ( 25.29497474683052261, 0.000000000000000000, -19.38786796564398074 ) ) ;
#1140 = EDGE_CURVE ( 'NONE', #858, #1885, #482, .T. ) ;
#1141 = EDGE_CURVE ( 'NONE', #3142, #6647, #5131, .T. ) ;
#1142 = CARTESIAN_POINT ( 'NONE',  ( 17.78933771462691737, 15.47910812185294382, -6.698267600678408762 ) ) ;
#1143 = CARTESIAN_POINT ( 'NONE',  ( 22.69999999999996732, 22.78756443470176762, -11.67170244752801800 ) ) ;
#1144 = ORIENTED_EDGE ( 'NONE', *, *, #6182, .T. ) ;
#1145 = EDGE_LOOP ( 'NONE', ( #8188, #2133, #1253, #1507, #3878 ) ) ;
#1146 = CARTESIAN_POINT ( 'NONE',  ( 8.592893218813626888, 40.32536866118699237, -10.28994949366116352 ) ) ;
#1147 = CARTESIAN_POINT ( 'NONE',  ( 6.741425062700995063, 40.07555506971873882, -17.78380587668740631 ) ) ;
#1148 = EDGE_CURVE ( 'NONE', #8794, #9652, #7698, .T. ) ;
#1149 = AXIS2_PLACEMENT_3D ( 'NONE', #6974, #4120, #1781 ) ;
#1150 = ADVANCED_FACE ( 'NONE', ( #6574 ), #838, .F. ) ;
#1151 = CARTESIAN_POINT ( 'NONE',  ( 11.67146581222992552, 37.21243556529820040, -7.299999999999952749 ) ) ;
#1152 = DIRECTION ( 'NONE',  ( 0.000000000000000000, 0.000000000000000000, -1.000000000000000000 ) ) ;
#1153 = ORIENTED_EDGE ( 'NONE', *, *, #51, .F. ) ;
#1154 = ORIENTED_EDGE ( 'NONE', *, *, #3590, .T. ) ;
#1155 = VECTOR ( 'NONE', #32, 1000.000000000000000 ) ;
#1156 = ORIENTED_EDGE ( 'NONE', *, *, #7061, .T. ) ;
#1157 = CARTESIAN_POINT ( 'NONE',  ( 25.29497474683052616, 36.00000000000000711, -7.999999999999994671 ) ) ;
#1158 = FACE_OUTER_BOUND ( 'NONE', #8900, .T. ) ;
#1159 = CARTESIAN_POINT ( 'NONE',  ( 32.61799263789779246, 51.66367845485548571, 7.532372348164894760 ) ) ;
#1160 = ORIENTED_EDGE ( 'NONE', *, *, #290, .T. ) ;
#1161 = FACE_OUTER_BOUND ( 'NONE', #1644, .T. ) ;
#1162 = LINE ( 'NONE', #4158, #9252 ) ;
#1163 = DIRECTION ( 'NONE',  ( -1.000000000000000000, 0.000000000000000000, 0.000000000000000000 ) ) ;
#1164 = ORIENTED_EDGE ( 'NONE', *, *, #9814, .F. ) ;
#1165 = AXIS2_PLACEMENT_3D ( 'NONE', #9058, #630, #8403 ) ;
#1166 = DIRECTION ( 'NONE',  ( -0.000000000000000000, 1.000000000000000000, -0.000000000000000000 ) ) ;
#1167 = ORIENTED_EDGE ( 'NONE', *, *, #973, .T. ) ;
#1168 = ORIENTED_EDGE ( 'NONE', *, *, #5712, .T. ) ;
#1169 = FACE_OUTER_BOUND ( 'NONE', #208, .T. ) ;
#1170 = EDGE_CURVE ( 'NONE', #8387, #316, #4824, .T. ) ;
#1171 = ADVANCED_FACE ( 'NONE', ( #2768, #5873, #2719 ), #5722, .T. ) ;
#1172 = CARTESIAN_POINT ( 'NONE',  ( 9.399999999999998579, 4.000000000000000000, -18.90294372515247190 ) ) ;
#1173 = CARTESIAN_POINT ( 'NONE',  ( 26.50000000000000355, 51.64999999999999858, 56.50000000000000711 ) ) ;
#1174 = LINE ( 'NONE', #4220, #6001 ) ;
#1175 = CARTESIAN_POINT ( 'NONE',  ( 7.300000000000186340, 5.212435565298322970, -18.32829755247197667 ) ) ;
#1176 = CARTESIAN_POINT ( 'NONE',  ( -6.999999999999999112, 16.00000000000000000, -21.99999999999999645 ) ) ;
#1177 = CARTESIAN_POINT ( 'NONE',  ( 32.48295544243507038, 51.69489021672463736, 6.870894546128909042 ) ) ;
#1178 = CARTESIAN_POINT ( 'NONE',  ( -1.816523648526870316, 51.89190165076838213, 5.392682183572643950 ) ) ;
#1179 = ORIENTED_EDGE ( 'NONE', *, *, #7238, .T. ) ;
#1180 = CARTESIAN_POINT ( 'NONE',  ( 25.29497474683052261, 60.00000000000000000, -19.38786796564398074 ) ) ;
#1181 = CARTESIAN_POINT ( 'NONE',  ( 17.80360641539630961, 35.27169967708262277, -23.20470579748957363 ) ) ;
#1182 = ORIENTED_EDGE ( 'NONE', *, *, #4242, .F. ) ;
#1183 =( BOUNDED_CURVE ( )  B_SPLINE_CURVE ( 3, ( #9690, #6653, #5050, #6003 ),
 .UNSPECIFIED., .F., .T. ) 
 B_SPLINE_CURVE_WITH_KNOTS ( ( 4, 4 ),
 ( 0.000000000000000000, 1.133496249191976224 ),
 .UNSPECIFIED. ) 
 CURVE ( )  GEOMETRIC_REPRESENTATION_ITEM ( )  RATIONAL_B_SPLINE_CURVE ( ( 1.000000000000000000, 0.8957675578916456383, 0.8957675578916456383, 1.000000000000000000 ) ) 
 REPRESENTATION_ITEM ( '' )  );
#1184 = VERTEX_POINT ( 'NONE', #1173 ) ;
#1185 = EDGE_CURVE ( 'NONE', #6808, #6753, #2911, .T. ) ;
#1186 = FACE_OUTER_BOUND ( 'NONE', #6330, .T. ) ;
#1187 = DIRECTION ( 'NONE',  ( 1.000000000000000000, -0.000000000000000000, -0.000000000000000000 ) ) ;
#1188 = CARTESIAN_POINT ( 'NONE',  ( 23.39999999999999858, 4.000000000000000000, -59.00000000000000000 ) ) ;
#1189 = DIRECTION ( 'NONE',  ( -0.000000000000000000, -1.000000000000000000, -0.000000000000000000 ) ) ;
#1190 = DIRECTION ( 'NONE',  ( -0.000000000000000000, -0.000000000000000000, 1.000000000000000000 ) ) ;
#1191 = CARTESIAN_POINT ( 'NONE',  ( 17.98786796564397505, 44.79094724491367430, -23.89497474683057376 ) ) ;
#1192 = ORIENTED_EDGE ( 'NONE', *, *, #5154, .T. ) ;
#1193 = EDGE_CURVE ( 'NONE', #317, #1203, #9778, .T. ) ;
#1194 = VERTEX_POINT ( 'NONE', #4270 ) ;
#1195 = CARTESIAN_POINT ( 'NONE',  ( 12.19705627484785815, 0.000000000000000000, -10.49999999999995204 ) ) ;
#1196 = CARTESIAN_POINT ( 'NONE',  ( 7.300000000000174794, 60.00000000000000000, -19.71005050633883826 ) ) ;
#1197 = ADVANCED_FACE ( 'NONE', ( #7408 ), #8113, .F. ) ;
#1198 = B_SPLINE_CURVE_WITH_KNOTS ( 'NONE', 3,
 ( #9186, #6002, #3740, #4539, #6140, #2988, #6938, #9140, #58, #5257, #7583, #6793 ),
 .UNSPECIFIED., .F., .F.,
 ( 4, 2, 2, 2, 2, 4 ),
 ( 0.001825440514497160592, 0.002281998478873698000, 0.002738556443250235624, 0.002966835425438501834, 0.003195114407626768044, 0.003651672372003298295 ),
 .UNSPECIFIED. ) ;
#1199 = CARTESIAN_POINT ( 'NONE',  ( 19.99999999999999645, 32.00000000000000000, -54.99999999999999289 ) ) ;
#1200 = DIRECTION ( 'NONE',  ( 0.000000000000000000, -1.000000000000000000, 0.000000000000000000 ) ) ;
#1201 = EDGE_LOOP ( 'NONE', ( #2948, #5390, #7737, #6888 ) ) ;
#1202 = VECTOR ( 'NONE', #7961, 1000.000000000000000 ) ;
#1203 = VERTEX_POINT ( 'NONE', #2621 ) ;
#1204 = EDGE_LOOP ( 'NONE', ( #6417, #169 ) ) ;
#1205 = EDGE_CURVE ( 'NONE', #672, #7991, #52, .T. ) ;
#1206 = VERTEX_POINT ( 'NONE', #2021 ) ;
#1207 = CARTESIAN_POINT ( 'NONE',  ( -3.000000000000006217, 45.65000000000000568, 59.50000000000000711 ) ) ;
#1208 = CARTESIAN_POINT ( 'NONE',  ( -6.999999999999999112, 17.21243556529818619, -7.299999999999952749 ) ) ;
#1209 = CARTESIAN_POINT ( 'NONE',  ( 32.71434319304814409, 51.65757670867437668, 7.650374997513353037 ) ) ;
#1210 = ORIENTED_EDGE ( 'NONE', *, *, #6933, .T. ) ;
#1211 = LINE ( 'NONE', #5863, #1691 ) ;
#1212 = CARTESIAN_POINT ( 'NONE',  ( -1.999999999999998224, 45.65000000000000568, 52.99999999999998579 ) ) ;
#1213 = VECTOR ( 'NONE', #1411, 1000.000000000000000 ) ;
#1214 = DIRECTION ( 'NONE',  ( 0.000000000000000000, 1.000000000000000000, 0.000000000000000000 ) ) ;
#1215 = EDGE_LOOP ( 'NONE', ( #6556, #2861, #5208, #565 ) ) ;
#1216 = CARTESIAN_POINT ( 'NONE',  ( 25.29497474683051905, 36.00000000000000711, -23.39999999999999503 ) ) ;
#1217 = ORIENTED_EDGE ( 'NONE', *, *, #4340, .T. ) ;
#1218 = VECTOR ( 'NONE', #9615, 1000.000000000000000 ) ;
#1219 = ADVANCED_FACE ( 'NONE', ( #7215 ), #530, .T. ) ;
#1220 = ADVANCED_FACE ( 'NONE', ( #6422 ), #8763, .F. ) ;
#1221 = ORIENTED_EDGE ( 'NONE', *, *, #9445, .F. ) ;
#1222 = DIRECTION ( 'NONE',  ( 1.000000000000000000, 0.000000000000000000, 0.000000000000000000 ) ) ;
#1223 = CARTESIAN_POINT ( 'NONE',  ( 7.300000000000174794, 60.00000000000000000, -18.48284271247463195 ) ) ;
#1224 = DIRECTION ( 'NONE',  ( 1.000000000000000000, 0.000000000000000000, -5.873343889775968425E-16 ) ) ;
#1225 = CARTESIAN_POINT ( 'NONE',  ( 20.90034085445341816, 22.96864845814733869, -10.79671542039429255 ) ) ;
#1226 = CARTESIAN_POINT ( 'NONE',  ( 7.244715120724625201, 5.183279255308415934, -18.17703062998903007 ) ) ;
#1227 = CARTESIAN_POINT ( 'NONE',  ( -6.999999999999999112, 10.00000000000000178, -17.49999999999999645 ) ) ;
#1228 = CARTESIAN_POINT ( 'NONE',  ( 32.47707729075184346, 51.69592472237591352, 6.858005914286284366 ) ) ;
#1229 = CARTESIAN_POINT ( 'NONE',  ( -1.427236814228102446, 52.09353538468775469, 4.501458510982154770 ) ) ;
#1230 = AXIS2_PLACEMENT_3D ( 'NONE', #3301, #4155, #8044 ) ;
#1231 = EDGE_LOOP ( 'NONE', ( #8362, #9578, #7684, #108 ) ) ;
#1232 = CARTESIAN_POINT ( 'NONE',  ( 22.00000000000000000, 4.000000000000000000, -19.71005050633883826 ) ) ;
#1233 = CARTESIAN_POINT ( 'NONE',  ( -2.404108736990738571, 51.70851705603398329, 6.698045685434558472 ) ) ;
#1234 = ORIENTED_EDGE ( 'NONE', *, *, #1590, .F. ) ;
#1235 = EDGE_CURVE ( 'NONE', #4267, #263, #2817, .T. ) ;
#1236 = VERTEX_POINT ( 'NONE', #5280 ) ;
#1237 = AXIS2_PLACEMENT_3D ( 'NONE', #7389, #1250, #6551 ) ;
#1238 = PRODUCT_RELATED_PRODUCT_CATEGORY ( 'part', '', ( #604 ) ) ;
#1239 = FACE_OUTER_BOUND ( 'NONE', #2275, .T. ) ;
#1240 = CARTESIAN_POINT ( 'NONE',  ( 30.00000000000000000, 16.00000000000000000, -21.99999999999999645 ) ) ;
#1241 = DIRECTION ( 'NONE',  ( -0.000000000000000000, -0.000000000000000000, 1.000000000000000000 ) ) ;
#1242 = CARTESIAN_POINT ( 'NONE',  ( -1.999999999999998224, 45.65000000000000568, 54.49999999999998579 ) ) ;
#1243 = CARTESIAN_POINT ( 'NONE',  ( 30.00000000000006040, 60.00000000000000711, -16.49999999999989342 ) ) ;
#1244 = CARTESIAN_POINT ( 'NONE',  ( 11.09705627484776080, 36.00000000000000711, -20.59999999999999787 ) ) ;
#1245 = VECTOR ( 'NONE', #7769, 1000.000000000000000 ) ;
#1246 = EDGE_CURVE ( 'NONE', #7889, #9862, #2271, .T. ) ;
#1247 = ORIENTED_EDGE ( 'NONE', *, *, #4624, .T. ) ;
#1248 = VERTEX_POINT ( 'NONE', #3762 ) ;
#1249 = AXIS2_PLACEMENT_3D ( 'NONE', #2490, #5548, #1651 ) ;
#1250 = DIRECTION ( 'NONE',  ( 0.000000000000000000, -1.000000000000000000, 0.000000000000000000 ) ) ;
#1251 = DIRECTION ( 'NONE',  ( 0.000000000000000000, 0.000000000000000000, -1.000000000000000000 ) ) ;
#1252 = CYLINDRICAL_SURFACE ( 'NONE', #5739, 1.400000000000000133 ) ;
#1253 = ORIENTED_EDGE ( 'NONE', *, *, #5973, .T. ) ;
#1254 = AXIS2_PLACEMENT_3D ( 'NONE', #7575, #1346, #3784 ) ;
#1255 = AXIS2_PLACEMENT_3D ( 'NONE', #388, #4076, #196 ) ;
#1256 = EDGE_LOOP ( 'NONE', ( #4739, #8214 ) ) ;
#1257 = EDGE_CURVE ( 'NONE', #7982, #3967, #6118, .T. ) ;
#1258 = ORIENTED_EDGE ( 'NONE', *, *, #5636, .T. ) ;
#1259 = VERTEX_POINT ( 'NONE', #5178 ) ;
#1260 = CARTESIAN_POINT ( 'NONE',  ( 21.40710678118649568, 5.268257714774474465, -10.28994949366116529 ) ) ;
#1261 = CARTESIAN_POINT ( 'NONE',  ( 7.300000000000174794, 22.78756443470168236, -18.48284271247463550 ) ) ;
#1262 = CARTESIAN_POINT ( 'NONE',  ( 11.51715728752555989, 60.00000000000000000, -23.39999999999999147 ) ) ;
#1263 = ORIENTED_EDGE ( 'NONE', *, *, #3490, .F. ) ;
#1264 = DIRECTION ( 'NONE',  ( -1.000000000000000000, 0.000000000000000000, 0.000000000000000000 ) ) ;
#1265 = VECTOR ( 'NONE', #3823, 1000.000000000000000 ) ;
#1266 = CARTESIAN_POINT ( 'NONE',  ( -6.999999999999999112, 34.78756443470181381, -7.299999999999952749 ) ) ;
#1267 = EDGE_CURVE ( 'NONE', #3379, #4534, #5379, .T. ) ;
#1268 = DIRECTION ( 'NONE',  ( 0.000000000000000000, 0.000000000000000000, -1.000000000000000000 ) ) ;
#1269 = ADVANCED_FACE ( 'NONE', ( #8967 ), #8204, .F. ) ;
#1270 = ORIENTED_EDGE ( 'NONE', *, *, #6771, .T. ) ;
#1271 = ADVANCED_FACE ( 'NONE', ( #8312 ), #3670, .T. ) ;
#1272 = EDGE_CURVE ( 'NONE', #7258, #3278, #9714, .T. ) ;
#1273 = DIRECTION ( 'NONE',  ( 1.000000000000000000, -0.000000000000000000, 0.000000000000000000 ) ) ;
#1274 = ORIENTED_EDGE ( 'NONE', *, *, #7506, .F. ) ;
#1275 = AXIS2_PLACEMENT_3D ( 'NONE', #3662, #1416, #2213 ) ;
#1276 = VERTEX_POINT ( 'NONE', #4467 ) ;
#1277 = CARTESIAN_POINT ( 'NONE',  ( -6.999999999999999112, 37.21243556529819330, -7.299999999999952749 ) ) ;
#1278 = DIRECTION ( 'NONE',  ( -0.000000000000000000, -1.000000000000000000, -0.000000000000000000 ) ) ;
#1279 = DIRECTION ( 'NONE',  ( 0.000000000000000000, 0.000000000000000000, 1.000000000000000000 ) ) ;
#1280 = CARTESIAN_POINT ( 'NONE',  ( 7.999999999999998224, 24.00000000000000000, -25.29497474683058300 ) ) ;
#1281 = FACE_OUTER_BOUND ( 'NONE', #9322, .T. ) ;
#1282 = CARTESIAN_POINT ( 'NONE',  ( 5.737011913831726595, 40.01018604484119123, -18.35588130498186032 ) ) ;
#1283 = EDGE_CURVE ( 'NONE', #4520, #4689, #1424, .T. ) ;
#1284 = AXIS2_PLACEMENT_3D ( 'NONE', #2829, #5888, #5145 ) ;
#1285 = CARTESIAN_POINT ( 'NONE',  ( -1.900359274689158884, 51.85724000307038040, 5.581225707265845770 ) ) ;
#1286 = ORIENTED_EDGE ( 'NONE', *, *, #4097, .T. ) ;
#1287 = DIRECTION ( 'NONE',  ( -0.000000000000000000, -1.000000000000000000, -0.000000000000000000 ) ) ;
#1288 = DIRECTION ( 'NONE',  ( 0.000000000000000000, 0.000000000000000000, -1.000000000000000000 ) ) ;
#1289 = ORIENTED_EDGE ( 'NONE', *, *, #1267, .F. ) ;
#1290 = AXIS2_PLACEMENT_3D ( 'NONE', #6362, #8552, #2510 ) ;
#1291 = ORIENTED_EDGE ( 'NONE', *, *, #2395, .T. ) ;
#1292 = DIRECTION ( 'NONE',  ( 1.000000000000000000, 0.000000000000000000, -0.000000000000000000 ) ) ;
#1293 = LINE ( 'NONE', #9631, #1107 ) ;
#1294 = EDGE_CURVE ( 'NONE', #7981, #5700, #697, .T. ) ;
#1295 = LINE ( 'NONE', #4233, #8415 ) ;
#1296 = CARTESIAN_POINT ( 'NONE',  ( 23.37475699156268050, 4.304678261854038901, -17.78161599332537079 ) ) ;
#1297 = VECTOR ( 'NONE', #4090, 1000.000000000000000 ) ;
#1298 = FACE_OUTER_BOUND ( 'NONE', #4710, .T. ) ;
#1299 = CARTESIAN_POINT ( 'NONE',  ( 20.60000000000000142, 24.00000000000000000, -25.29497474683058300 ) ) ;
#1300 = ORIENTED_EDGE ( 'NONE', *, *, #7694, .T. ) ;
#1301 = ADVANCED_FACE ( 'NONE', ( #1523 ), #7608, .F. ) ;
#1302 = ORIENTED_EDGE ( 'NONE', *, *, #1950, .T. ) ;
#1303 = CARTESIAN_POINT ( 'NONE',  ( 10.28994949366122214, 60.00000000000000000, -21.40710678118653121 ) ) ;
#1304 = CARTESIAN_POINT ( 'NONE',  ( 0.5996120110371262468, 53.16494116989590424, 3.315175910628311851 ) ) ;
#1305 = LINE ( 'NONE', #2747, #6541 ) ;
#1306 = ORIENTED_EDGE ( 'NONE', *, *, #2984, .T. ) ;
#1307 = VECTOR ( 'NONE', #44, 1000.000000000000000 ) ;
#1308 = EDGE_LOOP ( 'NONE', ( #7295, #307, #6481, #540, #5318, #1274 ) ) ;
#1309 = ORIENTED_EDGE ( 'NONE', *, *, #7764, .F. ) ;
#1310 = ORIENTED_EDGE ( 'NONE', *, *, #2604, .T. ) ;
#1311 = DIRECTION ( 'NONE',  ( -0.000000000000000000, -0.000000000000000000, 1.000000000000000000 ) ) ;
#1312 = EDGE_CURVE ( 'NONE', #4042, #8807, #6073, .T. ) ;
#1313 = CARTESIAN_POINT ( 'NONE',  ( 29.29560641992943459, 53.28408667002059218, 3.151702265009951986 ) ) ;
#1314 = ORIENTED_EDGE ( 'NONE', *, *, #3063, .T. ) ;
#1315 = DIRECTION ( 'NONE',  ( -1.000000000000000000, 0.000000000000000000, 0.000000000000000000 ) ) ;
#1316 = AXIS2_PLACEMENT_3D ( 'NONE', #6962, #6311, #4661 ) ;
#1317 = CARTESIAN_POINT ( 'NONE',  ( 7.999999999999998224, 24.00000000000000000, 0.000000000000000000 ) ) ;
#1318 = FACE_OUTER_BOUND ( 'NONE', #6618, .T. ) ;
#1319 = CARTESIAN_POINT ( 'NONE',  ( 8.592893218813626888, 40.32536866118699237, -10.28994949366116352 ) ) ;
#1320 = CARTESIAN_POINT ( 'NONE',  ( 6.599999999999997868, 24.00000000000000000, -59.00000000000000000 ) ) ;
#1321 = ORIENTED_EDGE ( 'NONE', *, *, #4554, .T. ) ;
#1322 = EDGE_LOOP ( 'NONE', ( #1053, #4046 ) ) ;
#1323 = DIRECTION ( 'NONE',  ( -0.000000000000000000, -0.000000000000000000, 1.000000000000000000 ) ) ;
#1324 = ADVANCED_FACE ( 'NONE', ( #9855 ), #7557, .T. ) ;
#1325 = DIRECTION ( 'NONE',  ( 0.000000000000000000, 0.000000000000000000, -1.000000000000000000 ) ) ;
#1326 = DIRECTION ( 'NONE',  ( -1.000000000000000000, 0.000000000000000000, 0.000000000000000000 ) ) ;
#1327 = CARTESIAN_POINT ( 'NONE',  ( 30.50000000000000355, 45.65000000000000568, 24.99999999999998579 ) ) ;
#1328 = EDGE_CURVE ( 'NONE', #706, #4100, #677, .T. ) ;
#1329 = DIRECTION ( 'NONE',  ( 1.000000000000000000, -0.000000000000000000, -0.000000000000000000 ) ) ;
#1330 = CARTESIAN_POINT ( 'NONE',  ( -0.4999999999999970024, 45.65000000000000568, 55.99999999999998579 ) ) ;
#1331 = VECTOR ( 'NONE', #6357, 1000.000000000000000 ) ;
#1332 = EDGE_CURVE ( 'NONE', #7042, #4931, #2915, .T. ) ;
#1333 = CYLINDRICAL_SURFACE ( 'NONE', #3477, 2.999999999999999112 ) ;
#1334 = ORIENTED_EDGE ( 'NONE', *, *, #2540, .F. ) ;
#1335 = CARTESIAN_POINT ( 'NONE',  ( -0.4999999999999970024, 45.65000000000000568, 21.99999999999998579 ) ) ;
#1336 = CARTESIAN_POINT ( 'NONE',  ( 9.399999999999998579, 4.000000000000000000, -59.00000000000000000 ) ) ;
#1337 = ORIENTED_EDGE ( 'NONE', *, *, #7702, .T. ) ;
#1338 = ORIENTED_EDGE ( 'NONE', *, *, #1576, .F. ) ;
#1339 = EDGE_CURVE ( 'NONE', #4075, #1939, #999, .T. ) ;
#1340 = CARTESIAN_POINT ( 'NONE',  ( 22.69999999999994955, 0.000000000000000000, -18.48284271247463550 ) ) ;
#1341 = EDGE_CURVE ( 'NONE', #4344, #5297, #3815, .T. ) ;
#1342 = LINE ( 'NONE', #4625, #6224 ) ;
#1343 = DIRECTION ( 'NONE',  ( -1.000000000000000000, 0.000000000000000000, 1.239088197126292050E-15 ) ) ;
#1344 = DIRECTION ( 'NONE',  ( 1.000000000000000000, 0.000000000000000000, 0.000000000000000000 ) ) ;
#1345 = CARTESIAN_POINT ( 'NONE',  ( 19.71005050634034816, 46.44956037241168190, -5.000000000001299405 ) ) ;
#1346 = DIRECTION ( 'NONE',  ( 0.000000000000000000, -1.000000000000000000, 0.000000000000000000 ) ) ;
#1347 = ORIENTED_EDGE ( 'NONE', *, *, #2260, .F. ) ;
#1348 = ORIENTED_EDGE ( 'NONE', *, *, #232, .F. ) ;
#1349 = DIRECTION ( 'NONE',  ( 0.000000000000000000, 0.000000000000000000, -1.000000000000000000 ) ) ;
#1350 = CARTESIAN_POINT ( 'NONE',  ( 1.371976661125928088, 54.54195042284445805, 1.843054434043392975 ) ) ;
#1351 = CARTESIAN_POINT ( 'NONE',  ( 23.39999999999995595, 60.00000000000000000, -12.21715728752533359 ) ) ;
#1352 = VERTEX_POINT ( 'NONE', #6865 ) ;
#1353 = VERTEX_POINT ( 'NONE', #5929 ) ;
#1354 = EDGE_CURVE ( 'NONE', #2348, #9147, #1846, .T. ) ;
#1355 = ORIENTED_EDGE ( 'NONE', *, *, #7606, .F. ) ;
#1356 = VECTOR ( 'NONE', #7035, 1000.000000000000000 ) ;
#1357 = ORIENTED_EDGE ( 'NONE', *, *, #6704, .F. ) ;
#1358 = DIRECTION ( 'NONE',  ( -9.293161478447189878E-14, 0.000000000000000000, 1.000000000000000000 ) ) ;
#1359 = ORIENTED_EDGE ( 'NONE', *, *, #1015, .T. ) ;
#1360 = DIRECTION ( 'NONE',  ( 1.000000000000000000, -0.000000000000000000, -0.000000000000000000 ) ) ;
#1361 = PLANE ( 'NONE',  #9105 ) ;
#1362 = CARTESIAN_POINT ( 'NONE',  ( 15.00000000000000000, 60.00000000000000000, -37.00000000000000711 ) ) ;
#1363 = CARTESIAN_POINT ( 'NONE',  ( 23.39999999999995595, 52.16163282309373983, -12.21715728752533359 ) ) ;
#1364 = CIRCLE ( 'NONE', #5041, 1.499999999999999556 ) ;
#1365 = DIRECTION ( 'NONE',  ( 1.000000000000000000, 0.000000000000000000, 0.000000000000000000 ) ) ;
#1366 = ORIENTED_EDGE ( 'NONE', *, *, #391, .F. ) ;
#1367 = ORIENTED_EDGE ( 'NONE', *, *, #3584, .F. ) ;
#1368 = DIRECTION ( 'NONE',  ( -0.000000000000000000, -1.000000000000000000, -0.000000000000000000 ) ) ;
#1369 = VECTOR ( 'NONE', #8698, 1000.000000000000000 ) ;
#1370 = CARTESIAN_POINT ( 'NONE',  ( 19.71005050633881339, 37.26825771477451354, -8.592893218813411949 ) ) ;
#1371 = CARTESIAN_POINT ( 'NONE',  ( 23.39999999999999858, 24.00000000000000000, -59.00000000000000000 ) ) ;
#1372 = CARTESIAN_POINT ( 'NONE',  ( 25.29497474683051905, 16.00000000000000000, -20.59999999999999787 ) ) ;
#1373 = CARTESIAN_POINT ( 'NONE',  ( 22.00000000000000000, 32.00000000000000000, -59.00000000000000000 ) ) ;
#1374 = CARTESIAN_POINT ( 'NONE',  ( 33.00000000000000000, 51.64999999999999858, 59.50000000000001421 ) ) ;
#1375 = LINE ( 'NONE', #4418, #9705 ) ;
#1376 = ORIENTED_EDGE ( 'NONE', *, *, #3868, .T. ) ;
#1377 = CARTESIAN_POINT ( 'NONE',  ( 19.71005050633881339, 34.78756443470183513, -7.299999999999916334 ) ) ;
#1378 = CARTESIAN_POINT ( 'NONE',  ( 33.00000000000000000, 54.65000000000000568, 0.000000000000000000 ) ) ;
#1379 = AXIS2_PLACEMENT_3D ( 'NONE', #9764, #8915, #5021 ) ;
#1380 = EDGE_LOOP ( 'NONE', ( #4125, #1068 ) ) ;
#1381 = EDGE_CURVE ( 'NONE', #2762, #4792, #2167, .T. ) ;
#1382 = ORIENTED_EDGE ( 'NONE', *, *, #5851, .F. ) ;
#1383 = CARTESIAN_POINT ( 'NONE',  ( -3.104132554771041867E-14, 70.00000000000000000, -16.49999999999998579 ) ) ;
#1384 = DIRECTION ( 'NONE',  ( -0.000000000000000000, -1.000000000000000000, -0.000000000000000000 ) ) ;
#1385 = AXIS2_PLACEMENT_3D ( 'NONE', #9753, #2106, #5165 ) ;
#1386 = DIRECTION ( 'NONE',  ( -0.000000000000000000, -1.000000000000000000, -0.000000000000000000 ) ) ;
#1387 = DIRECTION ( 'NONE',  ( 0.000000000000000000, 0.000000000000000000, 1.000000000000000000 ) ) ;
#1388 = ADVANCED_FACE ( 'NONE', ( #75 ), #124, .F. ) ;
#1389 = CARTESIAN_POINT ( 'NONE',  ( 23.40000000000000213, 4.151349233333321287, -17.78284271247457937 ) ) ;
#1390 = CARTESIAN_POINT ( 'NONE',  ( 22.00000000000000000, 31.00000000000000000, -59.00000000000000000 ) ) ;
#1391 = CARTESIAN_POINT ( 'NONE',  ( 27.00000000000000000, 49.00000000000000000, -31.90192378864668044 ) ) ;
#1392 = ADVANCED_FACE ( 'NONE', ( #2268 ), #2219, .T. ) ;
#1393 = EDGE_CURVE ( 'NONE', #2921, #1622, #1521, .T. ) ;
#1394 = VECTOR ( 'NONE', #7731, 1000.000000000000000 ) ;
#1395 = ORIENTED_EDGE ( 'NONE', *, *, #1085, .F. ) ;
#1396 = ORIENTED_EDGE ( 'NONE', *, *, #973, .F. ) ;
#1397 = DIRECTION ( 'NONE',  ( 0.000000000000000000, 0.000000000000000000, 1.000000000000000000 ) ) ;
#1398 = PLANE ( 'NONE',  #442 ) ;
#1399 = VECTOR ( 'NONE', #1241, 1000.000000000000000 ) ;
#1400 = EDGE_CURVE ( 'NONE', #2378, #8976, #3861, .T. ) ;
#1401 = CARTESIAN_POINT ( 'NONE',  ( 1.189126000534465710, 54.05366534727798467, 2.282529972609588675 ) ) ;
#1402 = CARTESIAN_POINT ( 'NONE',  ( 9.400000000000002132, 3.440592957439723598, -11.09705627484753521 ) ) ;
#1403 = ORIENTED_EDGE ( 'NONE', *, *, #7292, .T. ) ;
#1404 = EDGE_CURVE ( 'NONE', #7799, #611, #6910, .T. ) ;
#1405 = EDGE_LOOP ( 'NONE', ( #814, #4206, #6612, #9474 ) ) ;
#1406 = VECTOR ( 'NONE', #3336, 1000.000000000000000 ) ;
#1407 = VERTEX_POINT ( 'NONE', #4607 ) ;
#1408 = VECTOR ( 'NONE', #5794, 1000.000000000000000 ) ;
#1409 = DIRECTION ( 'NONE',  ( 0.000000000000000000, 0.000000000000000000, 1.000000000000000000 ) ) ;
#1410 = EDGE_LOOP ( 'NONE', ( #2614, #3578 ) ) ;
#1411 = DIRECTION ( 'NONE',  ( -0.000000000000000000, -1.000000000000000000, -0.000000000000000000 ) ) ;
#1412 = CARTESIAN_POINT ( 'NONE',  ( 6.599999999999996980, 24.00000000000000000, -12.21715728752533359 ) ) ;
#1413 = DIRECTION ( 'NONE',  ( 1.166200656118861960E-16, 0.000000000000000000, 1.000000000000000000 ) ) ;
#1414 = VECTOR ( 'NONE', #4375, 1000.000000000000000 ) ;
#1415 = VECTOR ( 'NONE', #4927, 1000.000000000000000 ) ;
#1416 = DIRECTION ( 'NONE',  ( -1.000000000000000000, 0.000000000000000000, 0.000000000000000000 ) ) ;
#1417 = FACE_OUTER_BOUND ( 'NONE', #4252, .T. ) ;
#1418 = VERTEX_POINT ( 'NONE', #3905 ) ;
#1419 = CIRCLE ( 'NONE', #5730, 1.499999999999997780 ) ;
#1420 = ORIENTED_EDGE ( 'NONE', *, *, #3513, .T. ) ;
#1421 = CARTESIAN_POINT ( 'NONE',  ( 23.39999999999999858, 24.00000000000000000, -17.78284271247457582 ) ) ;
#1422 = AXIS2_PLACEMENT_3D ( 'NONE', #2174, #730, #4616 ) ;
#1423 = DIRECTION ( 'NONE',  ( 0.000000000000000000, 0.000000000000000000, 1.000000000000000000 ) ) ;
#1424 = LINE ( 'NONE', #1371, #9622 ) ;
#1425 = LINE ( 'NONE', #5079, #8536 ) ;
#1426 = CARTESIAN_POINT ( 'NONE',  ( 20.60000000000000142, 24.55940704256032703, -11.09705627484773416 ) ) ;
#1427 = CARTESIAN_POINT ( 'NONE',  ( 22.69999999999994955, 50.68817955499562800, -10.28994949366116707 ) ) ;
#1428 = EDGE_CURVE ( 'NONE', #4682, #3940, #7658, .T. ) ;
#1429 = DIRECTION ( 'NONE',  ( -1.000000000000000000, 0.000000000000000000, 0.000000000000000000 ) ) ;
#1430 = ORIENTED_EDGE ( 'NONE', *, *, #8284, .F. ) ;
#1431 = CARTESIAN_POINT ( 'NONE',  ( 10.28994949366134470, 37.21243556529822172, -22.69999999999998863 ) ) ;
#1432 = CIRCLE ( 'NONE', #6380, 1.400000000000000133 ) ;
#1433 = DIRECTION ( 'NONE',  ( 0.000000000000000000, 0.000000000000000000, 1.000000000000000000 ) ) ;
#1434 = AXIS2_PLACEMENT_3D ( 'NONE', #4199, #2843, #557 ) ;
#1435 = ORIENTED_EDGE ( 'NONE', *, *, #8249, .T. ) ;
#1436 = EDGE_LOOP ( 'NONE', ( #6008, #4307, #5465, #7159, #5315, #8307, #7887, #3437, #5462, #8811 ) ) ;
#1437 = CARTESIAN_POINT ( 'NONE',  ( 22.00000000000000000, 24.00000000000000000, -59.00000000000000000 ) ) ;
#1438 = AXIS2_PLACEMENT_3D ( 'NONE', #8981, #1944, #9583 ) ;
#1439 = DIRECTION ( 'NONE',  ( 0.000000000000000000, 0.000000000000000000, 1.000000000000000000 ) ) ;
#1440 = CARTESIAN_POINT ( 'NONE',  ( 1.000000000000004663, 45.65000000000000568, 0.000000000000000000 ) ) ;
#1441 = LINE ( 'NONE', #3778, #3630 ) ;
#1442 = EDGE_CURVE ( 'NONE', #6712, #6371, #535, .T. ) ;
#1443 = ORIENTED_EDGE ( 'NONE', *, *, #3754, .F. ) ;
#1444 = DIRECTION ( 'NONE',  ( 1.000000000000000000, 0.000000000000000000, 0.000000000000000000 ) ) ;
#1445 = DIRECTION ( 'NONE',  ( -0.000000000000000000, -1.000000000000000000, -0.000000000000000000 ) ) ;
#1446 = ADVANCED_FACE ( 'NONE', ( #4558, #8309, #3812, #6160, #720 ), #9203, .F. ) ;
#1447 = CARTESIAN_POINT ( 'NONE',  ( 0.000000000000000000, 60.00000000000000000, -30.00000000000000000 ) ) ;
#1448 = VECTOR ( 'NONE', #3304, 1000.000000000000000 ) ;
#1449 = EDGE_LOOP ( 'NONE', ( #5601, #7829, #2101, #1958 ) ) ;
#1450 = ORIENTED_EDGE ( 'NONE', *, *, #6993, .T. ) ;
#1451 = DIRECTION ( 'NONE',  ( 0.000000000000000000, 0.000000000000000000, -1.000000000000000000 ) ) ;
#1452 = CYLINDRICAL_SURFACE ( 'NONE', #9525, 2.999999999999999112 ) ;
#1453 = ADVANCED_FACE ( 'NONE', ( #2363 ), #2959, .F. ) ;
#1454 = AXIS2_PLACEMENT_3D ( 'NONE', #6348, #3143, #7000 ) ;
#1455 = ADVANCED_FACE ( 'NONE', ( #7604 ), #5472, .T. ) ;
#1456 = CARTESIAN_POINT ( 'NONE',  ( 1.385317520568848826, 54.58903088674576765, 1.804224690229320416 ) ) ;
#1457 = CARTESIAN_POINT ( 'NONE',  ( 12.21839554622695800, 35.69551851200731818, -23.37483835544002631 ) ) ;
#1458 = VERTEX_POINT ( 'NONE', #6863 ) ;
#1459 = ORIENTED_EDGE ( 'NONE', *, *, #6010, .T. ) ;
#1460 = VERTEX_POINT ( 'NONE', #7706 ) ;
#1461 = CARTESIAN_POINT ( 'NONE',  ( 0.000000000000000000, 60.00000000000000000, -25.00000000000000000 ) ) ;
#1462 = ORIENTED_EDGE ( 'NONE', *, *, #5973, .F. ) ;
#1463 = CARTESIAN_POINT ( 'NONE',  ( 10.90710678118671950, 40.89225053870399051, -24.99999999999999645 ) ) ;
#1464 = EDGE_CURVE ( 'NONE', #6213, #2665, #9158, .T. ) ;
#1465 = CARTESIAN_POINT ( 'NONE',  ( 19.99999999999999645, 32.00000000000000000, -53.99999999999999289 ) ) ;
#1466 = AXIS2_PLACEMENT_3D ( 'NONE', #691, #7119, #4719 ) ;
#1467 = CARTESIAN_POINT ( 'NONE',  ( 20.60000000000000142, 24.00000000000000000, -18.90294372515227650 ) ) ;
#1468 = CYLINDRICAL_SURFACE ( 'NONE', #8925, 1.500000000000001332 ) ;
#1469 = ORIENTED_EDGE ( 'NONE', *, *, #5244, .F. ) ;
#1470 = EDGE_CURVE ( 'NONE', #5474, #3379, #4236, .T. ) ;
#1471 = CIRCLE ( 'NONE', #1149, 1.400000000000000133 ) ;
#1472 = ORIENTED_EDGE ( 'NONE', *, *, #1686, .T. ) ;
#1473 = DIRECTION ( 'NONE',  ( -1.000000000000000000, 0.000000000000000000, -0.000000000000000000 ) ) ;
#1474 = CARTESIAN_POINT ( 'NONE',  ( 25.29497474683052616, 16.00000000000000000, -6.600000000000001421 ) ) ;
#1475 = DIRECTION ( 'NONE',  ( 0.7071067811865477948, 0.000000000000000000, -0.7071067811865473507 ) ) ;
#1476 = CARTESIAN_POINT ( 'NONE',  ( 17.80337203115469435, 36.72748197152031224, -23.20529186914934527 ) ) ;
#1477 = LINE ( 'NONE', #9114, #3838 ) ;
#1478 = DIRECTION ( 'NONE',  ( 9.257989608163444543E-14, 0.000000000000000000, -1.000000000000000000 ) ) ;
#1479 = ADVANCED_FACE ( 'NONE', ( #675 ), #6765, .T. ) ;
#1480 = VERTEX_POINT ( 'NONE', #1810 ) ;
#1481 = VECTOR ( 'NONE', #6471, 1000.000000000000000 ) ;
#1482 = CARTESIAN_POINT ( 'NONE',  ( 10.61213203435614005, 60.00000000000000000, -25.29497474683057945 ) ) ;
#1483 = CARTESIAN_POINT ( 'NONE',  ( 30.00000000000000000, 16.00000000000000000, -20.59999999999999787 ) ) ;
#1484 = ORIENTED_EDGE ( 'NONE', *, *, #2042, .T. ) ;
#1485 =( BOUNDED_CURVE ( )  B_SPLINE_CURVE ( 3, ( #8473, #6176, #5344, #4480 ),
 .UNSPECIFIED., .F., .T. ) 
 B_SPLINE_CURVE_WITH_KNOTS ( ( 4, 4 ),
 ( 3.885980886977174364, 4.017699144210137518 ),
 .UNSPECIFIED. ) 
 CURVE ( )  GEOMETRIC_REPRESENTATION_ITEM ( )  RATIONAL_B_SPLINE_CURVE ( ( 1.000000000000000000, 0.9985547142407998900, 0.9985547142407998900, 1.000000000000000000 ) ) 
 REPRESENTATION_ITEM ( '' )  );
#1486 = ADVANCED_FACE ( 'NONE', ( #3402, #8651, #3956, #4901, #2653 ), #367, .T. ) ;
#1487 = EDGE_CURVE ( 'NONE', #9053, #9332, #1913, .T. ) ;
#1488 = ORIENTED_EDGE ( 'NONE', *, *, #3033, .T. ) ;
#1489 = CARTESIAN_POINT ( 'NONE',  ( 22.69999999999995666, 25.21243556529823593, -10.28994949366116884 ) ) ;
#1490 = AXIS2_PLACEMENT_3D ( 'NONE', #4610, #8355, #770 ) ;
#1491 = LINE ( 'NONE', #4526, #2862 ) ;
#1492 = CARTESIAN_POINT ( 'NONE',  ( 22.00000000000000000, 24.00000000000000000, -4.705025253169417887 ) ) ;
#1493 = CARTESIAN_POINT ( 'NONE',  ( 21.40710678118648502, 60.00000000000000000, -19.71005050633883826 ) ) ;
#1494 = ORIENTED_EDGE ( 'NONE', *, *, #4544, .T. ) ;
#1495 = FACE_OUTER_BOUND ( 'NONE', #8341, .T. ) ;
#1496 = DIRECTION ( 'NONE',  ( 0.000000000000000000, 0.000000000000000000, -1.000000000000000000 ) ) ;
#1497 = CARTESIAN_POINT ( 'NONE',  ( 17.80556620900301468, 44.63713057187344191, -23.20682824289881196 ) ) ;
#1498 = VERTEX_POINT ( 'NONE', #4850 ) ;
#1499 = EDGE_CURVE ( 'NONE', #4598, #9244, #4751, .T. ) ;
#1500 = ORIENTED_EDGE ( 'NONE', *, *, #9199, .F. ) ;
#1501 = LINE ( 'NONE', #414, #6599 ) ;
#1502 = DIRECTION ( 'NONE',  ( 0.000000000000000000, 0.000000000000000000, 1.000000000000000000 ) ) ;
#1503 = LINE ( 'NONE', #749, #5586 ) ;
#1504 = CARTESIAN_POINT ( 'NONE',  ( 30.00000000000000000, 54.65000000000000568, -2.999999999999996447 ) ) ;
#1505 = DIRECTION ( 'NONE',  ( 1.000000000000000000, 0.000000000000000000, 0.000000000000000000 ) ) ;
#1506 = CARTESIAN_POINT ( 'NONE',  ( 9.099659145546635131, 2.968648458147425728, -10.79671542039416998 ) ) ;
#1507 = ORIENTED_EDGE ( 'NONE', *, *, #4988, .T. ) ;
#1508 = VERTEX_POINT ( 'NONE', #9492 ) ;
#1509 = EDGE_CURVE ( 'NONE', #6403, #4557, #7228, .T. ) ;
#1510 = ORIENTED_EDGE ( 'NONE', *, *, #3426, .F. ) ;
#1511 = ADVANCED_FACE ( 'NONE', ( #8694 ), #7010, .F. ) ;
#1512 = CARTESIAN_POINT ( 'NONE',  ( 12.21715728752552010, 16.00000000000000000, -6.600000000000000533 ) ) ;
#1513 = ORIENTED_EDGE ( 'NONE', *, *, #7038, .T. ) ;
#1514 = CARTESIAN_POINT ( 'NONE',  ( 19.11467324811707158, 45.80323229896985282, -9.188270477035207051 ) ) ;
#1515 = DIRECTION ( 'NONE',  ( -1.000000000000000000, 0.000000000000000000, 0.000000000000000000 ) ) ;
#1516 = CARTESIAN_POINT ( 'NONE',  ( 28.67567004615644777, 54.38078338381473031, 1.977562623211013060 ) ) ;
#1517 = CARTESIAN_POINT ( 'NONE',  ( 11.51715728752555989, 17.21243556529821461, -22.69999999999998863 ) ) ;
#1518 = EDGE_LOOP ( 'NONE', ( #5821, #3401, #4694, #6751 ) ) ;
#1519 = EDGE_CURVE ( 'NONE', #2642, #2610, #5613, .T. ) ;
#1520 = ORIENTED_EDGE ( 'NONE', *, *, #8250, .T. ) ;
#1521 = LINE ( 'NONE', #6071, #5163 ) ;
#1522 = DIRECTION ( 'NONE',  ( 8.810015834663948693E-16, -0.000000000000000000, 1.000000000000000000 ) ) ;
#1523 = FACE_OUTER_BOUND ( 'NONE', #8030, .T. ) ;
#1524 = DIRECTION ( 'NONE',  ( 0.000000000000000000, 0.000000000000000000, 1.000000000000000000 ) ) ;
#1525 = CARTESIAN_POINT ( 'NONE',  ( 4.999999999999928058, 40.00000000000000000, -4.999999999999996447 ) ) ;
#1526 = CIRCLE ( 'NONE', #3109, 2.500000000000002220 ) ;
#1527 = DIRECTION ( 'NONE',  ( 1.000000000000000000, -0.000000000000000000, -0.000000000000000000 ) ) ;
#1528 = ORIENTED_EDGE ( 'NONE', *, *, #745, .F. ) ;
#1529 = CARTESIAN_POINT ( 'NONE',  ( 0.000000000000000000, 60.00000000000000000, -4.999999999999995559 ) ) ;
#1530 = CYLINDRICAL_SURFACE ( 'NONE', #2217, 1.500000000000001332 ) ;
#1531 = VERTEX_POINT ( 'NONE', #2607 ) ;
#1532 = EDGE_CURVE ( 'NONE', #149, #4351, #4804, .T. ) ;
#1533 = AXIS2_PLACEMENT_3D ( 'NONE', #9701, #5117, #7300 ) ;
#1534 = VERTEX_POINT ( 'NONE', #1712 ) ;
#1535 = DIRECTION ( 'NONE',  ( 1.000000000000000000, -0.000000000000000000, -0.000000000000000000 ) ) ;
#1536 =( NAMED_UNIT ( * ) SI_UNIT ( $, .STERADIAN. ) SOLID_ANGLE_UNIT ( ) );
#1537 = CARTESIAN_POINT ( 'NONE',  ( 22.00000000000000000, 24.00000000000000000, -30.00000000000000000 ) ) ;
#1538 = CARTESIAN_POINT ( 'NONE',  ( 19.71005050633878142, 60.00000000000000000, -22.69999999999998863 ) ) ;
#1539 = ORIENTED_EDGE ( 'NONE', *, *, #1610, .T. ) ;
#1540 = CARTESIAN_POINT ( 'NONE',  ( -6.999999999999999112, 36.00000000000000711, -9.399999999999995026 ) ) ;
#1541 = AXIS2_PLACEMENT_3D ( 'NONE', #8654, #7201, #6360 ) ;
#1542 = DIRECTION ( 'NONE',  ( -1.000000000000000000, 0.000000000000000000, 5.873343889775968425E-16 ) ) ;
#1543 = CARTESIAN_POINT ( 'NONE',  ( 28.50000000000001066, 50.50000000000001421, -30.40192378864668044 ) ) ;
#1544 = VERTEX_POINT ( 'NONE', #1857 ) ;
#1545 = AXIS2_PLACEMENT_3D ( 'NONE', #5076, #1368, #9008 ) ;
#1546 = ORIENTED_EDGE ( 'NONE', *, *, #4708, .T. ) ;
#1547 = DIRECTION ( 'NONE',  ( 0.000000000000000000, 1.000000000000000000, -0.000000000000000000 ) ) ;
#1548 = PLANE ( 'NONE',  #5376 ) ;
#1549 = LINE ( 'NONE', #5456, #8931 ) ;
#1550 = CARTESIAN_POINT ( 'NONE',  ( 36.00000000000001421, 45.65000000000000568, 4.198322362027903746E-15 ) ) ;
#1551 = LINE ( 'NONE', #5642, #2369 ) ;
#1552 = LINE ( 'NONE', #2945, #7304 ) ;
#1553 = CIRCLE ( 'NONE', #5541, 1.400000000000001021 ) ;
#1554 = VERTEX_POINT ( 'NONE', #266 ) ;
#1555 = ORIENTED_EDGE ( 'NONE', *, *, #3207, .T. ) ;
#1556 = ORIENTED_EDGE ( 'NONE', *, *, #8950, .F. ) ;
#1557 = AXIS2_PLACEMENT_3D ( 'NONE', #1656, #3141, #6060 ) ;
#1558 = DIRECTION ( 'NONE',  ( -0.000000000000000000, -1.000000000000000000, -0.000000000000000000 ) ) ;
#1559 = ORIENTED_EDGE ( 'NONE', *, *, #6947, .T. ) ;
#1560 = DIRECTION ( 'NONE',  ( 1.000000000000000000, 0.000000000000000000, 0.000000000000000000 ) ) ;
#1561 = DIRECTION ( 'NONE',  ( 1.000000000000000000, -0.000000000000000000, -0.000000000000000000 ) ) ;
#1562 = CARTESIAN_POINT ( 'NONE',  ( 30.21013967391435173, 53.54553273087751109, 1.221331487287657280 ) ) ;
#1563 = EDGE_CURVE ( 'NONE', #7552, #4150, #7150, .T. ) ;
#1564 = VECTOR ( 'NONE', #8678, 1000.000000000000000 ) ;
#1565 = ORIENTED_EDGE ( 'NONE', *, *, #6273, .F. ) ;
#1566 = ORIENTED_EDGE ( 'NONE', *, *, #5074, .F. ) ;
#1567 = CARTESIAN_POINT ( 'NONE',  ( 10.28994949366134293, 60.00000000000000000, -22.69999999999998863 ) ) ;
#1568 = EDGE_CURVE ( 'NONE', #1639, #7632, #1056, .T. ) ;
#1569 = DIRECTION ( 'NONE',  ( -1.000000000000000000, 0.000000000000000000, 0.000000000000000000 ) ) ;
#1570 = DIRECTION ( 'NONE',  ( 0.000000000000000000, 0.000000000000000000, -1.000000000000000000 ) ) ;
#1571 = CARTESIAN_POINT ( 'NONE',  ( 21.40710678118648502, 22.73174228522553619, -19.71005050633883826 ) ) ;
#1572 = VECTOR ( 'NONE', #5985, 1000.000000000000000 ) ;
#1573 = LINE ( 'NONE', #5282, #2085 ) ;
#1574 = AXIS2_PLACEMENT_3D ( 'NONE', #259, #1102, #7288 ) ;
#1575 = CARTESIAN_POINT ( 'NONE',  ( 4.999999999999998224, 70.00000000000000000, -4.999999999999998224 ) ) ;
#1576 = EDGE_CURVE ( 'NONE', #4051, #8094, #7944, .T. ) ;
#1577 = EDGE_CURVE ( 'NONE', #5937, #4477, #7197, .T. ) ;
#1578 = EDGE_LOOP ( 'NONE', ( #2680, #7067, #4934, #206 ) ) ;
#1579 = CYLINDRICAL_SURFACE ( 'NONE', #8440, 1.500000000000001332 ) ;
#1580 = CARTESIAN_POINT ( 'NONE',  ( 12.21715728752556096, 15.84827106045869094, -23.39999999999999503 ) ) ;
#1581 = ORIENTED_EDGE ( 'NONE', *, *, #5350, .T. ) ;
#1582 = AXIS2_PLACEMENT_3D ( 'NONE', #5172, #4363, #1365 ) ;
#1583 = AXIS2_PLACEMENT_3D ( 'NONE', #9081, #6884, #2289 ) ;
#1584 = VERTEX_POINT ( 'NONE', #3300 ) ;
#1585 = CARTESIAN_POINT ( 'NONE',  ( 30.00000000000000000, 45.65000000000000568, -2.999999999999996447 ) ) ;
#1586 = CARTESIAN_POINT ( 'NONE',  ( 28.50000000000001066, 52.00000000000000711, -33.00000000000000000 ) ) ;
#1587 = CARTESIAN_POINT ( 'NONE',  ( 29.00000000000000000, 45.65000000000000568, 0.000000000000000000 ) ) ;
#1588 = DIRECTION ( 'NONE',  ( -0.000000000000000000, -1.000000000000000000, -0.000000000000000000 ) ) ;
#1589 = AXIS2_PLACEMENT_3D ( 'NONE', #3082, #6139, #3844 ) ;
#1590 = EDGE_CURVE ( 'NONE', #968, #1276, #9143, .T. ) ;
#1591 = ORIENTED_EDGE ( 'NONE', *, *, #9498, .F. ) ;
#1592 = VECTOR ( 'NONE', #9166, 1000.000000000000000 ) ;
#1593 = DIRECTION ( 'NONE',  ( 0.000000000000000000, -0.000000000000000000, 1.000000000000000000 ) ) ;
#1594 = DIRECTION ( 'NONE',  ( 1.000000000000000000, 0.000000000000000000, 0.000000000000000000 ) ) ;
#1595 = CARTESIAN_POINT ( 'NONE',  ( 4.705025253169601740, 16.00000000000000000, -6.600000000000001421 ) ) ;
#1596 = VECTOR ( 'NONE', #7082, 1000.000000000000000 ) ;
#1597 = ORIENTED_EDGE ( 'NONE', *, *, #8087, .F. ) ;
#1598 = VERTEX_POINT ( 'NONE', #7751 ) ;
#1599 = CARTESIAN_POINT ( 'NONE',  ( 29.13930082458074367, 49.76857891291973601, -30.12326803149899490 ) ) ;
#1600 = CARTESIAN_POINT ( 'NONE',  ( 21.40710678118649568, 0.000000000000000000, -10.28994949366116529 ) ) ;
#1601 = CARTESIAN_POINT ( 'NONE',  ( 22.75439911253672776, 2.816086647985384328, -18.17835869808117266 ) ) ;
#1602 = CARTESIAN_POINT ( 'NONE',  ( 22.00000000000000000, 4.000000000000000000, 0.000000000000000000 ) ) ;
#1603 = PRESENTATION_LAYER_ASSIGNMENT (  '', '', ( #7336 ) ) ;
#1604 = DIRECTION ( 'NONE',  ( 0.000000000000000000, 0.000000000000000000, -1.000000000000000000 ) ) ;
#1605 = CARTESIAN_POINT ( 'NONE',  ( 19.81811800659544787, 28.96710231542727243, -32.49965228804014572 ) ) ;
#1606 = VERTEX_POINT ( 'NONE', #909 ) ;
#1607 = ORIENTED_EDGE ( 'NONE', *, *, #8206, .T. ) ;
#1608 = VERTEX_POINT ( 'NONE', #6259 ) ;
#1609 = EDGE_CURVE ( 'NONE', #6261, #3326, #3226, .T. ) ;
#1610 = EDGE_CURVE ( 'NONE', #1044, #2618, #8547, .T. ) ;
#1611 = AXIS2_PLACEMENT_3D ( 'NONE', #9619, #8816, #4370 ) ;
#1612 = CARTESIAN_POINT ( 'NONE',  ( 4.999999999999997335, 60.00000000000000000, -19.71005050633879208 ) ) ;
#1613 = ORIENTED_EDGE ( 'NONE', *, *, #2127, .F. ) ;
#1614 = CYLINDRICAL_SURFACE ( 'NONE', #9742, 0.7000000000000009548 ) ;
#1615 = CARTESIAN_POINT ( 'NONE',  ( 29.00000000000000000, 45.65000000000000568, 54.49999999999998579 ) ) ;
#1616 = CARTESIAN_POINT ( 'NONE',  ( 31.66502906055682942, 51.95745853973868833, 5.051091828545768436 ) ) ;
#1617 = AXIS2_PLACEMENT_3D ( 'NONE', #9756, #2110, #5323 ) ;
#1618 = ORIENTED_EDGE ( 'NONE', *, *, #2778, .T. ) ;
#1619 = EDGE_LOOP ( 'NONE', ( #5503, #3090, #4977, #8582 ) ) ;
#1620 = DIRECTION ( 'NONE',  ( 1.000000000000000000, -0.000000000000000000, -0.000000000000000000 ) ) ;
#1621 = FACE_OUTER_BOUND ( 'NONE', #7063, .T. ) ;
#1622 = VERTEX_POINT ( 'NONE', #9348 ) ;
#1623 = CARTESIAN_POINT ( 'NONE',  ( 18.40665527057416995, 37.21243556529804408, -22.70000000000028706 ) ) ;
#1624 = CARTESIAN_POINT ( 'NONE',  ( 18.90294372515236176, 16.00000000000000000, -20.59999999999999787 ) ) ;
#1625 = CARTESIAN_POINT ( 'NONE',  ( 17.80598436079933578, 44.63747895836641533, -6.794450894215017023 ) ) ;
#1626 = EDGE_LOOP ( 'NONE', ( #6519, #4439, #8136, #413, #7654 ) ) ;
#1627 = CARTESIAN_POINT ( 'NONE',  ( 28.50000000000001066, 26.00000000000000355, -33.00000000000000000 ) ) ;
#1628 = CARTESIAN_POINT ( 'NONE',  ( 11.81198432534860743, 14.82438818882708453, -22.76074115118614927 ) ) ;
#1629 = VERTEX_POINT ( 'NONE', #2244 ) ;
#1630 = AXIS2_PLACEMENT_3D ( 'NONE', #8222, #4244, #9438 ) ;
#1631 = EDGE_CURVE ( 'NONE', #9683, #7321, #8658, .T. ) ;
#1632 = VERTEX_POINT ( 'NONE', #8146 ) ;
#1633 = DIRECTION ( 'NONE',  ( 1.000000000000000000, 0.000000000000000000, 0.000000000000000000 ) ) ;
#1634 = CARTESIAN_POINT ( 'NONE',  ( 1.499999999999997780, 55.43947368421052602, 1.197686559409050444 ) ) ;
#1635 = EDGE_CURVE ( 'NONE', #6453, #3297, #8987, .T. ) ;
#1636 = DIRECTION ( 'NONE',  ( 1.000000000000000000, 0.000000000000000000, -2.683475248743013296E-15 ) ) ;
#1637 = LINE ( 'NONE', #6879, #3376 ) ;
#1638 = CARTESIAN_POINT ( 'NONE',  ( 30.32023201656622291, 53.30134013783794700, 1.602518345471775296 ) ) ;
#1639 = VERTEX_POINT ( 'NONE', #3788 ) ;
#1640 = DIRECTION ( 'NONE',  ( 0.7071067811865442421, 0.000000000000000000, 0.7071067811865509034 ) ) ;
#1641 = DIRECTION ( 'NONE',  ( -0.000000000000000000, -1.000000000000000000, -0.000000000000000000 ) ) ;
#1642 = EDGE_CURVE ( 'NONE', #8491, #8397, #5759, .T. ) ;
#1643 = CIRCLE ( 'NONE', #9612, 1.500000000000001332 ) ;
#1644 = EDGE_LOOP ( 'NONE', ( #2142, #2086, #5102, #6509, #4967, #1770, #2836, #1016 ) ) ;
#1645 = ORIENTED_EDGE ( 'NONE', *, *, #4621, .F. ) ;
#1646 = CARTESIAN_POINT ( 'NONE',  ( 10.50000000000013856, 30.00000000000000355, -17.49999999999999645 ) ) ;
#1647 = DIRECTION ( 'NONE',  ( 0.000000000000000000, -1.000000000000000000, 0.000000000000000000 ) ) ;
#1648 = CARTESIAN_POINT ( 'NONE',  ( -6.000000000000012434, 45.65000000000000568, 6.997203936713186057E-16 ) ) ;
#1649 = AXIS2_PLACEMENT_3D ( 'NONE', #3715, #6812, #5329 ) ;
#1650 = CARTESIAN_POINT ( 'NONE',  ( -2.289626722893380872, 51.69720487881191673, 7.129409917654285778 ) ) ;
#1651 = DIRECTION ( 'NONE',  ( 0.000000000000000000, 0.000000000000000000, 1.000000000000000000 ) ) ;
#1652 = VERTEX_POINT ( 'NONE', #5859 ) ;
#1653 = EDGE_LOOP ( 'NONE', ( #9611, #3526, #8302, #6876 ) ) ;
#1654 = EDGE_CURVE ( 'NONE', #7775, #6393, #4203, .T. ) ;
#1655 = ORIENTED_EDGE ( 'NONE', *, *, #9636, .F. ) ;
#1656 = CARTESIAN_POINT ( 'NONE',  ( 4.999999999999997335, 60.00000000000000000, -19.71005050633883826 ) ) ;
#1657 = ORIENTED_EDGE ( 'NONE', *, *, #1428, .T. ) ;
#1658 = CARTESIAN_POINT ( 'NONE',  ( 20.60000000000000142, 4.000000000000000000, -11.09705627484773593 ) ) ;
#1659 = CARTESIAN_POINT ( 'NONE',  ( -0.1138686765078290863, 53.83048705816230495, 0.8270630629837026904 ) ) ;
#1660 = CYLINDRICAL_SURFACE ( 'NONE', #3173, 1.399999999999998579 ) ;
#1661 = EDGE_LOOP ( 'NONE', ( #1309, #3200, #9532, #4240, #7571, #8612, #3160, #1217, #2650, #6558 ) ) ;
#1662 = ORIENTED_EDGE ( 'NONE', *, *, #7972, .T. ) ;
#1663 = ORIENTED_EDGE ( 'NONE', *, *, #2087, .T. ) ;
#1664 = CARTESIAN_POINT ( 'NONE',  ( 30.00000000000000000, 26.00000000000000355, -28.49999999999999645 ) ) ;
#1665 = DIRECTION ( 'NONE',  ( 0.000000000000000000, 0.000000000000000000, -1.000000000000000000 ) ) ;
#1666 = VERTEX_POINT ( 'NONE', #8799 ) ;
#1667 = CARTESIAN_POINT ( 'NONE',  ( 17.78284271247456516, 36.15294210061716029, -23.39999999999999503 ) ) ;
#1668 = DIRECTION ( 'NONE',  ( 0.000000000000000000, 1.000000000000000000, -0.000000000000000000 ) ) ;
#1669 = CARTESIAN_POINT ( 'NONE',  ( 20.60000000000000142, 24.00000000000000000, 0.000000000000000000 ) ) ;
#1670 = EDGE_CURVE ( 'NONE', #5044, #3903, #1964, .T. ) ;
#1671 = ORIENTED_EDGE ( 'NONE', *, *, #8589, .F. ) ;
#1672 = CARTESIAN_POINT ( 'NONE',  ( 17.78154720631579266, 16.30261047137150143, -6.624561353076164671 ) ) ;
#1673 = DIRECTION ( 'NONE',  ( 0.000000000000000000, 1.000000000000000000, 0.000000000000000000 ) ) ;
#1674 = ORIENTED_EDGE ( 'NONE', *, *, #3932, .T. ) ;
#1675 = EDGE_LOOP ( 'NONE', ( #7561, #3446, #8994, #6798 ) ) ;
#1676 = AXIS2_PLACEMENT_3D ( 'NONE', #8376, #3181, #4729 ) ;
#1677 = CARTESIAN_POINT ( 'NONE',  ( 6.600000000000168399, 0.000000000000000000, -11.51715728752533074 ) ) ;
#1678 = CARTESIAN_POINT ( 'NONE',  ( 28.50000000000001066, 60.00000000000000000, -30.00000000000000000 ) ) ;
#1679 = CARTESIAN_POINT ( 'NONE',  ( -6.000000000000012434, 45.65000000000000568, 6.997203936713186057E-16 ) ) ;
#1680 = DIRECTION ( 'NONE',  ( 0.000000000000000000, 1.000000000000000000, 0.000000000000000000 ) ) ;
#1681 = CARTESIAN_POINT ( 'NONE',  ( 30.00000000000000711, 54.52752224613975329, 0.03597546301318642337 ) ) ;
#1682 = CARTESIAN_POINT ( 'NONE',  ( 17.80360641539630251, 15.27169967708260856, -23.20470579748956652 ) ) ;
#1683 = DIRECTION ( 'NONE',  ( 1.000000000000000000, 0.000000000000000000, 0.000000000000000000 ) ) ;
#1684 = FACE_OUTER_BOUND ( 'NONE', #5716, .T. ) ;
#1685 = VECTOR ( 'NONE', #2963, 1000.000000000000000 ) ;
#1686 = EDGE_CURVE ( 'NONE', #5638, #4726, #1802, .T. ) ;
#1687 = ORIENTED_EDGE ( 'NONE', *, *, #7774, .T. ) ;
#1688 = ORIENTED_EDGE ( 'NONE', *, *, #898, .F. ) ;
#1689 = FACE_OUTER_BOUND ( 'NONE', #66, .T. ) ;
#1690 = CARTESIAN_POINT ( 'NONE',  ( 28.76366900763706624, 27.78052520881948695, -30.26316647664283010 ) ) ;
#1691 = VECTOR ( 'NONE', #5013, 1000.000000000000114 ) ;
#1692 = LINE ( 'NONE', #7182, #451 ) ;
#1693 = EDGE_CURVE ( 'NONE', #1120, #7705, #7386, .T. ) ;
#1694 = ADVANCED_FACE ( 'NONE', ( #6096 ), #8042, .F. ) ;
#1695 = CYLINDRICAL_SURFACE ( 'NONE', #1091, 1.500000000000001332 ) ;
#1696 = PLANE ( 'NONE',  #8102 ) ;
#1697 = ORIENTED_EDGE ( 'NONE', *, *, #1909, .T. ) ;
#1698 = AXIS2_PLACEMENT_3D ( 'NONE', #2865, #1222, #480 ) ;
#1699 = ORIENTED_EDGE ( 'NONE', *, *, #5047, .T. ) ;
#1700 = ORIENTED_EDGE ( 'NONE', *, *, #4124, .F. ) ;
#1701 = DIRECTION ( 'NONE',  ( 0.000000000000000000, -0.000000000000000000, 1.000000000000000000 ) ) ;
#1702 = VERTEX_POINT ( 'NONE', #563 ) ;
#1703 = DIRECTION ( 'NONE',  ( 1.000000000000000000, -0.000000000000000000, -0.000000000000000000 ) ) ;
#1704 = CIRCLE ( 'NONE', #5219, 1.399999999999998579 ) ;
#1705 = EDGE_CURVE ( 'NONE', #8109, #7642, #2058, .T. ) ;
#1706 = CARTESIAN_POINT ( 'NONE',  ( -1.181400227552450222, 52.26332845086623280, 3.919685940036893079 ) ) ;
#1707 = CARTESIAN_POINT ( 'NONE',  ( 12.11759928332102554, 36.96230489759630444, -23.02736340666437442 ) ) ;
#1708 = VERTEX_POINT ( 'NONE', #1260 ) ;
#1709 = ORIENTED_EDGE ( 'NONE', *, *, #6515, .F. ) ;
#1710 = AXIS2_PLACEMENT_3D ( 'NONE', #3996, #8685, #7091 ) ;
#1711 = ORIENTED_EDGE ( 'NONE', *, *, #6818, .T. ) ;
#1712 = CARTESIAN_POINT ( 'NONE',  ( -1.999999999999998224, 51.64999999999999858, 54.49999999999998579 ) ) ;
#1713 = CYLINDRICAL_SURFACE ( 'NONE', #116, 1.400000000000000133 ) ;
#1714 = ORIENTED_EDGE ( 'NONE', *, *, #5351, .F. ) ;
#1715 = CARTESIAN_POINT ( 'NONE',  ( 23.37475699156268760, 3.695321738145979751, -12.21838400667453683 ) ) ;
#1716 = CARTESIAN_POINT ( 'NONE',  ( 0.000000000000000000, 36.00000000000000711, -9.399999999999995026 ) ) ;
#1717 = CARTESIAN_POINT ( 'NONE',  ( 19.50000000000016342, 30.00000000000000355, -17.49999999999999645 ) ) ;
#1718 = ORIENTED_EDGE ( 'NONE', *, *, #6883, .F. ) ;
#1719 = CARTESIAN_POINT ( 'NONE',  ( -9.830099697201904239E-15, 45.65000000000000568, 59.50000000000000711 ) ) ;
#1720 = DIRECTION ( 'NONE',  ( -0.000000000000000000, -1.000000000000000000, -0.000000000000000000 ) ) ;
#1721 = ORIENTED_EDGE ( 'NONE', *, *, #6707, .T. ) ;
#1722 = VECTOR ( 'NONE', #8841, 1000.000000000000000 ) ;
#1723 = ORIENTED_EDGE ( 'NONE', *, *, #3691, .T. ) ;
#1724 = LINE ( 'NONE', #8563, #9506 ) ;
#1725 = VECTOR ( 'NONE', #549, 1000.000000000000000 ) ;
#1726 = DIRECTION ( 'NONE',  ( -1.000000000000000000, 0.000000000000000000, -0.000000000000000000 ) ) ;
#1727 = CARTESIAN_POINT ( 'NONE',  ( -6.999999999999999112, 36.00000000000000711, -23.39999999999999503 ) ) ;
#1728 = LINE ( 'NONE', #7168, #3665 ) ;
#1729 = FACE_OUTER_BOUND ( 'NONE', #2912, .T. ) ;
#1730 = CARTESIAN_POINT ( 'NONE',  ( 30.71524424212215365, 52.70353385338611218, 2.749685462308871564 ) ) ;
#1731 = CARTESIAN_POINT ( 'NONE',  ( 15.00000000000000000, 63.00000000000000000, -15.00000000000000355 ) ) ;
#1732 = FACE_OUTER_BOUND ( 'NONE', #1661, .T. ) ;
#1733 = VECTOR ( 'NONE', #1433, 1000.000000000000000 ) ;
#1734 = LINE ( 'NONE', #4678, #6361 ) ;
#1735 = CIRCLE ( 'NONE', #4442, 8.000000000000000000 ) ;
#1736 = ORIENTED_EDGE ( 'NONE', *, *, #2281, .F. ) ;
#1737 = CARTESIAN_POINT ( 'NONE',  ( 28.50000000000001066, 0.000000000000000000, -30.00000000000000000 ) ) ;
#1738 = CIRCLE ( 'NONE', #151, 19.99999999999999645 ) ;
#1739 = DIRECTION ( 'NONE',  ( 0.000000000000000000, 0.000000000000000000, -1.000000000000000000 ) ) ;
#1740 = AXIS2_PLACEMENT_3D ( 'NONE', #4760, #4013, #8608 ) ;
#1741 =( BOUNDED_CURVE ( )  B_SPLINE_CURVE ( 3, ( #3455, #5067, #8101, #6615 ),
 .UNSPECIFIED., .F., .T. ) 
 B_SPLINE_CURVE_WITH_KNOTS ( ( 4, 4 ),
 ( 0.000000000000000000, 1.133496249191797922 ),
 .UNSPECIFIED. ) 
 CURVE ( )  GEOMETRIC_REPRESENTATION_ITEM ( )  RATIONAL_B_SPLINE_CURVE ( ( 1.000000000000000000, 0.8957675578916776127, 0.8957675578916776127, 1.000000000000000000 ) ) 
 REPRESENTATION_ITEM ( '' )  );
#1742 = CARTESIAN_POINT ( 'NONE',  ( 22.69999999999995666, 60.00000000000000000, -10.28994949366116707 ) ) ;
#1743 = EDGE_CURVE ( 'NONE', #1080, #1912, #6609, .T. ) ;
#1744 = CARTESIAN_POINT ( 'NONE',  ( 7.300000000000169464, 2.787564434701686356, -10.28994949366116707 ) ) ;
#1745 = DIRECTION ( 'NONE',  ( 1.000000000000000000, -0.000000000000000000, -0.000000000000000000 ) ) ;
#1746 = CIRCLE ( 'NONE', #1275, 1.500000000000001332 ) ;
#1747 = ORIENTED_EDGE ( 'NONE', *, *, #7478, .T. ) ;
#1748 = EDGE_CURVE ( 'NONE', #8094, #8744, #5114, .T. ) ;
#1749 = ORIENTED_EDGE ( 'NONE', *, *, #2199, .T. ) ;
#1750 = ADVANCED_FACE ( 'NONE', ( #8, #3035, #9137 ), #4308, .T. ) ;
#1751 = EDGE_CURVE ( 'NONE', #5290, #4953, #1501, .T. ) ;
#1752 = FACE_BOUND ( 'NONE', #9292, .T. ) ;
#1753 = ORIENTED_EDGE ( 'NONE', *, *, #6752, .T. ) ;
#1754 = CIRCLE ( 'NONE', #5910, 1.399999999999998579 ) ;
#1755 = LINE ( 'NONE', #4043, #6874 ) ;
#1756 = DIRECTION ( 'NONE',  ( -0.000000000000000000, -0.000000000000000000, 1.000000000000000000 ) ) ;
#1757 = CARTESIAN_POINT ( 'NONE',  ( 30.30945560952669382, 52.39974450209052748, 4.614655659372846941 ) ) ;
#1758 = ORIENTED_EDGE ( 'NONE', *, *, #6926, .T. ) ;
#1759 = ORIENTED_EDGE ( 'NONE', *, *, #4132, .T. ) ;
#1760 = AXIS2_PLACEMENT_3D ( 'NONE', #5931, #8162, #3467 ) ;
#1761 = ADVANCED_FACE ( 'NONE', ( #3448 ), #6505, .F. ) ;
#1762 = ORIENTED_EDGE ( 'NONE', *, *, #8206, .F. ) ;
#1763 = DIRECTION ( 'NONE',  ( -0.000000000000000000, -0.000000000000000000, 1.000000000000000000 ) ) ;
#1764 = CARTESIAN_POINT ( 'NONE',  ( 30.35409929793179984, 52.37373047052236075, 4.673950311706300376 ) ) ;
#1765 = ORIENTED_EDGE ( 'NONE', *, *, #7682, .F. ) ;
#1766 = DIRECTION ( 'NONE',  ( 1.000000000000000000, 0.000000000000000000, 0.000000000000000000 ) ) ;
#1767 = CARTESIAN_POINT ( 'NONE',  ( 7.999999999999998224, 24.00000000000000000, -10.28994949366115996 ) ) ;
#1768 = DIRECTION ( 'NONE',  ( 1.000000000000000000, -0.000000000000000000, -0.000000000000000000 ) ) ;
#1769 = VECTOR ( 'NONE', #9001, 1000.000000000000000 ) ;
#1770 = ORIENTED_EDGE ( 'NONE', *, *, #4709, .T. ) ;
#1771 = LINE ( 'NONE', #5523, #5426 ) ;
#1772 = LINE ( 'NONE', #7857, #6203 ) ;
#1773 = ORIENTED_EDGE ( 'NONE', *, *, #7606, .T. ) ;
#1774 = VERTEX_POINT ( 'NONE', #8847 ) ;
#1775 = DIRECTION ( 'NONE',  ( 0.000000000000000000, 0.000000000000000000, 1.000000000000000000 ) ) ;
#1776 = DIRECTION ( 'NONE',  ( 1.000000000000000000, -0.000000000000000000, -0.000000000000000000 ) ) ;
#1777 = CARTESIAN_POINT ( 'NONE',  ( 23.07336895060199922, 51.43427520608852177, -17.86063501838481926 ) ) ;
#1778 = DIRECTION ( 'NONE',  ( 0.000000000000000000, 1.000000000000000000, 0.000000000000000000 ) ) ;
#1779 = PLANE ( 'NONE',  #8609 ) ;
#1780 = EDGE_CURVE ( 'NONE', #9795, #5949, #2007, .T. ) ;
#1781 = DIRECTION ( 'NONE',  ( 0.000000000000000000, 0.000000000000000000, 1.000000000000000000 ) ) ;
#1782 = CARTESIAN_POINT ( 'NONE',  ( 30.04379544213069408, 54.13293091798004042, 0.4558230753832995807 ) ) ;
#1783 = CARTESIAN_POINT ( 'NONE',  ( 17.78284271247455806, 15.84666498916400812, -23.39999999999999503 ) ) ;
#1784 = CARTESIAN_POINT ( 'NONE',  ( 7.999999999999998224, 24.00000000000000000, -19.71005050633883826 ) ) ;
#1785 = LINE ( 'NONE', #7917, #1893 ) ;
#1786 = CARTESIAN_POINT ( 'NONE',  ( 0.8627557976223350078, 53.49435439091261912, 2.889627332313306596 ) ) ;
#1787 = EDGE_CURVE ( 'NONE', #917, #9775, #8095, .T. ) ;
#1788 = ORIENTED_EDGE ( 'NONE', *, *, #8443, .F. ) ;
#1789 = DIRECTION ( 'NONE',  ( -0.000000000000000000, -1.000000000000000000, -0.000000000000000000 ) ) ;
#1790 = AXIS2_PLACEMENT_3D ( 'NONE', #9366, #1680, #3921 ) ;
#1791 = CYLINDRICAL_SURFACE ( 'NONE', #3178, 2.500000000000002220 ) ;
#1792 = CARTESIAN_POINT ( 'NONE',  ( -6.999999999999999112, 10.00000000000000178, -15.00000000000000000 ) ) ;
#1793 = B_SPLINE_CURVE_WITH_KNOTS ( 'NONE', 3,
 ( #1824, #281, #3368, #4970, #8007, #1975, #4868, #380, #5024, #4116 ),
 .UNSPECIFIED., .F., .F.,
 ( 4, 2, 2, 2, 4 ),
 ( 0.000000000000000000, 0.0004208625584742304942, 0.0008417251169484609883, 0.001262587675422691428, 0.001683450233896921977 ),
 .UNSPECIFIED. ) ;
#1794 = FACE_OUTER_BOUND ( 'NONE', #2016, .T. ) ;
#1795 = CARTESIAN_POINT ( 'NONE',  ( 14.27926946184107848, 26.17101679106036372, -30.00000000000000355 ) ) ;
#1796 = EDGE_CURVE ( 'NONE', #228, #6347, #3842, .T. ) ;
#1797 = CIRCLE ( 'NONE', #6109, 0.7000000000000027311 ) ;
#1798 = ORIENTED_EDGE ( 'NONE', *, *, #2924, .F. ) ;
#1799 = ORIENTED_EDGE ( 'NONE', *, *, #9536, .T. ) ;
#1800 = DIRECTION ( 'NONE',  ( -0.000000000000000000, -1.000000000000000000, -0.000000000000000000 ) ) ;
#1801 = CARTESIAN_POINT ( 'NONE',  ( 7.258178917724278811, 40.12774465725694739, -18.20776346092703690 ) ) ;
#1802 = CIRCLE ( 'NONE', #9785, 19.99999999999999645 ) ;
#1803 = DIRECTION ( 'NONE',  ( 0.000000000000000000, 0.000000000000000000, 1.000000000000000000 ) ) ;
#1804 = DIRECTION ( 'NONE',  ( 8.921435019309302283E-14, 0.000000000000000000, 1.000000000000000000 ) ) ;
#1805 = CARTESIAN_POINT ( 'NONE',  ( 11.51715728752555989, 37.21243556529822172, -22.69999999999998863 ) ) ;
#1806 = ORIENTED_EDGE ( 'NONE', *, *, #8679, .F. ) ;
#1807 = ORIENTED_EDGE ( 'NONE', *, *, #9250, .T. ) ;
#1808 = EDGE_CURVE ( 'NONE', #9658, #1184, #6240, .T. ) ;
#1809 = ORIENTED_EDGE ( 'NONE', *, *, #6512, .T. ) ;
#1810 = CARTESIAN_POINT ( 'NONE',  ( 30.00000000000000000, 29.35410196624968293, -30.00000000000000000 ) ) ;
#1811 = CARTESIAN_POINT ( 'NONE',  ( 29.64460702035592732, 52.91313341448598351, 3.684133228615165567 ) ) ;
#1812 = ORIENTED_EDGE ( 'NONE', *, *, #6528, .F. ) ;
#1813 = DIRECTION ( 'NONE',  ( 1.000000000000000000, -0.000000000000000000, -0.000000000000000000 ) ) ;
#1814 = DIRECTION ( 'NONE',  ( -0.7071067811865474617, 0.000000000000000000, -0.7071067811865474617 ) ) ;
#1815 = CARTESIAN_POINT ( 'NONE',  ( -6.999999999999999112, 30.00000000000000355, -15.00000000000000178 ) ) ;
#1816 = ORIENTED_EDGE ( 'NONE', *, *, #8398, .T. ) ;
#1817 = EDGE_CURVE ( 'NONE', #5700, #7981, #6625, .T. ) ;
#1818 = ADVANCED_FACE ( 'NONE', ( #1689 ), #885, .F. ) ;
#1819 = CARTESIAN_POINT ( 'NONE',  ( 15.00000000000008171, 60.00000000000000711, -30.00000000000002842 ) ) ;
#1820 = ORIENTED_EDGE ( 'NONE', *, *, #8481, .F. ) ;
#1821 = ORIENTED_EDGE ( 'NONE', *, *, #7181, .T. ) ;
#1822 = DIRECTION ( 'NONE',  ( -0.000000000000000000, -0.000000000000000000, 1.000000000000000000 ) ) ;
#1823 =( BOUNDED_CURVE ( )  B_SPLINE_CURVE ( 3, ( #6133, #7724, #4579, #7529 ),
 .UNSPECIFIED., .F., .T. ) 
 B_SPLINE_CURVE_WITH_KNOTS ( ( 4, 4 ),
 ( 0.000000000000000000, 1.133496249191979111 ),
 .UNSPECIFIED. ) 
 CURVE ( )  GEOMETRIC_REPRESENTATION_ITEM ( )  RATIONAL_B_SPLINE_CURVE ( ( 1.000000000000000000, 0.8957675578916451942, 0.8957675578916451942, 1.000000000000000000 ) ) 
 REPRESENTATION_ITEM ( '' )  );
#1824 = CARTESIAN_POINT ( 'NONE',  ( 12.01213203435614396, 41.26954340298249946, -23.89497474683057376 ) ) ;
#1825 = LINE ( 'NONE', #9413, #8980 ) ;
#1826 = CARTESIAN_POINT ( 'NONE',  ( -6.999999999999999112, 16.00000000000000000, -20.59999999999999787 ) ) ;
#1827 = FACE_OUTER_BOUND ( 'NONE', #6083, .T. ) ;
#1828 = LINE ( 'NONE', #9270, #5470 ) ;
#1829 = CARTESIAN_POINT ( 'NONE',  ( 12.19705627484777111, 60.00000000000000000, -19.49999999999998579 ) ) ;
#1830 = CARTESIAN_POINT ( 'NONE',  ( 18.12274860190761672, 14.84687350520498050, -22.79562608083801223 ) ) ;
#1831 = CARTESIAN_POINT ( 'NONE',  ( -0.4999999999999970024, 45.65000000000000568, 54.49999999999998579 ) ) ;
#1832 = DIRECTION ( 'NONE',  ( 0.000000000000000000, 1.000000000000000000, 0.000000000000000000 ) ) ;
#1833 = CARTESIAN_POINT ( 'NONE',  ( -2.573590203288384615, 51.67921598929507354, 7.069586706517739572 ) ) ;
#1834 = AXIS2_PLACEMENT_3D ( 'NONE', #2928, #7469, #7567 ) ;
#1835 = ORIENTED_EDGE ( 'NONE', *, *, #7641, .T. ) ;
#1836 = PLANE ( 'NONE',  #3747 ) ;
#1837 = DIRECTION ( 'NONE',  ( 1.000000000000000000, -0.000000000000000000, -0.000000000000000000 ) ) ;
#1838 = EDGE_CURVE ( 'NONE', #601, #1632, #5354, .T. ) ;
#1839 = DIRECTION ( 'NONE',  ( 0.7071067811865477948, 0.000000000000000000, -0.7071067811865473507 ) ) ;
#1840 = CIRCLE ( 'NONE', #4552, 1.399999999999998579 ) ;
#1841 = CYLINDRICAL_SURFACE ( 'NONE', #4748, 1.399999999999998579 ) ;
#1842 = CARTESIAN_POINT ( 'NONE',  ( 23.20478612941870367, 23.27192641986097499, -12.19635958560015965 ) ) ;
#1843 = ORIENTED_EDGE ( 'NONE', *, *, #3247, .F. ) ;
#1844 = ORIENTED_EDGE ( 'NONE', *, *, #9643, .F. ) ;
#1845 = AXIS2_PLACEMENT_3D ( 'NONE', #9454, #4207, #1917 ) ;
#1846 = B_SPLINE_CURVE_WITH_KNOTS ( 'NONE', 1,
 ( #3618, #9010 ),
 .UNSPECIFIED., .F., .F.,
 ( 2, 2 ),
 ( 0.000000000000000000, 1.000000000000000000 ),
 .UNSPECIFIED. ) ;
#1847 = ADVANCED_FACE ( 'NONE', ( #9278 ), #4584, .F. ) ;
#1848 = PLANE ( 'NONE',  #4099 ) ;
#1849 = CARTESIAN_POINT ( 'NONE',  ( 7.999999999999998224, 4.000000000000000000, 0.000000000000000000 ) ) ;
#1850 = CARTESIAN_POINT ( 'NONE',  ( 3.499999999999999556, 51.64999999999999858, 38.99999999999998579 ) ) ;
#1851 = DIRECTION ( 'NONE',  ( 0.000000000000000000, 0.000000000000000000, -1.000000000000000000 ) ) ;
#1852 = CARTESIAN_POINT ( 'NONE',  ( 11.82189949490631342, 37.18374338678324165, -22.75461693721832290 ) ) ;
#1853 = VECTOR ( 'NONE', #1123, 1000.000000000000000 ) ;
#1854 = EDGE_LOOP ( 'NONE', ( #9457, #6343, #9841, #3147, #708, #1054, #2704, #8331, #9229, #2726, #1759, #5084, #7136 ) ) ;
#1855 = ORIENTED_EDGE ( 'NONE', *, *, #6410, .F. ) ;
#1856 = VERTEX_POINT ( 'NONE', #3931 ) ;
#1857 = CARTESIAN_POINT ( 'NONE',  ( 1.000000000000004663, 45.65000000000000568, 23.49999999999998579 ) ) ;
#1858 = AXIS2_PLACEMENT_3D ( 'NONE', #8257, #4322, #1423 ) ;
#1859 = CARTESIAN_POINT ( 'NONE',  ( -6.999999999999999112, 36.00000000000000711, -21.99999999999999645 ) ) ;
#1860 = CARTESIAN_POINT ( 'NONE',  ( 32.09168762353911575, 51.72602666121912307, 6.885802668712422303 ) ) ;
#1861 = ORIENTED_EDGE ( 'NONE', *, *, #4501, .T. ) ;
#1862 = CYLINDRICAL_SURFACE ( 'NONE', #6797, 0.7000000000000027311 ) ;
#1863 = LINE ( 'NONE', #5709, #6395 ) ;
#1864 = CARTESIAN_POINT ( 'NONE',  ( 10.61213203435614361, 60.00000000000000000, -4.705025253169414334 ) ) ;
#1865 = ADVANCED_FACE ( 'NONE', ( #9230 ), #150, .F. ) ;
#1866 = B_SPLINE_CURVE_WITH_KNOTS ( 'NONE', 3,
 ( #3673, #6915, #4563, #80, #3110, #7460, #4519, #2370, #727, #5978, #6166, #9208 ),
 .UNSPECIFIED., .F., .F.,
 ( 4, 2, 2, 2, 2, 4 ),
 ( 0.005440390932442394807, 0.005666553901429979660, 0.005892716870417563646, 0.006345042808392733352, 0.006797368746367903058, 0.007249694684343071897 ),
 .UNSPECIFIED. ) ;
#1867 = ORIENTED_EDGE ( 'NONE', *, *, #7744, .F. ) ;
#1868 = CARTESIAN_POINT ( 'NONE',  ( 10.50000000000013678, 10.00000000000000178, -17.49999999999999645 ) ) ;
#1869 = AXIS2_PLACEMENT_3D ( 'NONE', #3801, #6854, #8444 ) ;
#1870 = ORIENTED_EDGE ( 'NONE', *, *, #2841, .F. ) ;
#1871 = EDGE_CURVE ( 'NONE', #4953, #5518, #3427, .T. ) ;
#1872 = VERTEX_POINT ( 'NONE', #2442 ) ;
#1873 = DIRECTION ( 'NONE',  ( 0.000000000000000000, 0.000000000000000000, -1.000000000000000000 ) ) ;
#1874 = EDGE_CURVE ( 'NONE', #1007, #2610, #9647, .T. ) ;
#1875 = CARTESIAN_POINT ( 'NONE',  ( -6.999999999999999112, 14.78756443470181559, -7.299999999999952749 ) ) ;
#1876 = CARTESIAN_POINT ( 'NONE',  ( 20.60000000000000142, 4.000000000000000000, -30.00000000000000000 ) ) ;
#1877 = EDGE_CURVE ( 'NONE', #8683, #1534, #2788, .T. ) ;
#1878 = DIRECTION ( 'NONE',  ( -1.000000000000000000, 0.000000000000000000, 8.855468320851990103E-14 ) ) ;
#1879 = CARTESIAN_POINT ( 'NONE',  ( 15.00000000000000000, 63.00000000000000000, -37.00000000000000711 ) ) ;
#1880 = CARTESIAN_POINT ( 'NONE',  ( 32.66299375868085519, 51.66883775230260056, 7.264918266153574500 ) ) ;
#1881 = CARTESIAN_POINT ( 'NONE',  ( -2.556762655086275871, 51.68280402994117395, 7.032605832198670193 ) ) ;
#1882 = CARTESIAN_POINT ( 'NONE',  ( 10.28994949366134470, 34.78756443470178539, -22.69999999999998863 ) ) ;
#1883 = DIRECTION ( 'NONE',  ( -1.000000000000000000, 0.000000000000000000, 0.000000000000000000 ) ) ;
#1884 = CARTESIAN_POINT ( 'NONE',  ( 18.12274860190762382, 34.84687350520496807, -22.79562608083800157 ) ) ;
#1885 = VERTEX_POINT ( 'NONE', #7081 ) ;
#1886 = VECTOR ( 'NONE', #6053, 1000.000000000000000 ) ;
#1887 =( BOUNDED_CURVE ( )  B_SPLINE_CURVE ( 3, ( #8223, #7231, #6593, #5146 ),
 .UNSPECIFIED., .F., .T. ) 
 B_SPLINE_CURVE_WITH_KNOTS ( ( 4, 4 ),
 ( 5.419175460080314366, 5.494311213976738273 ),
 .UNSPECIFIED. ) 
 CURVE ( )  GEOMETRIC_REPRESENTATION_ITEM ( )  RATIONAL_B_SPLINE_CURVE ( ( 1.000000000000000000, 0.9995296068683698909, 0.9995296068683698909, 1.000000000000000000 ) ) 
 REPRESENTATION_ITEM ( '' )  );
#1888 = ORIENTED_EDGE ( 'NONE', *, *, #1817, .T. ) ;
#1889 = CARTESIAN_POINT ( 'NONE',  ( 8.592893218813633993, 0.000000000000000000, -19.71005050633883826 ) ) ;
#1890 = DIRECTION ( 'NONE',  ( -0.000000000000000000, -0.000000000000000000, 1.000000000000000000 ) ) ;
#1891 = LINE ( 'NONE', #8629, #603 ) ;
#1892 = VECTOR ( 'NONE', #5948, 1000.000000000000000 ) ;
#1893 = VECTOR ( 'NONE', #1683, 1000.000000000000000 ) ;
#1894 = CARTESIAN_POINT ( 'NONE',  ( 17.82353811056276527, 15.21249103547633119, -6.840161767598199383 ) ) ;
#1895 = DIRECTION ( 'NONE',  ( 0.000000000000000000, 0.000000000000000000, 1.000000000000000000 ) ) ;
#1896 = ORIENTED_EDGE ( 'NONE', *, *, #2269, .T. ) ;
#1897 = VECTOR ( 'NONE', #5481, 1000.000000000000000 ) ;
#1898 = ORIENTED_EDGE ( 'NONE', *, *, #9083, .F. ) ;
#1899 = AXIS2_PLACEMENT_3D ( 'NONE', #3585, #4290, #8178 ) ;
#1900 = CARTESIAN_POINT ( 'NONE',  ( 7.999999999999998224, 4.000000000000000000, -4.705025253169417887 ) ) ;
#1901 = EDGE_CURVE ( 'NONE', #8645, #9563, #246, .T. ) ;
#1902 = VECTOR ( 'NONE', #4937, 1000.000000000000000 ) ;
#1903 = CARTESIAN_POINT ( 'NONE',  ( 29.50000000000000355, 51.64999999999999858, 56.50000000000000711 ) ) ;
#1904 = VECTOR ( 'NONE', #1745, 1000.000000000000000 ) ;
#1905 = CARTESIAN_POINT ( 'NONE',  ( 6.599999999999996980, 24.00000000000000000, -12.21715728752533359 ) ) ;
#1906 = EDGE_LOOP ( 'NONE', ( #1591, #6663, #8193, #1484 ) ) ;
#1907 = VERTEX_POINT ( 'NONE', #5497 ) ;
#1908 = ADVANCED_FACE ( 'NONE', ( #3080 ), #7776, .F. ) ;
#1909 = EDGE_CURVE ( 'NONE', #5360, #7496, #936, .T. ) ;
#1910 = EDGE_CURVE ( 'NONE', #5615, #8156, #9451, .T. ) ;
#1911 = VECTOR ( 'NONE', #5531, 1000.000000000000000 ) ;
#1912 = VERTEX_POINT ( 'NONE', #6186 ) ;
#1913 = LINE ( 'NONE', #4049, #5960 ) ;
#1914 = DIRECTION ( 'NONE',  ( 0.000000000000000000, -1.000000000000000000, 0.000000000000000000 ) ) ;
#1915 = CARTESIAN_POINT ( 'NONE',  ( 30.11639132438621758, 52.53026384720026698, 4.351787791260781191 ) ) ;
#1916 = ORIENTED_EDGE ( 'NONE', *, *, #224, .T. ) ;
#1917 = DIRECTION ( 'NONE',  ( 0.000000000000000000, -0.000000000000000000, 1.000000000000000000 ) ) ;
#1918 = CARTESIAN_POINT ( 'NONE',  ( 22.00000000000000000, 28.99999999999999645, -56.99999999999999289 ) ) ;
#1919 = PLANE ( 'NONE',  #4505 ) ;
#1920 = B_SPLINE_CURVE_WITH_KNOTS ( 'NONE', 3,
 ( #9549, #2609, #4853, #6358, #1209, #416, #9401, #2507, #8696, #3451, #3404, #1159, #9452, #7056, #7199, #8801, #219, #5657, #4805, #3251, #5761, #1860, #6306, #1111, #7152, #369, #7849, #6456, #7994, #9494, #8652, #4958, #2707, #9350, #6508, #2657, #5706, #8601, #8749, #5565, #6408, #4903, #1764, #7946, #4050, #1009, #1915, #7102, #4205, #268, #2560, #5614, #1811, #7893, #1059, #4103, #323, #3354, #5063, #1313, #4399, #6662, #9603, #2949, #614, #6011, #9046, #3504, #564, #7398, #5812, #6755, #2802, #8192, #5115, #8998, #4357, #9797, #8849 ),
 .UNSPECIFIED., .F., .F.,
 ( 4, 2, 2, 1, 1, 1, 2, 2, 2, 1, 1, 1, 2, 2, 2, 1, 1, 1, 1, 2, 2, 2, 1, 1, 1, 2, 2, 2, 1, 1, 1, 2, 2, 2, 1, 1, 1, 2, 2, 2, 1, 1, 1, 2, 2, 2, 1, 1, 1, 2, 2, 4 ),
 ( 0.000000000000000000, 0.03124999999999850814, 0.04687499999999705791, 0.05468749999999625300, 0.05859374999999585054, 0.06054687499999653749, 0.06152343749999673872, 0.06249999999999693301, 0.09375000000003390344, 0.1093750000000523193, 0.1171875000000614092, 0.1210937500000651007, 0.1230468750000663219, 0.1250000000000675293, 0.1875000000000968114, 0.2187500000001115774, 0.2343750000001184330, 0.2421875000001225686, 0.2460937500001239286, 0.2480468750001238454, 0.2500000000001237899, 0.3125000000001144085, 0.3437500000001094680, 0.3593750000001068035, 0.3671875000001050826, 0.3710937500001046940, 0.3750000000001042499, 0.4375000000000900946, 0.4687500000000831002, 0.4843750000000796585, 0.4921875000000778821, 0.4960937500000763833, 0.5000000000000749401, 0.5625000000000484057, 0.5937500000000350830, 0.6093750000000289768, 0.6171875000000265343, 0.6210937500000258682, 0.6250000000000252021, 0.6875000000000175415, 0.7187500000000138778, 0.7343750000000116573, 0.7421875000000111022, 0.7460937500000106581, 0.7500000000000102141, 0.8125000000000041078, 0.8437500000000007772, 0.8593749999999992228, 0.8671874999999992228, 0.8710937500000001110, 0.8750000000000011102, 1.000000000000000000 ),
 .UNSPECIFIED. ) ;
#1921 = ORIENTED_EDGE ( 'NONE', *, *, #2638, .F. ) ;
#1922 = CIRCLE ( 'NONE', #8138, 1.500000000000046407 ) ;
#1923 = CARTESIAN_POINT ( 'NONE',  ( 32.00000000000000000, 51.64999999999999858, 23.49999999999998579 ) ) ;
#1924 = ORIENTED_EDGE ( 'NONE', *, *, #202, .F. ) ;
#1925 = ORIENTED_EDGE ( 'NONE', *, *, #1328, .T. ) ;
#1926 = CARTESIAN_POINT ( 'NONE',  ( 22.92070741704779735, 22.94025158727749769, -17.95389125833017374 ) ) ;
#1927 = DIRECTION ( 'NONE',  ( 8.855468320851990103E-14, 0.000000000000000000, 1.000000000000000000 ) ) ;
#1928 = CARTESIAN_POINT ( 'NONE',  ( 22.69999999999994955, 60.00000000000000000, -18.48284271247463550 ) ) ;
#1929 = CARTESIAN_POINT ( 'NONE',  ( 23.39999999999999858, 4.000000000000000000, -17.78284271247457582 ) ) ;
#1930 = AXIS2_PLACEMENT_3D ( 'NONE', #6665, #5169, #8195 ) ;
#1931 = DIRECTION ( 'NONE',  ( 0.000000000000000000, -1.734723475976806848E-16, -1.000000000000000000 ) ) ;
#1932 = CARTESIAN_POINT ( 'NONE',  ( 19.99999999999999645, 32.00000000000000000, -53.99999999999999289 ) ) ;
#1933 = CARTESIAN_POINT ( 'NONE',  ( 31.58150798863495368, 52.00525694389911990, 4.858037503331919638 ) ) ;
#1934 = CARTESIAN_POINT ( 'NONE',  ( -2.052872293954870031, 51.80331163034313136, 5.921622149223641607 ) ) ;
#1935 = EDGE_CURVE ( 'NONE', #3639, #6393, #3902, .T. ) ;
#1936 = ORIENTED_EDGE ( 'NONE', *, *, #5817, .T. ) ;
#1937 = CARTESIAN_POINT ( 'NONE',  ( 32.00000000000000000, 51.64999999999999858, 0.000000000000000000 ) ) ;
#1938 = CARTESIAN_POINT ( 'NONE',  ( -0.7834678820193923254, 52.62606437679454530, 2.929026154802495618 ) ) ;
#1939 = VERTEX_POINT ( 'NONE', #1646 ) ;
#1940 = EDGE_CURVE ( 'NONE', #4811, #9067, #1987, .T. ) ;
#1941 = ADVANCED_FACE ( 'NONE', ( #1239 ), #3380, .T. ) ;
#1942 = VERTEX_POINT ( 'NONE', #4985 ) ;
#1943 = CARTESIAN_POINT ( 'NONE',  ( 18.48284271247459642, 60.00000000000000000, -7.299999999999952749 ) ) ;
#1944 = DIRECTION ( 'NONE',  ( 0.000000000000000000, -0.000000000000000000, 1.000000000000000000 ) ) ;
#1945 = LINE ( 'NONE', #1188, #1399 ) ;
#1946 = AXIS2_PLACEMENT_3D ( 'NONE', #1900, #8738, #7933 ) ;
#1947 = CARTESIAN_POINT ( 'NONE',  ( 23.39999999999995239, 0.000000000000000000, -18.48284271247457866 ) ) ;
#1948 = CARTESIAN_POINT ( 'NONE',  ( 9.399999999999995026, 23.44059295743972271, -11.09705627484753521 ) ) ;
#1949 = LINE ( 'NONE', #4294, #6197 ) ;
#1950 = EDGE_CURVE ( 'NONE', #5153, #2236, #8828, .T. ) ;
#1951 = ORIENTED_EDGE ( 'NONE', *, *, #4567, .F. ) ;
#1952 = ORIENTED_EDGE ( 'NONE', *, *, #5494, .F. ) ;
#1953 = CARTESIAN_POINT ( 'NONE',  ( 10.61213203435614361, 0.000000000000000000, -4.705025253169414334 ) ) ;
#1954 = FACE_OUTER_BOUND ( 'NONE', #4703, .T. ) ;
#1955 = AXIS2_PLACEMENT_3D ( 'NONE', #8151, #1163, #5765 ) ;
#1956 = DIRECTION ( 'NONE',  ( -0.000000000000000000, 1.000000000000000000, -0.000000000000000000 ) ) ;
#1957 = CARTESIAN_POINT ( 'NONE',  ( 20.60000000000000142, 4.000000000000000000, 0.000000000000000000 ) ) ;
#1958 = ORIENTED_EDGE ( 'NONE', *, *, #147, .T. ) ;
#1959 = EDGE_CURVE ( 'NONE', #3903, #8451, #7922, .T. ) ;
#1960 = ORIENTED_EDGE ( 'NONE', *, *, #2297, .T. ) ;
#1961 = ORIENTED_EDGE ( 'NONE', *, *, #6293, .F. ) ;
#1962 = AXIS2_PLACEMENT_3D ( 'NONE', #5425, #1620, #8401 ) ;
#1963 = ORIENTED_EDGE ( 'NONE', *, *, #4141, .T. ) ;
#1964 = LINE ( 'NONE', #7246, #4510 ) ;
#1965 = DIRECTION ( 'NONE',  ( -0.7071067811865475727, -0.000000000000000000, -0.7071067811865475727 ) ) ;
#1966 = CYLINDRICAL_SURFACE ( 'NONE', #1230, 1.399999999999998579 ) ;
#1967 = VERTEX_POINT ( 'NONE', #1087 ) ;
#1968 = CARTESIAN_POINT ( 'NONE',  ( 12.19705627484785637, 41.33981830268866275, -10.49999999999995204 ) ) ;
#1969 = PLANE ( 'NONE',  #6591 ) ;
#1970 = ORIENTED_EDGE ( 'NONE', *, *, #293, .T. ) ;
#1971 = CARTESIAN_POINT ( 'NONE',  ( 30.00000000000006040, 60.00000000000000711, -14.99999999999989342 ) ) ;
#1972 = VERTEX_POINT ( 'NONE', #6435 ) ;
#1973 = VERTEX_POINT ( 'NONE', #1889 ) ;
#1974 = CARTESIAN_POINT ( 'NONE',  ( 22.00000000000000000, 4.000000000000000000, -59.00000000000000000 ) ) ;
#1975 = CARTESIAN_POINT ( 'NONE',  ( 12.10350944237279691, 41.30391256819613233, -22.99315238018262164 ) ) ;
#1976 = CARTESIAN_POINT ( 'NONE',  ( 32.00000000000000000, 45.65000000000000568, 0.000000000000000000 ) ) ;
#1977 = DIRECTION ( 'NONE',  ( 0.000000000000000000, 0.000000000000000000, -1.000000000000000000 ) ) ;
#1978 = CARTESIAN_POINT ( 'NONE',  ( 6.625243008437318615, 4.304678261854067323, -17.78161599332536724 ) ) ;
#1979 = DIRECTION ( 'NONE',  ( 5.873343889775968425E-16, -0.000000000000000000, 1.000000000000000000 ) ) ;
#1980 = CARTESIAN_POINT ( 'NONE',  ( 31.77664961762329554, 51.91041161183448338, 5.302243630599339674 ) ) ;
#1981 = CARTESIAN_POINT ( 'NONE',  ( -2.020268998222770840, 51.81445880236690016, 5.848957020333314105 ) ) ;
#1982 = ORIENTED_EDGE ( 'NONE', *, *, #8787, .T. ) ;
#1983 = DIRECTION ( 'NONE',  ( -1.000000000000000000, 0.000000000000000000, 0.000000000000000000 ) ) ;
#1984 = CARTESIAN_POINT ( 'NONE',  ( 0.000000000000000000, 54.65000000000000568, -0.07774721070174446524 ) ) ;
#1985 = ORIENTED_EDGE ( 'NONE', *, *, #3043, .T. ) ;
#1986 = ORIENTED_EDGE ( 'NONE', *, *, #1283, .T. ) ;
#1987 = LINE ( 'NONE', #9582, #726 ) ;
#1988 = CARTESIAN_POINT ( 'NONE',  ( 6.599999999999997868, 4.151283650665269498, -12.21715728752533359 ) ) ;
#1989 = CARTESIAN_POINT ( 'NONE',  ( 22.69999999999994955, 25.21243556529823948, -18.48284271247463550 ) ) ;
#1990 = CARTESIAN_POINT ( 'NONE',  ( 22.75528487927549293, 5.183279255308337774, -18.17703062998905850 ) ) ;
#1991 = CARTESIAN_POINT ( 'NONE',  ( 22.69999999999994955, 50.68817955499562089, -4.999999999999996447 ) ) ;
#1992 = EDGE_CURVE ( 'NONE', #943, #2097, #9375, .T. ) ;
#1993 = LINE ( 'NONE', #2591, #8271 ) ;
#1994 = ORIENTED_EDGE ( 'NONE', *, *, #5786, .T. ) ;
#1995 = VERTEX_POINT ( 'NONE', #6483 ) ;
#1996 = EDGE_CURVE ( 'NONE', #6647, #3189, #3263, .T. ) ;
#1997 = LINE ( 'NONE', #6699, #5549 ) ;
#1998 = EDGE_CURVE ( 'NONE', #8796, #3941, #3099, .T. ) ;
#1999 = ADVANCED_FACE ( 'NONE', ( #8071 ), #7328, .F. ) ;
#2000 = CARTESIAN_POINT ( 'NONE',  ( 0.1810022585095142356, 52.75840808154742234, 3.936359654234065530 ) ) ;
#2001 = DIRECTION ( 'NONE',  ( 0.000000000000000000, 0.000000000000000000, -1.000000000000000000 ) ) ;
#2002 = ORIENTED_EDGE ( 'NONE', *, *, #8132, .F. ) ;
#2003 = CIRCLE ( 'NONE', #5201, 22.00000000000000000 ) ;
#2004 = ORIENTED_EDGE ( 'NONE', *, *, #3363, .T. ) ;
#2005 = ORIENTED_EDGE ( 'NONE', *, *, #1787, .F. ) ;
#2006 = ORIENTED_EDGE ( 'NONE', *, *, #7126, .F. ) ;
#2007 = LINE ( 'NONE', #5060, #7732 ) ;
#2008 = CARTESIAN_POINT ( 'NONE',  ( 29.24999999999996447, 60.00000000000000000, -0.7499999999999590328 ) ) ;
#2009 = CARTESIAN_POINT ( 'NONE',  ( 0.000000000000000000, 36.00000000000000711, -23.39999999999999503 ) ) ;
#2010 = ORIENTED_EDGE ( 'NONE', *, *, #6182, .F. ) ;
#2011 = DIRECTION ( 'NONE',  ( 0.000000000000000000, 0.000000000000000000, 1.000000000000000000 ) ) ;
#2012 = LINE ( 'NONE', #5118, #4162 ) ;
#2013 = DIRECTION ( 'NONE',  ( 1.000000000000000000, 0.000000000000000000, 0.000000000000000000 ) ) ;
#2014 = ORIENTED_EDGE ( 'NONE', *, *, #715, .F. ) ;
#2015 = CARTESIAN_POINT ( 'NONE',  ( 10.61213203435614005, 0.000000000000000000, -25.29497474683057945 ) ) ;
#2016 = EDGE_LOOP ( 'NONE', ( #625, #2983, #5291, #9750 ) ) ;
#2017 = VECTOR ( 'NONE', #5175, 1000.000000000000000 ) ;
#2018 = EDGE_LOOP ( 'NONE', ( #510, #1366, #1462, #5835, #9016, #2385 ) ) ;
#2019 = FACE_BOUND ( 'NONE', #7742, .T. ) ;
#2020 = DIRECTION ( 'NONE',  ( -1.000000000000000000, -0.000000000000000000, -0.000000000000000000 ) ) ;
#2021 = CARTESIAN_POINT ( 'NONE',  ( 30.00000000000000000, 16.00000000000000000, -9.399999999999998579 ) ) ;
#2022 = DIRECTION ( 'NONE',  ( 1.000000000000000000, 0.000000000000000000, 0.000000000000000000 ) ) ;
#2023 = CARTESIAN_POINT ( 'NONE',  ( 6.977002725079099577, 4.958084251738045900, -17.88997228795676264 ) ) ;
#2024 = LINE ( 'NONE', #1227, #8004 ) ;
#2025 = CARTESIAN_POINT ( 'NONE',  ( 31.98276949683619108, 51.82772244659545890, 5.765260168564995347 ) ) ;
#2026 = CARTESIAN_POINT ( 'NONE',  ( -2.745328485946851860, 51.66082877172737398, 7.444692289536792629 ) ) ;
#2027 = EDGE_LOOP ( 'NONE', ( #4798, #6776, #9874, #3994 ) ) ;
#2028 = CARTESIAN_POINT ( 'NONE',  ( 18.35929038528594148, 49.53041667499420697, -31.28524430052996408 ) ) ;
#2029 = CARTESIAN_POINT ( 'NONE',  ( -2.106163105484812892, 51.72391628130625207, 6.903617419311718351 ) ) ;
#2030 = ORIENTED_EDGE ( 'NONE', *, *, #4242, .T. ) ;
#2031 = B_SPLINE_CURVE_WITH_KNOTS ( 'NONE', 3,
 ( #7767, #3973, #6324, #7027, #189, #3217, #6277, #9364 ),
 .UNSPECIFIED., .F., .F.,
 ( 4, 2, 2, 4 ),
 ( 0.0005480535856455883998, 0.001096531210369298352, 0.001370770022731153219, 0.001645008835093008303 ),
 .UNSPECIFIED. ) ;
#2032 = ORIENTED_EDGE ( 'NONE', *, *, #3139, .T. ) ;
#2033 = AXIS2_PLACEMENT_3D ( 'NONE', #2548, #356, #309 ) ;
#2034 = DIRECTION ( 'NONE',  ( 0.000000000000000000, -0.000000000000000000, 1.000000000000000000 ) ) ;
#2035 = LINE ( 'NONE', #496, #165 ) ;
#2036 = CARTESIAN_POINT ( 'NONE',  ( 30.00000000000000000, 60.00000000000000000, 0.000000000000000000 ) ) ;
#2037 = CARTESIAN_POINT ( 'NONE',  ( 17.88264777951434681, 16.96291095198316867, -6.973131547181482759 ) ) ;
#2038 = LINE ( 'NONE', #4342, #8262 ) ;
#2039 = CARTESIAN_POINT ( 'NONE',  ( 10.28994949366131095, 40.71227244192535011, -8.592893218813408396 ) ) ;
#2040 = VECTOR ( 'NONE', #2725, 1000.000000000000000 ) ;
#2041 = EDGE_LOOP ( 'NONE', ( #2740, #5577, #9019, #3227, #5799, #3928 ) ) ;
#2042 = EDGE_CURVE ( 'NONE', #7955, #612, #8727, .T. ) ;
#2043 = ORIENTED_EDGE ( 'NONE', *, *, #2483, .F. ) ;
#2044 = VECTOR ( 'NONE', #5632, 1000.000000000000000 ) ;
#2045 = ADVANCED_FACE ( 'NONE', ( #8627 ), #2586, .F. ) ;
#2046 = VECTOR ( 'NONE', #1190, 1000.000000000000000 ) ;
#2047 = DIRECTION ( 'NONE',  ( 1.000000000000000000, 0.000000000000000000, 0.000000000000000000 ) ) ;
#2048 = CARTESIAN_POINT ( 'NONE',  ( 1.488847148158657818, 55.13165883075585327, 1.395447500765420568 ) ) ;
#2049 = FACE_OUTER_BOUND ( 'NONE', #9798, .T. ) ;
#2050 = EDGE_LOOP ( 'NONE', ( #6315, #3079, #8778, #7306, #6194, #2593, #1645, #4512, #8374, #1799 ) ) ;
#2051 = CIRCLE ( 'NONE', #9068, 1.500000000000001332 ) ;
#2052 = AXIS2_PLACEMENT_3D ( 'NONE', #9816, #6918, #3821 ) ;
#2053 = VERTEX_POINT ( 'NONE', #2536 ) ;
#2054 = EDGE_CURVE ( 'NONE', #8599, #1872, #5593, .T. ) ;
#2055 = ORIENTED_EDGE ( 'NONE', *, *, #4492, .F. ) ;
#2056 = ORIENTED_EDGE ( 'NONE', *, *, #3139, .F. ) ;
#2057 = ADVANCED_FACE ( 'NONE', ( #1186 ), #4833, .F. ) ;
#2058 = LINE ( 'NONE', #1207, #211 ) ;
#2059 = DIRECTION ( 'NONE',  ( -0.000000000000000000, 1.000000000000000000, -0.000000000000000000 ) ) ;
#2060 = EDGE_LOOP ( 'NONE', ( #4904, #7859, #7404, #9751, #9157, #3008, #1019, #7987, #2825, #8244 ) ) ;
#2061 = CARTESIAN_POINT ( 'NONE',  ( 11.09705627484790291, 16.55940704256036966, -9.400000000000000355 ) ) ;
#2062 = CIRCLE ( 'NONE', #3328, 9.499999999999987566 ) ;
#2063 = CARTESIAN_POINT ( 'NONE',  ( -6.999999999999999112, 34.78756443470178539, -22.69999999999998863 ) ) ;
#2064 = AXIS2_PLACEMENT_3D ( 'NONE', #7065, #7811, #7856 ) ;
#2065 =( BOUNDED_CURVE ( )  B_SPLINE_CURVE ( 3, ( #481, #7314, #6573, #1172 ),
 .UNSPECIFIED., .F., .F. ) 
 B_SPLINE_CURVE_WITH_KNOTS ( ( 4, 4 ),
 ( 5.149689057987780316, 6.283185307179586232 ),
 .UNSPECIFIED. ) 
 CURVE ( )  GEOMETRIC_REPRESENTATION_ITEM ( )  RATIONAL_B_SPLINE_CURVE ( ( 1.000000000000000000, 0.8957675578916761694, 0.8957675578916761694, 1.000000000000000000 ) ) 
 REPRESENTATION_ITEM ( '' )  );
#2066 = CARTESIAN_POINT ( 'NONE',  ( 9.400000000000002132, 24.55940704256027374, -18.90294372515247900 ) ) ;
#2067 = PLANE ( 'NONE',  #7651 ) ;
#2068 = CARTESIAN_POINT ( 'NONE',  ( 23.39999999999999858, 24.00000000000000000, -59.00000000000000000 ) ) ;
#2069 = ORIENTED_EDGE ( 'NONE', *, *, #3800, .T. ) ;
#2070 = EDGE_CURVE ( 'NONE', #9338, #40, #2759, .T. ) ;
#2071 = VECTOR ( 'NONE', #8527, 1000.000000000000000 ) ;
#2072 = ORIENTED_EDGE ( 'NONE', *, *, #2470, .T. ) ;
#2073 = DIRECTION ( 'NONE',  ( 0.000000000000000000, 1.000000000000000000, 0.000000000000000000 ) ) ;
#2074 = CARTESIAN_POINT ( 'NONE',  ( 17.98786796564397505, 60.00000000000000000, -23.89497474683057376 ) ) ;
#2075 = CARTESIAN_POINT ( 'NONE',  ( 29.00000000000000000, 51.64999999999999858, 0.000000000000000000 ) ) ;
#2076 = DIRECTION ( 'NONE',  ( 0.000000000000000000, 0.000000000000000000, -1.000000000000000000 ) ) ;
#2077 = CARTESIAN_POINT ( 'NONE',  ( 19.99999999999999645, 32.00000000000000711, -44.00000000000000000 ) ) ;
#2078 = B_SPLINE_CURVE_WITH_KNOTS ( 'NONE', 3,
 ( #1517, #3004, #3755, #9106, #2263, #5588, #4876, #7123, #1030, #2859 ),
 .UNSPECIFIED., .F., .F.,
 ( 4, 2, 2, 2, 4 ),
 ( 0.001813951876454129820, 0.002267092637409978597, 0.002720233398365827591, 0.003173374159321676585, 0.003626514920277525578 ),
 .UNSPECIFIED. ) ;
#2079 = AXIS2_PLACEMENT_3D ( 'NONE', #3729, #5343, #1636 ) ;
#2080 = CARTESIAN_POINT ( 'NONE',  ( -2.522268625760996752, 51.68825371157792148, 6.957056356519465190 ) ) ;
#2081 = ORIENTED_EDGE ( 'NONE', *, *, #3906, .T. ) ;
#2082 = FACE_OUTER_BOUND ( 'NONE', #892, .T. ) ;
#2083 = CARTESIAN_POINT ( 'NONE',  ( 25.29497474683052261, 0.000000000000000000, -19.38786796564398074 ) ) ;
#2084 = ORIENTED_EDGE ( 'NONE', *, *, #1014, .T. ) ;
#2085 = VECTOR ( 'NONE', #3672, 1000.000000000000000 ) ;
#2086 = ORIENTED_EDGE ( 'NONE', *, *, #5242, .T. ) ;
#2087 = EDGE_CURVE ( 'NONE', #815, #6749, #5893, .T. ) ;
#2088 = CARTESIAN_POINT ( 'NONE',  ( 25.00000000000000000, 63.00000000000000000, -5.000000000000000000 ) ) ;
#2089 = CARTESIAN_POINT ( 'NONE',  ( 6.625172409255868367, 4.304474192181287684, -12.21839180194910846 ) ) ;
#2090 = CARTESIAN_POINT ( 'NONE',  ( 23.39999999999999858, 24.15134923333333106, -17.78284271247457582 ) ) ;
#2091 = CARTESIAN_POINT ( 'NONE',  ( 27.00000000000000000, 32.00000000000000000, -56.49999999999999289 ) ) ;
#2092 = ADVANCED_FACE ( 'NONE', ( #8676 ), #1836, .F. ) ;
#2093 = AXIS2_PLACEMENT_3D ( 'NONE', #9056, #5927, #9159 ) ;
#2094 = CARTESIAN_POINT ( 'NONE',  ( -3.122502256758252770E-14, 60.00000000000000711, -13.49999999999989164 ) ) ;
#2095 = DIRECTION ( 'NONE',  ( -0.000000000000000000, -1.000000000000000000, -0.000000000000000000 ) ) ;
#2096 = EDGE_LOOP ( 'NONE', ( #5274, #559, #2350, #1566 ) ) ;
#2097 = VERTEX_POINT ( 'NONE', #8979 ) ;
#2098 = CARTESIAN_POINT ( 'NONE',  ( 11.64751491537676387, 41.13304147805467181, -5.740408134190034595 ) ) ;
#2099 = CYLINDRICAL_SURFACE ( 'NONE', #3799, 1.500000000000001332 ) ;
#2100 = CARTESIAN_POINT ( 'NONE',  ( 11.81198432534860743, 34.82438818882708631, -22.76074115118613861 ) ) ;
#2101 = ORIENTED_EDGE ( 'NONE', *, *, #8913, .T. ) ;
#2102 = VECTOR ( 'NONE', #5239, 1000.000000000000000 ) ;
#2103 = EDGE_LOOP ( 'NONE', ( #3045, #4699, #3666, #8145, #8455, #8560, #8798, #1718, #7843, #6991 ) ) ;
#2104 = VERTEX_POINT ( 'NONE', #6777 ) ;
#2105 = VERTEX_POINT ( 'NONE', #1489 ) ;
#2106 = DIRECTION ( 'NONE',  ( 0.000000000000000000, -1.000000000000000000, 0.000000000000000000 ) ) ;
#2107 = EDGE_LOOP ( 'NONE', ( #9007, #370 ) ) ;
#2108 = CARTESIAN_POINT ( 'NONE',  ( 18.48284271247456090, 45.22796722212303422, -22.69999999999998863 ) ) ;
#2109 = AXIS2_PLACEMENT_3D ( 'NONE', #8458, #4810, #7853 ) ;
#2110 = DIRECTION ( 'NONE',  ( -0.000000000000000000, -0.000000000000000000, 1.000000000000000000 ) ) ;
#2111 = CARTESIAN_POINT ( 'NONE',  ( 11.09705627484776080, 16.55940704256034834, -20.59999999999999787 ) ) ;
#2112 = CARTESIAN_POINT ( 'NONE',  ( 19.99999999999999645, 32.00000000000000711, -44.00000000000000000 ) ) ;
#2113 = ADVANCED_FACE ( 'NONE', ( #3683 ), #4478, .F. ) ;
#2114 = DIRECTION ( 'NONE',  ( 0.000000000000000000, 0.000000000000000000, 1.000000000000000000 ) ) ;
#2115 = EDGE_LOOP ( 'NONE', ( #6078, #7847, #1711, #2208 ) ) ;
#2116 = B_SPLINE_SURFACE_WITH_KNOTS ( 'NONE', 1, 3, ( 
 ( #670, #7550, #813, #8394, #8248, #3098, #4507, #1562, #25, #4460, #7502, #3856, #9197, #714, #4651, #2262, #4603, #6155, #6065, #8305, #6760, #8449, #2356, #6016, #5967, #5324, #5420, #1616, #9003, #9847, #3807, #8349, #621, #9104, #9801, #6715, #9758, #9050 ),
 ( #3051, #2906, #5272, #3752, #6806, #1516, #4551, #6859, #9248, #8594, #6953, #8497, #214, #3145, #6402, #4045, #9442, #2601, #118, #4000, #954, #2408, #315, #6253, #1757, #8541, #2554, #4745, #7144, #6206, #5650, #8642, #7797, #8689, #7050, #3901, #2455, #7701 ) ),
 .UNSPECIFIED., .F., .F., .F.,
 ( 2, 2 ),
 ( 4, 2, 2, 2, 2, 2, 2, 2, 2, 2, 2, 2, 2, 2, 2, 2, 2, 2, 4 ),
 ( 0.000000000000000000, 1.000000000000000000 ),
 ( 0.000000000000000000, 0.0006721862071278879389, 0.001344372414255775878, 0.002016558621383664034, 0.002352651724947607895, 0.002688744828511551756, 0.003024837932075495617, 0.003360931035639439911, 0.004033117242767328067, 0.004705303449895215789, 0.005041396553459159650, 0.005377489657023103511, 0.006049675864150991234, 0.006721862071278879823, 0.008066234485534656135, 0.008738420692662543857, 0.009410606899790431579, 0.01008279310691831930, 0.01075497931404620702 ),
 .UNSPECIFIED. ) ;
#2117 = VECTOR ( 'NONE', #2318, 1000.000000000000000 ) ;
#2118 = EDGE_LOOP ( 'NONE', ( #9600, #5896, #2692, #4542 ) ) ;
#2119 = FACE_BOUND ( 'NONE', #4593, .T. ) ;
#2120 = CARTESIAN_POINT ( 'NONE',  ( 0.7500000000000666134, 60.00000000000000000, -29.25000000000006750 ) ) ;
#2121 = DIRECTION ( 'NONE',  ( 1.000000000000000000, -0.000000000000000000, -0.000000000000000000 ) ) ;
#2122 = CARTESIAN_POINT ( 'NONE',  ( 14.99999999999987566, 60.00000000000000711, 3.196819863353100386E-14 ) ) ;
#2123 = DIRECTION ( 'NONE',  ( 0.000000000000000000, 0.000000000000000000, -1.000000000000000000 ) ) ;
#2124 = DIRECTION ( 'NONE',  ( 1.000000000000000000, -0.000000000000000000, -0.000000000000000000 ) ) ;
#2125 = ADVANCED_FACE ( 'NONE', ( #4427 ), #7378, .T. ) ;
#2126 = VECTOR ( 'NONE', #321, 1000.000000000000000 ) ;
#2127 = EDGE_CURVE ( 'NONE', #6255, #6403, #545, .T. ) ;
#2128 = CARTESIAN_POINT ( 'NONE',  ( 10.28994949366122214, 14.73174228522551310, -21.40710678118653121 ) ) ;
#2129 = ORIENTED_EDGE ( 'NONE', *, *, #3826, .T. ) ;
#2130 = CARTESIAN_POINT ( 'NONE',  ( 25.00000000000000000, 70.00000000000000000, -24.99999999999999645 ) ) ;
#2131 = DIRECTION ( 'NONE',  ( -1.000000000000000000, 0.000000000000000000, 0.000000000000000000 ) ) ;
#2132 = EDGE_LOOP ( 'NONE', ( #7657, #1618, #2932, #682 ) ) ;
#2133 = ORIENTED_EDGE ( 'NONE', *, *, #8636, .T. ) ;
#2134 = CARTESIAN_POINT ( 'NONE',  ( 8.592893218813628664, 60.00000000000000000, -10.28994949366116352 ) ) ;
#2135 = CARTESIAN_POINT ( 'NONE',  ( 19.50000000000016342, 30.00000000000000355, -15.00000000000000178 ) ) ;
#2136 = CARTESIAN_POINT ( 'NONE',  ( 11.51715728752555989, 60.00000000000000000, -22.69999999999998863 ) ) ;
#2137 = LINE ( 'NONE', #498, #130 ) ;
#2138 = EDGE_CURVE ( 'NONE', #3867, #6256, #9675, .T. ) ;
#2139 = PLANE ( 'NONE',  #2538 ) ;
#2140 = CARTESIAN_POINT ( 'NONE',  ( 9.399999999999998579, 4.000000000000000000, -30.00000000000000000 ) ) ;
#2141 = CARTESIAN_POINT ( 'NONE',  ( 22.69999999999995666, 0.000000000000000000, -10.28994949366116707 ) ) ;
#2142 = ORIENTED_EDGE ( 'NONE', *, *, #8899, .F. ) ;
#2143 = VERTEX_POINT ( 'NONE', #2231 ) ;
#2144 = ADVANCED_FACE ( 'NONE', ( #3581 ), #2828, .F. ) ;
#2145 = CARTESIAN_POINT ( 'NONE',  ( 23.39999999999999858, 4.000000000000003553, -12.21715728752533359 ) ) ;
#2146 = CARTESIAN_POINT ( 'NONE',  ( 0.007221444132367593922, 52.62011719714324443, 4.181086010063841840 ) ) ;
#2147 = CARTESIAN_POINT ( 'NONE',  ( 7.300000000000171241, 22.78756443470168591, -11.51715728752537871 ) ) ;
#2148 = ORIENTED_EDGE ( 'NONE', *, *, #799, .F. ) ;
#2149 = VERTEX_POINT ( 'NONE', #4337 ) ;
#2150 = ORIENTED_EDGE ( 'NONE', *, *, #4859, .T. ) ;
#2151 = AXIS2_PLACEMENT_3D ( 'NONE', #2393, #5455, #8482 ) ;
#2152 = EDGE_CURVE ( 'NONE', #2665, #7108, #8220, .T. ) ;
#2153 = DIRECTION ( 'NONE',  ( -0.000000000000000000, -1.000000000000000000, -0.000000000000000000 ) ) ;
#2154 = ORIENTED_EDGE ( 'NONE', *, *, #5319, .F. ) ;
#2155 = FACE_OUTER_BOUND ( 'NONE', #6409, .T. ) ;
#2156 = LINE ( 'NONE', #1465, #6082 ) ;
#2157 = FACE_OUTER_BOUND ( 'NONE', #216, .T. ) ;
#2158 = FACE_BOUND ( 'NONE', #4604, .T. ) ;
#2159 = AXIS2_PLACEMENT_3D ( 'NONE', #5430, #6164, #127 ) ;
#2160 = DIRECTION ( 'NONE',  ( -1.000000000000000000, 0.000000000000000000, 0.000000000000000000 ) ) ;
#2161 = ORIENTED_EDGE ( 'NONE', *, *, #8465, .F. ) ;
#2162 = ORIENTED_EDGE ( 'NONE', *, *, #5780, .F. ) ;
#2163 = CARTESIAN_POINT ( 'NONE',  ( 19.71005050633881339, 60.00000000000000000, -7.299999999999954525 ) ) ;
#2164 = CIRCLE ( 'NONE', #2327, 1.500000000000046407 ) ;
#2165 = CARTESIAN_POINT ( 'NONE',  ( 6.600000000000172840, 0.000000000000000000, -18.48284271247457511 ) ) ;
#2166 = CARTESIAN_POINT ( 'NONE',  ( 22.69999999999994955, 2.787564434701761851, -18.48284271247463550 ) ) ;
#2167 = LINE ( 'NONE', #9809, #5485 ) ;
#2168 = CARTESIAN_POINT ( 'NONE',  ( 15.00000000000000178, 63.00000000000000000, 4.975000000000000533 ) ) ;
#2169 = EDGE_CURVE ( 'NONE', #6763, #8141, #5996, .T. ) ;
#2170 = DIRECTION ( 'NONE',  ( -0.7071067811865451302, 0.000000000000000000, -0.7071067811865500152 ) ) ;
#2171 = CARTESIAN_POINT ( 'NONE',  ( 7.300000000000174794, 5.212435565298317641, -19.71005050633883826 ) ) ;
#2172 = CARTESIAN_POINT ( 'NONE',  ( -0.3262720065559329141, 53.28940140457925168, 1.622229717253949932 ) ) ;
#2173 = EDGE_LOOP ( 'NONE', ( #904, #3893, #2606, #5422 ) ) ;
#2174 = CARTESIAN_POINT ( 'NONE',  ( 19.99999999999999645, 32.00000000000000000, -56.49999999999999289 ) ) ;
#2175 = FACE_BOUND ( 'NONE', #6881, .T. ) ;
#2176 = EDGE_LOOP ( 'NONE', ( #2847, #4201, #6657, #2332, #9313, #7665, #6555, #4700, #3628, #8088 ) ) ;
#2177 =( BOUNDED_CURVE ( )  B_SPLINE_CURVE ( 3, ( #6022, #2767, #722, #9009 ),
 .UNSPECIFIED., .F., .T. ) 
 B_SPLINE_CURVE_WITH_KNOTS ( ( 4, 4 ),
 ( 3.141592653589793116, 4.275088902781766009 ),
 .UNSPECIFIED. ) 
 CURVE ( )  GEOMETRIC_REPRESENTATION_ITEM ( )  RATIONAL_B_SPLINE_CURVE ( ( 1.000000000000000000, 0.8957675578916461934, 0.8957675578916461934, 1.000000000000000000 ) ) 
 REPRESENTATION_ITEM ( '' )  );
#2178 = ADVANCED_FACE ( 'NONE', ( #8127 ), #4525, .F. ) ;
#2179 = ORIENTED_EDGE ( 'NONE', *, *, #1135, .F. ) ;
#2180 = CYLINDRICAL_SURFACE ( 'NONE', #8364, 8.000000000000000000 ) ;
#2181 = CARTESIAN_POINT ( 'NONE',  ( 4.705025253169599075, 36.00000000000000711, -23.39999999999999503 ) ) ;
#2182 = VECTOR ( 'NONE', #5177, 1000.000000000000114 ) ;
#2183 = PLANE ( 'NONE',  #984 ) ;
#2184 = CARTESIAN_POINT ( 'NONE',  ( 6.105025253169585220, 0.000000000000000000, -12.01213203435591836 ) ) ;
#2185 = ORIENTED_EDGE ( 'NONE', *, *, #9169, .T. ) ;
#2186 = FACE_BOUND ( 'NONE', #1322, .T. ) ;
#2187 = CARTESIAN_POINT ( 'NONE',  ( 18.48284271247456445, 60.00000000000000000, -23.39999999999999147 ) ) ;
#2188 = LINE ( 'NONE', #8328, #1892 ) ;
#2189 = CIRCLE ( 'NONE', #6973, 0.7000000000000027311 ) ;
#2190 = ORIENTED_EDGE ( 'NONE', *, *, #2849, .F. ) ;
#2191 = ADVANCED_FACE ( 'NONE', ( #8930 ), #590, .T. ) ;
#2192 = ORIENTED_EDGE ( 'NONE', *, *, #8833, .T. ) ;
#2193 = CARTESIAN_POINT ( 'NONE',  ( 20.60000000000000142, 3.440592957439670752, -11.09705627484773416 ) ) ;
#2194 = CARTESIAN_POINT ( 'NONE',  ( -0.4999999999999970024, 45.65000000000000568, 23.49999999999998579 ) ) ;
#2195 = CARTESIAN_POINT ( 'NONE',  ( 29.00000000000000000, 51.64999999999999858, 23.49999999999998579 ) ) ;
#2196 = AXIS2_PLACEMENT_3D ( 'NONE', #3633, #3583, #1343 ) ;
#2197 = CYLINDRICAL_SURFACE ( 'NONE', #7931, 1.500000000000001332 ) ;
#2198 = CARTESIAN_POINT ( 'NONE',  ( 23.39999999999999858, 4.000000000000000000, -25.29497474683058300 ) ) ;
#2199 = EDGE_CURVE ( 'NONE', #2749, #4051, #643, .T. ) ;
#2200 = ORIENTED_EDGE ( 'NONE', *, *, #5848, .T. ) ;
#2201 = ORIENTED_EDGE ( 'NONE', *, *, #9851, .T. ) ;
#2202 = B_SPLINE_CURVE_WITH_KNOTS ( 'NONE', 3,
 ( #5581, #6274, #7115, #3971, #8615, #6228, #4716, #2379, #1777, #4819, #7765, #9218, #8664, #4067, #1071, #924 ),
 .UNSPECIFIED., .F., .F.,
 ( 4, 2, 2, 2, 2, 2, 2, 4 ),
 ( 0.000000000000000000, 0.0002085178114286575515, 0.0004170356228573151029, 0.0008340712457146409395, 0.001251106868571966830, 0.001668142491429292504, 0.002502213737143944502, 0.003336284982858596284 ),
 .UNSPECIFIED. ) ;
#2203 = AXIS2_PLACEMENT_3D ( 'NONE', #7585, #7640, #7540 ) ;
#2204 = ORIENTED_EDGE ( 'NONE', *, *, #6094, .F. ) ;
#2205 = VECTOR ( 'NONE', #7143, 1000.000000000000000 ) ;
#2206 = EDGE_CURVE ( 'NONE', #2956, #968, #6595, .T. ) ;
#2207 = CARTESIAN_POINT ( 'NONE',  ( 10.28994949366127898, 16.00000000000000000, -21.99999999999999645 ) ) ;
#2208 = ORIENTED_EDGE ( 'NONE', *, *, #2605, .T. ) ;
#2209 = LINE ( 'NONE', #4549, #2643 ) ;
#2210 = CARTESIAN_POINT ( 'NONE',  ( 23.39999999999995595, 0.000000000000000000, -11.51715728752533252 ) ) ;
#2211 = AXIS2_PLACEMENT_3D ( 'NONE', #2787, #8731, #1895 ) ;
#2212 = CIRCLE ( 'NONE', #7788, 1.500000000000001332 ) ;
#2213 = DIRECTION ( 'NONE',  ( 0.000000000000000000, 0.000000000000000000, 1.000000000000000000 ) ) ;
#2214 = EDGE_CURVE ( 'NONE', #6366, #393, #3256, .T. ) ;
#2215 = FACE_OUTER_BOUND ( 'NONE', #5667, .T. ) ;
#2216 = ORIENTED_EDGE ( 'NONE', *, *, #224, .F. ) ;
#2217 = AXIS2_PLACEMENT_3D ( 'NONE', #4568, #3259, #6269 ) ;
#2218 = ORIENTED_EDGE ( 'NONE', *, *, #4406, .T. ) ;
#2219 = PLANE ( 'NONE',  #7064 ) ;
#2220 = AXIS2_PLACEMENT_3D ( 'NONE', #2933, #2237, #1444 ) ;
#2221 = DIRECTION ( 'NONE',  ( 1.734723475976807094E-15, 0.000000000000000000, 1.000000000000000000 ) ) ;
#2222 = CARTESIAN_POINT ( 'NONE',  ( -6.999999999999999112, 36.00000000000000711, -7.999999999999994671 ) ) ;
#2223 = LINE ( 'NONE', #3619, #6310 ) ;
#2224 = PLANE ( 'NONE',  #8943 ) ;
#2225 = CARTESIAN_POINT ( 'NONE',  ( 6.247607919734171844, 40.03877019557192085, -12.12890810100967087 ) ) ;
#2226 = VERTEX_POINT ( 'NONE', #9022 ) ;
#2227 = CARTESIAN_POINT ( 'NONE',  ( 4.705025253169598187, 60.00000000000000000, -25.29497474683057945 ) ) ;
#2228 = FACE_BOUND ( 'NONE', #512, .T. ) ;
#2229 = ORIENTED_EDGE ( 'NONE', *, *, #9372, .T. ) ;
#2230 = VERTEX_POINT ( 'NONE', #1383 ) ;
#2231 = CARTESIAN_POINT ( 'NONE',  ( 25.00000000000000000, 60.00000000000000000, -10.90710678118645660 ) ) ;
#2232 = AXIS2_PLACEMENT_3D ( 'NONE', #8715, #1878, #139 ) ;
#2233 = CARTESIAN_POINT ( 'NONE',  ( -6.999999999999999112, 36.00000000000000711, -9.399999999999995026 ) ) ;
#2234 = CARTESIAN_POINT ( 'NONE',  ( 5.000000000000000000, 60.00000000000000000, -5.000000000000000888 ) ) ;
#2235 = CARTESIAN_POINT ( 'NONE',  ( 15.00000000000000355, 63.00000000000000000, 6.999999999999995559 ) ) ;
#2236 = VERTEX_POINT ( 'NONE', #3728 ) ;
#2237 = DIRECTION ( 'NONE',  ( -0.000000000000000000, -0.000000000000000000, 1.000000000000000000 ) ) ;
#2238 = DIRECTION ( 'NONE',  ( -1.000000000000000000, 0.000000000000000000, 0.000000000000000000 ) ) ;
#2239 = CARTESIAN_POINT ( 'NONE',  ( 6.599999999999996980, 4.000000000000000000, -4.705025253169416999 ) ) ;
#2240 = VECTOR ( 'NONE', #820, 1000.000000000000000 ) ;
#2241 = ADVANCED_FACE ( 'NONE', ( #688 ), #2180, .F. ) ;
#2242 = ORIENTED_EDGE ( 'NONE', *, *, #4764, .T. ) ;
#2243 = VERTEX_POINT ( 'NONE', #2781 ) ;
#2244 = CARTESIAN_POINT ( 'NONE',  ( 4.705025253169598187, 60.00000000000000000, -25.00000000000000000 ) ) ;
#2245 = DIRECTION ( 'NONE',  ( 0.000000000000000000, 0.000000000000000000, -1.000000000000000000 ) ) ;
#2246 = CARTESIAN_POINT ( 'NONE',  ( 19.71005050633881339, 60.00000000000000000, -7.299999999999954525 ) ) ;
#2247 = DIRECTION ( 'NONE',  ( 1.000000000000000000, -0.000000000000000000, -0.000000000000000000 ) ) ;
#2248 = VECTOR ( 'NONE', #7594, 1000.000000000000000 ) ;
#2249 = EDGE_CURVE ( 'NONE', #6296, #3780, #4229, .T. ) ;
#2250 = EDGE_CURVE ( 'NONE', #1629, #2302, #3829, .T. ) ;
#2251 = CARTESIAN_POINT ( 'NONE',  ( -1.478993741489957880, 51.87302588582721796, 6.124182095568846407 ) ) ;
#2252 = DIRECTION ( 'NONE',  ( -0.000000000000000000, -1.000000000000000000, -0.000000000000000000 ) ) ;
#2253 = ORIENTED_EDGE ( 'NONE', *, *, #8671, .F. ) ;
#2254 = ORIENTED_EDGE ( 'NONE', *, *, #1998, .F. ) ;
#2255 = ORIENTED_EDGE ( 'NONE', *, *, #4369, .T. ) ;
#2256 = CARTESIAN_POINT ( 'NONE',  ( 6.600000000000168399, 0.000000000000000000, -11.51715728752533074 ) ) ;
#2257 = VERTEX_POINT ( 'NONE', #2475 ) ;
#2258 = DIRECTION ( 'NONE',  ( -0.000000000000000000, 1.000000000000000000, -0.000000000000000000 ) ) ;
#2259 = CARTESIAN_POINT ( 'NONE',  ( 25.00000000000000000, 60.00000000000000000, -19.09289321881345813 ) ) ;
#2260 = EDGE_CURVE ( 'NONE', #9550, #3121, #2380, .T. ) ;
#2261 = AXIS2_PLACEMENT_3D ( 'NONE', #1587, #3777, #2382 ) ;
#2262 = CARTESIAN_POINT ( 'NONE',  ( 30.53547852039918098, 52.93632056098445560, 2.257123221665444657 ) ) ;
#2263 = CARTESIAN_POINT ( 'NONE',  ( 12.11759928332102376, 16.96230489759630444, -23.02736340666437442 ) ) ;
#2264 = ORIENTED_EDGE ( 'NONE', *, *, #883, .T. ) ;
#2265 =( BOUNDED_CURVE ( )  B_SPLINE_CURVE ( 3, ( #5399, #8478, #932, #3225 ),
 .UNSPECIFIED., .F., .T. ) 
 B_SPLINE_CURVE_WITH_KNOTS ( ( 4, 4 ),
 ( 2.807623558074143322, 3.141592653589793116 ),
 .UNSPECIFIED. ) 
 CURVE ( )  GEOMETRIC_REPRESENTATION_ITEM ( )  RATIONAL_B_SPLINE_CURVE ( ( 1.000000000000000000, 0.9907269643306946261, 0.9907269643306946261, 1.000000000000000000 ) ) 
 REPRESENTATION_ITEM ( '' )  );
#2266 = VECTOR ( 'NONE', #5828, 1000.000000000000000 ) ;
#2267 = EDGE_LOOP ( 'NONE', ( #7068, #6462, #882, #4190 ) ) ;
#2268 = FACE_OUTER_BOUND ( 'NONE', #9301, .T. ) ;
#2269 = EDGE_CURVE ( 'NONE', #4295, #6227, #9870, .T. ) ;
#2270 = DIRECTION ( 'NONE',  ( 0.000000000000000000, 0.000000000000000000, 1.000000000000000000 ) ) ;
#2271 = LINE ( 'NONE', #723, #6903 ) ;
#2272 = DIRECTION ( 'NONE',  ( -0.000000000000000000, -1.000000000000000000, -0.000000000000000000 ) ) ;
#2273 = CARTESIAN_POINT ( 'NONE',  ( -6.999999999999999112, 34.78756443470178539, -22.69999999999998863 ) ) ;
#2274 = CARTESIAN_POINT ( 'NONE',  ( 30.00000000000000000, 52.00000000000000711, -28.49999999999999645 ) ) ;
#2275 = EDGE_LOOP ( 'NONE', ( #7283, #5714, #686, #780 ) ) ;
#2276 = CIRCLE ( 'NONE', #5790, 2.499999999999998668 ) ;
#2277 = CARTESIAN_POINT ( 'NONE',  ( 25.29497474683052261, 60.00000000000000000, -19.38786796564398074 ) ) ;
#2278 = DIRECTION ( 'NONE',  ( -0.000000000000000000, -0.000000000000000000, 1.000000000000000000 ) ) ;
#2279 = ORIENTED_EDGE ( 'NONE', *, *, #9272, .F. ) ;
#2280 = ORIENTED_EDGE ( 'NONE', *, *, #9490, .T. ) ;
#2281 = EDGE_CURVE ( 'NONE', #9205, #3497, #6207, .T. ) ;
#2282 = DIRECTION ( 'NONE',  ( -0.7071067811865474617, 0.000000000000000000, -0.7071067811865474617 ) ) ;
#2283 = AXIS2_PLACEMENT_3D ( 'NONE', #5913, #7397, #2705 ) ;
#2284 = CARTESIAN_POINT ( 'NONE',  ( 19.71005050633881339, 60.00000000000000000, -7.299999999999954525 ) ) ;
#2285 = CARTESIAN_POINT ( 'NONE',  ( -1.242640687119291876, 51.64999999999999147, 9.844370415330927333E-15 ) ) ;
#2286 = DIRECTION ( 'NONE',  ( 0.000000000000000000, 0.000000000000000000, -1.000000000000000000 ) ) ;
#2287 = ORIENTED_EDGE ( 'NONE', *, *, #2427, .T. ) ;
#2288 = CARTESIAN_POINT ( 'NONE',  ( -6.999999999999999112, 16.00000000000000000, -23.39999999999999503 ) ) ;
#2289 = DIRECTION ( 'NONE',  ( 0.000000000000000000, -0.000000000000000000, 1.000000000000000000 ) ) ;
#2290 = DIRECTION ( 'NONE',  ( 0.000000000000000000, 0.000000000000000000, -1.000000000000000000 ) ) ;
#2291 = ORIENTED_EDGE ( 'NONE', *, *, #4365, .T. ) ;
#2292 = ORIENTED_EDGE ( 'NONE', *, *, #4497, .T. ) ;
#2293 = CARTESIAN_POINT ( 'NONE',  ( 30.50000000000000355, 45.65000000000000568, 21.99999999999998579 ) ) ;
#2294 = CARTESIAN_POINT ( 'NONE',  ( 1.000000000000004663, 45.65000000000000568, 54.49999999999998579 ) ) ;
#2295 = CARTESIAN_POINT ( 'NONE',  ( 11.51715728752555989, 60.00000000000000000, -22.69999999999998863 ) ) ;
#2296 = DIRECTION ( 'NONE',  ( 1.000000000000000000, 0.000000000000000000, 0.000000000000000000 ) ) ;
#2297 = EDGE_CURVE ( 'NONE', #316, #8387, #2003, .T. ) ;
#2298 = CARTESIAN_POINT ( 'NONE',  ( 23.39999999999995595, 52.16163282309373983, -12.21715728752533359 ) ) ;
#2299 = CARTESIAN_POINT ( 'NONE',  ( 7.300000000000169464, 60.00000000000000000, -10.28994949366116352 ) ) ;
#2300 = ORIENTED_EDGE ( 'NONE', *, *, #8229, .T. ) ;
#2301 = ADVANCED_FACE ( 'NONE', ( #5342 ), #873, .T. ) ;
#2302 = VERTEX_POINT ( 'NONE', #7818 ) ;
#2303 = ORIENTED_EDGE ( 'NONE', *, *, #1470, .F. ) ;
#2304 = EDGE_CURVE ( 'NONE', #1248, #2545, #3069, .T. ) ;
#2305 = EDGE_CURVE ( 'NONE', #9210, #3240, #6275, .T. ) ;
#2306 = CARTESIAN_POINT ( 'NONE',  ( 12.21715728752551833, 16.15279283707064906, -6.600000000000000533 ) ) ;
#2307 = EDGE_LOOP ( 'NONE', ( #7691, #3180, #9288, #7462 ) ) ;
#2308 = DIRECTION ( 'NONE',  ( -1.000000000000000000, 0.000000000000000000, 8.855468320851990103E-14 ) ) ;
#2309 = DIRECTION ( 'NONE',  ( 1.000000000000000000, 0.000000000000000000, -8.673617379884034239E-17 ) ) ;
#2310 = CARTESIAN_POINT ( 'NONE',  ( 6.599999999999997868, 24.00000000000000000, -59.00000000000000000 ) ) ;
#2311 = AXIS2_PLACEMENT_3D ( 'NONE', #3129, #8574, #9327 ) ;
#2312 = ORIENTED_EDGE ( 'NONE', *, *, #5125, .F. ) ;
#2313 = EDGE_CURVE ( 'NONE', #7773, #5395, #6826, .T. ) ;
#2314 = ORIENTED_EDGE ( 'NONE', *, *, #5388, .F. ) ;
#2315 = CARTESIAN_POINT ( 'NONE',  ( 29.50000000000000355, 45.65000000000000568, 59.50000000000001421 ) ) ;
#2316 = CARTESIAN_POINT ( 'NONE',  ( 25.00000000000000000, 60.00000000000000000, -5.000000000000000000 ) ) ;
#2317 = CARTESIAN_POINT ( 'NONE',  ( 22.69999999999996021, 25.21243556529823593, -11.67149079163403158 ) ) ;
#2318 = DIRECTION ( 'NONE',  ( -0.000000000000000000, -0.000000000000000000, 1.000000000000000000 ) ) ;
#2319 = DIRECTION ( 'NONE',  ( -1.000000000000000000, 0.000000000000000000, 0.000000000000000000 ) ) ;
#2320 = CARTESIAN_POINT ( 'NONE',  ( -3.122502256758252770E-14, 60.00000000000000711, -14.99999999999993960 ) ) ;
#2321 = CARTESIAN_POINT ( 'NONE',  ( 17.80294372515235679, 60.00000000000000000, -19.49999999999998224 ) ) ;
#2322 = ORIENTED_EDGE ( 'NONE', *, *, #5817, .F. ) ;
#2323 = CARTESIAN_POINT ( 'NONE',  ( 13.99999999999999822, 26.00000000000000355, -30.00000000000000000 ) ) ;
#2324 = CARTESIAN_POINT ( 'NONE',  ( 0.000000000000000000, 60.00000000000000000, -30.00000000000000000 ) ) ;
#2325 = ORIENTED_EDGE ( 'NONE', *, *, #6642, .T. ) ;
#2326 = ADVANCED_FACE ( 'NONE', ( #4622 ), #7718, .T. ) ;
#2327 = AXIS2_PLACEMENT_3D ( 'NONE', #4454, #5814, #6664 ) ;
#2328 = ORIENTED_EDGE ( 'NONE', *, *, #7339, .T. ) ;
#2329 = DIRECTION ( 'NONE',  ( 0.000000000000000000, -1.000000000000000000, 0.000000000000000000 ) ) ;
#2330 = LINE ( 'NONE', #830, #4808 ) ;
#2331 = CARTESIAN_POINT ( 'NONE',  ( 25.29497474683051905, 16.00000000000000000, -23.39999999999999503 ) ) ;
#2332 = ORIENTED_EDGE ( 'NONE', *, *, #1796, .F. ) ;
#2333 = DIRECTION ( 'NONE',  ( -0.000000000000000000, -1.000000000000000000, -0.000000000000000000 ) ) ;
#2334 = AXIS2_PLACEMENT_3D ( 'NONE', #7484, #700, #8333 ) ;
#2335 = CARTESIAN_POINT ( 'NONE',  ( 30.50000000000000355, 51.64999999999999858, 52.99999999999998579 ) ) ;
#2336 = CARTESIAN_POINT ( 'NONE',  ( 19.71005050633889510, 37.26825771477449933, -21.40710678118653121 ) ) ;
#2337 = ADVANCED_FACE ( 'NONE', ( #7025 ), #925, .F. ) ;
#2338 = VERTEX_POINT ( 'NONE', #3118 ) ;
#2339 = CIRCLE ( 'NONE', #1385, 1.500000000000001332 ) ;
#2340 = VERTEX_POINT ( 'NONE', #5530 ) ;
#2341 = CARTESIAN_POINT ( 'NONE',  ( 29.01479840736991278, 49.92279938815894980, -30.16311960313852936 ) ) ;
#2342 = CARTESIAN_POINT ( 'NONE',  ( 4.705025253169601740, 39.99999999999999289, -19.38786796564397719 ) ) ;
#2343 = CARTESIAN_POINT ( 'NONE',  ( 23.20478540516799981, 3.271918661242182669, -17.80363681491227723 ) ) ;
#2344 = CARTESIAN_POINT ( 'NONE',  ( 7.999999999999998224, 24.00000000000000000, -30.00000000000000000 ) ) ;
#2345 = CARTESIAN_POINT ( 'NONE',  ( -3.000000000000000000, 51.64999999999999858, 8.000000000000000000 ) ) ;
#2346 = DIRECTION ( 'NONE',  ( 8.810015834663948693E-16, -0.000000000000000000, 1.000000000000000000 ) ) ;
#2347 = CIRCLE ( 'NONE', #3460, 1.399999999999998579 ) ;
#2348 = VERTEX_POINT ( 'NONE', #1634 ) ;
#2349 = ORIENTED_EDGE ( 'NONE', *, *, #1532, .F. ) ;
#2350 = ORIENTED_EDGE ( 'NONE', *, *, #6576, .T. ) ;
#2351 = VECTOR ( 'NONE', #4576, 1000.000000000000000 ) ;
#2352 = CARTESIAN_POINT ( 'NONE',  ( 12.19705627484777111, 0.000000000000000000, -19.49999999999998579 ) ) ;
#2353 = VERTEX_POINT ( 'NONE', #138 ) ;
#2354 = CARTESIAN_POINT ( 'NONE',  ( 19.99999999999999645, 32.00000000000000711, -38.99999999999999289 ) ) ;
#2355 = CARTESIAN_POINT ( 'NONE',  ( -0.1413789045417567780, 53.73691137248412986, 0.9503532143856079362 ) ) ;
#2356 = CARTESIAN_POINT ( 'NONE',  ( 31.02480472410622525, 52.39149634460043359, 3.538444975564555950 ) ) ;
#2357 = EDGE_CURVE ( 'NONE', #4595, #7799, #6790, .T. ) ;
#2358 = EDGE_CURVE ( 'NONE', #7705, #5899, #6173, .T. ) ;
#2359 = AXIS2_PLACEMENT_3D ( 'NONE', #7925, #5547, #1092 ) ;
#2360 = ORIENTED_EDGE ( 'NONE', *, *, #1005, .F. ) ;
#2361 = EDGE_CURVE ( 'NONE', #6969, #7405, #9123, .T. ) ;
#2362 = ORIENTED_EDGE ( 'NONE', *, *, #9719, .T. ) ;
#2363 = FACE_OUTER_BOUND ( 'NONE', #6853, .T. ) ;
#2364 = CARTESIAN_POINT ( 'NONE',  ( 30.00000000000000000, 26.00000000000000355, -28.50000000000000000 ) ) ;
#2365 = ORIENTED_EDGE ( 'NONE', *, *, #8500, .F. ) ;
#2366 = CARTESIAN_POINT ( 'NONE',  ( -9.830099697201904239E-15, 45.65000000000000568, 59.50000000000000711 ) ) ;
#2367 = VECTOR ( 'NONE', #3770, 1000.000000000000114 ) ;
#2368 = CARTESIAN_POINT ( 'NONE',  ( 25.29497474683052261, 0.000000000000000000, -25.29497474683058300 ) ) ;
#2369 = VECTOR ( 'NONE', #7232, 1000.000000000000000 ) ;
#2370 = CARTESIAN_POINT ( 'NONE',  ( 17.80337203115469435, 16.72748197152031935, -23.20529186914934883 ) ) ;
#2371 = ORIENTED_EDGE ( 'NONE', *, *, #2984, .F. ) ;
#2372 = ADVANCED_FACE ( 'NONE', ( #9219 ), #7621, .F. ) ;
#2373 = LINE ( 'NONE', #3869, #2534 ) ;
#2374 = FACE_OUTER_BOUND ( 'NONE', #2392, .T. ) ;
#2375 = VERTEX_POINT ( 'NONE', #5391 ) ;
#2376 = CIRCLE ( 'NONE', #8120, 1.399999999999998579 ) ;
#2377 = AXIS2_PLACEMENT_3D ( 'NONE', #4630, #3124, #7680 ) ;
#2378 = VERTEX_POINT ( 'NONE', #7863 ) ;
#2379 = CARTESIAN_POINT ( 'NONE',  ( 23.01501164905699426, 51.31228762887022299, -17.89354940816242490 ) ) ;
#2380 = LINE ( 'NONE', #5441, #1041 ) ;
#2381 = DIRECTION ( 'NONE',  ( 0.000000000000000000, 1.000000000000000000, 0.000000000000000000 ) ) ;
#2382 = DIRECTION ( 'NONE',  ( 0.000000000000000000, 0.000000000000000000, 1.000000000000000000 ) ) ;
#2383 = CARTESIAN_POINT ( 'NONE',  ( 25.00000000000000000, 70.00000000000000000, -5.000000000000000000 ) ) ;
#2384 = CIRCLE ( 'NONE', #6212, 1.399999999999998579 ) ;
#2385 = ORIENTED_EDGE ( 'NONE', *, *, #5923, .T. ) ;
#2386 = CIRCLE ( 'NONE', #9394, 1.399999999999998579 ) ;
#2387 = FACE_OUTER_BOUND ( 'NONE', #6122, .T. ) ;
#2388 = DIRECTION ( 'NONE',  ( 0.000000000000000000, -0.000000000000000000, 1.000000000000000000 ) ) ;
#2389 = CARTESIAN_POINT ( 'NONE',  ( 0.6081661571560947888, 53.17151792793808340, 3.303312952252318802 ) ) ;
#2390 = VECTOR ( 'NONE', #2623, 1000.000000000000000 ) ;
#2391 = VERTEX_POINT ( 'NONE', #3466 ) ;
#2392 = EDGE_LOOP ( 'NONE', ( #5809, #1816, #2216, #6312 ) ) ;
#2393 = CARTESIAN_POINT ( 'NONE',  ( -0.4999999999999970024, 51.64999999999999858, 52.99999999999998579 ) ) ;
#2394 = FACE_OUTER_BOUND ( 'NONE', #161, .T. ) ;
#2395 = EDGE_CURVE ( 'NONE', #2712, #149, #8948, .T. ) ;
#2396 = DIRECTION ( 'NONE',  ( 1.000000000000000000, -0.000000000000000000, -0.000000000000000000 ) ) ;
#2397 = CIRCLE ( 'NONE', #4147, 1.399999999999998579 ) ;
#2398 = CARTESIAN_POINT ( 'NONE',  ( -0.4663793855927373944, 52.30719138348725750, 4.823544992311447288 ) ) ;
#2399 = DIRECTION ( 'NONE',  ( -0.000000000000000000, -0.000000000000000000, 1.000000000000000000 ) ) ;
#2400 = ORIENTED_EDGE ( 'NONE', *, *, #3906, .F. ) ;
#2401 = ORIENTED_EDGE ( 'NONE', *, *, #7212, .T. ) ;
#2402 = ORIENTED_EDGE ( 'NONE', *, *, #3053, .T. ) ;
#2403 = VECTOR ( 'NONE', #854, 1000.000000000000000 ) ;
#2404 = CARTESIAN_POINT ( 'NONE',  ( 15.00000000000000000, 63.00000000000000000, -15.00000000000000355 ) ) ;
#2405 = ORIENTED_EDGE ( 'NONE', *, *, #4983, .T. ) ;
#2406 = CARTESIAN_POINT ( 'NONE',  ( -3.122502256758252770E-14, 60.00000000000000711, -13.49999999999989164 ) ) ;
#2407 = CARTESIAN_POINT ( 'NONE',  ( -0.09270787104827366010, 53.90980809423232500, 0.7257156736883668691 ) ) ;
#2408 = CARTESIAN_POINT ( 'NONE',  ( 29.98376701043874348, 52.62660164385140149, 4.168677791863602877 ) ) ;
#2409 = ORIENTED_EDGE ( 'NONE', *, *, #7022, .F. ) ;
#2410 = ORIENTED_EDGE ( 'NONE', *, *, #2269, .F. ) ;
#2411 = VERTEX_POINT ( 'NONE', #4118 ) ;
#2412 = DIRECTION ( 'NONE',  ( 0.000000000000000000, 1.000000000000000000, 0.000000000000000000 ) ) ;
#2413 = DIRECTION ( 'NONE',  ( 0.000000000000000000, 0.000000000000000000, -1.000000000000000000 ) ) ;
#2414 = VERTEX_POINT ( 'NONE', #6472 ) ;
#2415 = FACE_OUTER_BOUND ( 'NONE', #4304, .T. ) ;
#2416 = AXIS2_PLACEMENT_3D ( 'NONE', #4770, #340, #7912 ) ;
#2417 = FACE_OUTER_BOUND ( 'NONE', #8692, .T. ) ;
#2418 = CARTESIAN_POINT ( 'NONE',  ( 17.98786796564402124, 44.79094724491371693, -6.105025253169378274 ) ) ;
#2419 = EDGE_CURVE ( 'NONE', #7321, #9683, #4546, .T. ) ;
#2420 = ORIENTED_EDGE ( 'NONE', *, *, #5796, .F. ) ;
#2421 = CARTESIAN_POINT ( 'NONE',  ( 4.705025253169601740, 60.00000000000000000, -19.38786796564397719 ) ) ;
#2422 = CARTESIAN_POINT ( 'NONE',  ( -0.4999999999999970024, 45.65000000000000568, 23.49999999999998579 ) ) ;
#2423 = ORIENTED_EDGE ( 'NONE', *, *, #5545, .F. ) ;
#2424 = AXIS2_PLACEMENT_3D ( 'NONE', #4194, #5606, #7884 ) ;
#2425 = ADVANCED_FACE ( 'NONE', ( #9568 ), #9512, .F. ) ;
#2426 = EDGE_LOOP ( 'NONE', ( #8452, #4450, #4355, #2901, #5346, #3089, #3443, #7054, #7727, #2200 ) ) ;
#2427 = EDGE_CURVE ( 'NONE', #2594, #7493, #2720, .T. ) ;
#2428 = CARTESIAN_POINT ( 'NONE',  ( -0.4999999999999970024, 45.65000000000000568, 23.49999999999998579 ) ) ;
#2429 = CARTESIAN_POINT ( 'NONE',  ( 29.50000000000000355, 45.65000000000000568, 56.50000000000000711 ) ) ;
#2430 = EDGE_CURVE ( 'NONE', #8596, #1259, #8815, .T. ) ;
#2431 = CARTESIAN_POINT ( 'NONE',  ( 7.300000000000169464, 60.00000000000000000, -10.28994949366116352 ) ) ;
#2432 = PLANE ( 'NONE',  #7526 ) ;
#2433 = CARTESIAN_POINT ( 'NONE',  ( 12.13696467989066896, 35.09544627107368342, -6.928936208234276251 ) ) ;
#2434 = AXIS2_PLACEMENT_3D ( 'NONE', #7169, #3372, #927 ) ;
#2435 = CARTESIAN_POINT ( 'NONE',  ( 18.18729523225366407, 14.82453684076515366, -22.76098167964985564 ) ) ;
#2436 = CYLINDRICAL_SURFACE ( 'NONE', #9233, 1.400000000000000133 ) ;
#2437 = CARTESIAN_POINT ( 'NONE',  ( 1.086631167072433346, 53.85141931893405598, 2.487755512296961236 ) ) ;
#2438 = AXIS2_PLACEMENT_3D ( 'NONE', #5440, #8469, #1726 ) ;
#2439 = VERTEX_POINT ( 'NONE', #2525 ) ;
#2440 = VERTEX_POINT ( 'NONE', #7167 ) ;
#2441 = EDGE_CURVE ( 'NONE', #4156, #8254, #5026, .T. ) ;
#2442 = CARTESIAN_POINT ( 'NONE',  ( 7.300000000000169464, 25.21243556529831409, -11.51715728752537871 ) ) ;
#2443 = CARTESIAN_POINT ( 'NONE',  ( 27.00000000000000000, 49.00000000000000000, -56.99999999999999289 ) ) ;
#2444 = CARTESIAN_POINT ( 'NONE',  ( 0.4999999999999990563, 45.65000000000000568, 59.50000000000000711 ) ) ;
#2445 = AXIS2_PLACEMENT_3D ( 'NONE', #3758, #5277, #8353 ) ;
#2446 = CARTESIAN_POINT ( 'NONE',  ( -2.349677627588063533, 51.68939015853142394, 7.203215063147115238 ) ) ;
#2447 = CARTESIAN_POINT ( 'NONE',  ( 20.24499799839840009, 29.00000000000000000, -33.00000000000000000 ) ) ;
#2448 = EDGE_LOOP ( 'NONE', ( #8480, #4331 ) ) ;
#2449 = EDGE_LOOP ( 'NONE', ( #8876, #2848, #2185, #9071 ) ) ;
#2450 = EDGE_LOOP ( 'NONE', ( #5471, #5374 ) ) ;
#2451 = DIRECTION ( 'NONE',  ( -0.000000000000000000, -0.000000000000000000, 1.000000000000000000 ) ) ;
#2452 = ORIENTED_EDGE ( 'NONE', *, *, #448, .F. ) ;
#2453 = FACE_OUTER_BOUND ( 'NONE', #4728, .T. ) ;
#2454 = CARTESIAN_POINT ( 'NONE',  ( 0.000000000000000000, 54.65000000000000568, -0.07774721070174446524 ) ) ;
#2455 = CARTESIAN_POINT ( 'NONE',  ( 32.87191542752974982, 51.64999844736688317, 7.843282032624097511 ) ) ;
#2456 = ORIENTED_EDGE ( 'NONE', *, *, #4197, .T. ) ;
#2457 = ORIENTED_EDGE ( 'NONE', *, *, #6588, .T. ) ;
#2458 = EDGE_CURVE ( 'NONE', #9095, #5371, #4870, .T. ) ;
#2459 = ORIENTED_EDGE ( 'NONE', *, *, #7427, .F. ) ;
#2460 = DIRECTION ( 'NONE',  ( 0.000000000000000000, 0.000000000000000000, 1.000000000000000000 ) ) ;
#2461 = CARTESIAN_POINT ( 'NONE',  ( -3.000000000000011990, 45.65000000000000568, 3.469446951953614189E-15 ) ) ;
#2462 = EDGE_LOOP ( 'NONE', ( #2002, #452, #5818, #9725 ) ) ;
#2463 = CARTESIAN_POINT ( 'NONE',  ( 22.69999999999995666, 0.000000000000000000, -10.28994949366116707 ) ) ;
#2464 = CARTESIAN_POINT ( 'NONE',  ( 18.33074017377703413, 34.78756443470181381, -7.299999999999949196 ) ) ;
#2465 = CARTESIAN_POINT ( 'NONE',  ( 4.705025253169599964, 36.00000000000000711, -21.99999999999999645 ) ) ;
#2466 = VERTEX_POINT ( 'NONE', #3266 ) ;
#2467 = DIRECTION ( 'NONE',  ( 1.000000000000000000, 0.000000000000000000, 1.652117596168387263E-16 ) ) ;
#2468 = DIRECTION ( 'NONE',  ( 0.000000000000000000, 0.000000000000000000, 1.000000000000000000 ) ) ;
#2469 = EDGE_LOOP ( 'NONE', ( #6697, #9359, #3916, #963, #9480, #2947, #2322, #5111, #4462, #7100 ) ) ;
#2470 = EDGE_CURVE ( 'NONE', #1458, #5949, #1526, .T. ) ;
#2471 = ORIENTED_EDGE ( 'NONE', *, *, #5546, .T. ) ;
#2472 = LINE ( 'NONE', #7905, #4569 ) ;
#2473 = AXIS2_PLACEMENT_3D ( 'NONE', #6983, #2485, #841 ) ;
#2474 = PLANE ( 'NONE',  #7846 ) ;
#2475 = CARTESIAN_POINT ( 'NONE',  ( -3.000000000000011990, 51.64999999999999858, 3.469446951953614189E-15 ) ) ;
#2476 = DIRECTION ( 'NONE',  ( -1.000000000000000000, 0.000000000000000000, 1.166200656118861960E-16 ) ) ;
#2477 = DIRECTION ( 'NONE',  ( -0.000000000000000000, 1.000000000000000000, -0.000000000000000000 ) ) ;
#2478 = FACE_OUTER_BOUND ( 'NONE', #3397, .T. ) ;
#2479 = CARTESIAN_POINT ( 'NONE',  ( 17.78284271247456161, 16.00000000000000000, -23.39999999999999503 ) ) ;
#2480 = CARTESIAN_POINT ( 'NONE',  ( 18.32853418777019172, 37.21243556529819330, -7.299999999999948308 ) ) ;
#2481 = CARTESIAN_POINT ( 'NONE',  ( 0.9411557299439908819, 53.60927768488417655, 2.754282215326435690 ) ) ;
#2482 = VECTOR ( 'NONE', #5626, 1000.000000000000000 ) ;
#2483 = EDGE_CURVE ( 'NONE', #8219, #6549, #5673, .T. ) ;
#2484 = ORIENTED_EDGE ( 'NONE', *, *, #253, .T. ) ;
#2485 = DIRECTION ( 'NONE',  ( 1.000000000000000000, 0.000000000000000000, 0.000000000000000000 ) ) ;
#2486 = CARTESIAN_POINT ( 'NONE',  ( 19.71005050633889510, 0.000000000000000000, -21.40710678118653121 ) ) ;
#2487 = AXIS2_PLACEMENT_3D ( 'NONE', #5380, #8404, #3107 ) ;
#2488 = FACE_OUTER_BOUND ( 'NONE', #8750, .T. ) ;
#2489 = CARTESIAN_POINT ( 'NONE',  ( 18.01027003025337336, 14.90902160477779681, -7.121106594678296098 ) ) ;
#2490 = CARTESIAN_POINT ( 'NONE',  ( 10.28994949366131273, 16.00000000000000000, -8.000000000000000000 ) ) ;
#2491 = EDGE_CURVE ( 'NONE', #2996, #3958, #4235, .T. ) ;
#2492 = AXIS2_PLACEMENT_3D ( 'NONE', #8613, #6272, #1775 ) ;
#2493 = VERTEX_POINT ( 'NONE', #6375 ) ;
#2494 = EDGE_LOOP ( 'NONE', ( #4007, #7178, #1555, #2496 ) ) ;
#2495 = DIRECTION ( 'NONE',  ( 0.000000000000000000, 0.000000000000000000, 1.000000000000000000 ) ) ;
#2496 = ORIENTED_EDGE ( 'NONE', *, *, #7244, .F. ) ;
#2497 = CARTESIAN_POINT ( 'NONE',  ( 19.99999999999999645, 32.00000000000000000, -59.00000000000000000 ) ) ;
#2498 = VECTOR ( 'NONE', #9510, 1000.000000000000000 ) ;
#2499 = CARTESIAN_POINT ( 'NONE',  ( 12.13696467989066718, 15.09544627107367809, -6.928936208234278915 ) ) ;
#2500 = LINE ( 'NONE', #4795, #7801 ) ;
#2501 = VERTEX_POINT ( 'NONE', #1876 ) ;
#2502 = EDGE_CURVE ( 'NONE', #9408, #2230, #8691, .T. ) ;
#2503 = EDGE_LOOP ( 'NONE', ( #47, #7207, #5733, #7534 ) ) ;
#2504 = AXIS2_PLACEMENT_3D ( 'NONE', #2344, #4491, #3083 ) ;
#2505 = ORIENTED_EDGE ( 'NONE', *, *, #7980, .F. ) ;
#2506 = DIRECTION ( 'NONE',  ( 0.000000000000000000, 0.000000000000000000, -1.000000000000000000 ) ) ;
#2507 = CARTESIAN_POINT ( 'NONE',  ( 32.63498598631113623, 51.66248185854426822, 7.553191855750805317 ) ) ;
#2508 = ORIENTED_EDGE ( 'NONE', *, *, #6111, .F. ) ;
#2509 = DIRECTION ( 'NONE',  ( 0.000000000000000000, -1.000000000000000000, 0.000000000000000000 ) ) ;
#2510 = DIRECTION ( 'NONE',  ( 1.000000000000000000, 0.000000000000000000, -2.478176394252584099E-15 ) ) ;
#2511 = DIRECTION ( 'NONE',  ( 0.000000000000000000, 0.000000000000000000, 1.000000000000000000 ) ) ;
#2512 = EDGE_CURVE ( 'NONE', #5233, #3970, #1024, .T. ) ;
#2513 = EDGE_CURVE ( 'NONE', #6889, #7592, #7116, .T. ) ;
#2514 = VECTOR ( 'NONE', #7037, 1000.000000000000114 ) ;
#2515 = VERTEX_POINT ( 'NONE', #283 ) ;
#2516 = DIRECTION ( 'NONE',  ( -0.000000000000000000, -0.000000000000000000, 1.000000000000000000 ) ) ;
#2517 = DIRECTION ( 'NONE',  ( 0.000000000000000000, 1.000000000000000000, 0.000000000000000000 ) ) ;
#2518 = VERTEX_POINT ( 'NONE', #1929 ) ;
#2519 = AXIS2_PLACEMENT_3D ( 'NONE', #5490, #6280, #8519 ) ;
#2520 = EDGE_LOOP ( 'NONE', ( #8997, #4420, #2927, #92, #1700, #1154, #4143, #537 ) ) ;
#2521 = DIRECTION ( 'NONE',  ( -1.000000000000000000, 0.000000000000000000, 0.000000000000000000 ) ) ;
#2522 = AXIS2_PLACEMENT_3D ( 'NONE', #8592, #1756, #8688 ) ;
#2523 = DIRECTION ( 'NONE',  ( 0.000000000000000000, -1.284980352575412946E-16, -1.000000000000000000 ) ) ;
#2524 = DIRECTION ( 'NONE',  ( 0.000000000000000000, 0.000000000000000000, 1.000000000000000000 ) ) ;
#2525 = CARTESIAN_POINT ( 'NONE',  ( 33.00000000000000711, 51.64999999999999858, 3.469446951953614189E-15 ) ) ;
#2526 = DIRECTION ( 'NONE',  ( -8.673617379884034239E-17, 0.000000000000000000, -1.000000000000000000 ) ) ;
#2527 = CARTESIAN_POINT ( 'NONE',  ( 22.69999999999995666, 60.00000000000000000, -10.28994949366116707 ) ) ;
#2528 = CARTESIAN_POINT ( 'NONE',  ( 7.300000000000169464, 60.00000000000000000, -11.51715728752537871 ) ) ;
#2529 = CARTESIAN_POINT ( 'NONE',  ( 18.40623844373173768, 14.78756443470178539, -22.69999999999999574 ) ) ;
#2530 = CARTESIAN_POINT ( 'NONE',  ( 23.33756469109886922, 52.01507045138389884, -12.21715728752533359 ) ) ;
#2531 = CARTESIAN_POINT ( 'NONE',  ( 18.48284271247459642, 37.21243556529819330, -7.299999999999952749 ) ) ;
#2532 = CIRCLE ( 'NONE', #9385, 2.500000000000002220 ) ;
#2533 = CARTESIAN_POINT ( 'NONE',  ( -0.9975435910620886748, 52.03836868166585816, 5.516708908543463075 ) ) ;
#2534 = VECTOR ( 'NONE', #6772, 1000.000000000000000 ) ;
#2535 = ORIENTED_EDGE ( 'NONE', *, *, #3754, .T. ) ;
#2536 = CARTESIAN_POINT ( 'NONE',  ( 7.300000000000174794, 25.21243556529831764, -19.71005050633883826 ) ) ;
#2537 = CARTESIAN_POINT ( 'NONE',  ( 29.14283748940474794, 28.23584256350299526, -30.12223898751947715 ) ) ;
#2538 = AXIS2_PLACEMENT_3D ( 'NONE', #5195, #8131, #8025 ) ;
#2539 = CARTESIAN_POINT ( 'NONE',  ( 4.705025253169601740, 39.99999999999999289, -19.38786796564397719 ) ) ;
#2540 = EDGE_CURVE ( 'NONE', #1629, #5855, #8009, .T. ) ;
#2541 = CARTESIAN_POINT ( 'NONE',  ( 30.50000000000000355, 45.65000000000000568, 23.49999999999998579 ) ) ;
#2542 = EDGE_CURVE ( 'NONE', #9210, #3883, #7216, .T. ) ;
#2543 = CARTESIAN_POINT ( 'NONE',  ( 15.39731332171039924, 26.85091083049600869, -30.11795299550342264 ) ) ;
#2544 = VECTOR ( 'NONE', #7892, 1000.000000000000000 ) ;
#2545 = VERTEX_POINT ( 'NONE', #2574 ) ;
#2546 = ORIENTED_EDGE ( 'NONE', *, *, #2502, .F. ) ;
#2547 = EDGE_CURVE ( 'NONE', #2439, #7728, #1174, .T. ) ;
#2548 = CARTESIAN_POINT ( 'NONE',  ( 10.50000000000013856, 60.00000000000000000, -17.80294372515233547 ) ) ;
#2549 = PLANE ( 'NONE',  #2424 ) ;
#2550 = EDGE_CURVE ( 'NONE', #9448, #4277, #1098, .T. ) ;
#2551 = AXIS2_PLACEMENT_3D ( 'NONE', #1586, #6174, #3684 ) ;
#2552 = DIRECTION ( 'NONE',  ( -0.000000000000000000, -1.000000000000000000, 0.000000000000000000 ) ) ;
#2553 = CARTESIAN_POINT ( 'NONE',  ( 22.69999999999995666, 2.787564434701762739, -11.51715728752537871 ) ) ;
#2554 = CARTESIAN_POINT ( 'NONE',  ( 30.64875586186051848, 52.20645138484664471, 5.064109977520243611 ) ) ;
#2555 = ORIENTED_EDGE ( 'NONE', *, *, #8443, .T. ) ;
#2556 = ORIENTED_EDGE ( 'NONE', *, *, #4874, .T. ) ;
#2557 = CIRCLE ( 'NONE', #1611, 1.399999999999998579 ) ;
#2558 = ORIENTED_EDGE ( 'NONE', *, *, #673, .T. ) ;
#2559 = DIRECTION ( 'NONE',  ( 1.000000000000000000, 0.000000000000000000, 0.000000000000000000 ) ) ;
#2560 = CARTESIAN_POINT ( 'NONE',  ( 29.86955216249489453, 52.71447824469230881, 4.009087059014694532 ) ) ;
#2561 = VERTEX_POINT ( 'NONE', #1327 ) ;
#2562 = EDGE_CURVE ( 'NONE', #7991, #672, #8373, .T. ) ;
#2563 = DIRECTION ( 'NONE',  ( 0.000000000000000000, 0.000000000000000000, -1.000000000000000000 ) ) ;
#2564 = CARTESIAN_POINT ( 'NONE',  ( 33.00000000000000000, 51.64999999999999858, 56.50000000000000711 ) ) ;
#2565 = CARTESIAN_POINT ( 'NONE',  ( 7.300000000000174794, 22.78756443470168236, -18.48284271247463550 ) ) ;
#2566 = AXIS2_PLACEMENT_3D ( 'NONE', #2165, #4412, #8202 ) ;
#2567 = ORIENTED_EDGE ( 'NONE', *, *, #8190, .F. ) ;
#2568 = CARTESIAN_POINT ( 'NONE',  ( 7.999999999999998224, 4.000000000000000000, -25.29497474683058300 ) ) ;
#2569 = VERTEX_POINT ( 'NONE', #4324 ) ;
#2570 = ORIENTED_EDGE ( 'NONE', *, *, #278, .T. ) ;
#2571 = CYLINDRICAL_SURFACE ( 'NONE', #9833, 3.000000000000000000 ) ;
#2572 = DIRECTION ( 'NONE',  ( 6.938893903907232322E-16, 0.000000000000000000, -1.000000000000000000 ) ) ;
#2573 = CARTESIAN_POINT ( 'NONE',  ( 3.499999999999999556, 45.65000000000000568, 0.000000000000000000 ) ) ;
#2574 = CARTESIAN_POINT ( 'NONE',  ( 30.00000000000000000, 45.65000000000000568, -2.999999999999996447 ) ) ;
#2575 = DIRECTION ( 'NONE',  ( -1.000000000000000000, 0.000000000000000000, 0.000000000000000000 ) ) ;
#2576 = CARTESIAN_POINT ( 'NONE',  ( 30.50000000000000355, 45.65000000000000568, 24.99999999999998579 ) ) ;
#2577 = CARTESIAN_POINT ( 'NONE',  ( 30.50267918208611206, 52.98685872389551577, 2.161347641332106218 ) ) ;
#2578 = DIRECTION ( 'NONE',  ( -0.000000000000000000, -1.000000000000000000, -0.000000000000000000 ) ) ;
#2579 = DIRECTION ( 'NONE',  ( -0.000000000000000000, -1.000000000000000000, -0.000000000000000000 ) ) ;
#2580 = VECTOR ( 'NONE', #7524, 1000.000000000000000 ) ;
#2581 = CARTESIAN_POINT ( 'NONE',  ( 19.71005050633881339, 60.00000000000000000, -8.592893218813411949 ) ) ;
#2582 = CARTESIAN_POINT ( 'NONE',  ( -0.5354785203991763165, 52.93632056098444139, 2.257123221665441548 ) ) ;
#2583 =( BOUNDED_CURVE ( )  B_SPLINE_CURVE ( 3, ( #3132, #3888, #888, #1504 ),
 .UNSPECIFIED., .F., .F. ) 
 B_SPLINE_CURVE_WITH_KNOTS ( ( 4, 4 ),
 ( 3.141592653589790896, 4.712388980384689674 ),
 .UNSPECIFIED. ) 
 CURVE ( )  GEOMETRIC_REPRESENTATION_ITEM ( )  RATIONAL_B_SPLINE_CURVE ( ( 1.000000000000000000, 0.8047378541243644934, 0.8047378541243644934, 1.000000000000000000 ) ) 
 REPRESENTATION_ITEM ( '' )  );
#2584 = ADVANCED_FACE ( 'NONE', ( #631 ), #7366, .T. ) ;
#2585 = ORIENTED_EDGE ( 'NONE', *, *, #236, .F. ) ;
#2586 = CYLINDRICAL_SURFACE ( 'NONE', #5662, 2.499999999999998668 ) ;
#2587 = VECTOR ( 'NONE', #1478, 1000.000000000000000 ) ;
#2588 = DIRECTION ( 'NONE',  ( 0.000000000000000000, 0.000000000000000000, -1.000000000000000000 ) ) ;
#2589 = DIRECTION ( 'NONE',  ( -9.257989608163444543E-14, 0.000000000000000000, 1.000000000000000000 ) ) ;
#2590 = LINE ( 'NONE', #3335, #6513 ) ;
#2591 = CARTESIAN_POINT ( 'NONE',  ( 25.00000000000000000, 70.00000000000000000, -24.99999999999999645 ) ) ;
#2592 = AXIS2_PLACEMENT_3D ( 'NONE', #1115, #4160, #7204 ) ;
#2593 = ORIENTED_EDGE ( 'NONE', *, *, #3827, .F. ) ;
#2594 = VERTEX_POINT ( 'NONE', #1372 ) ;
#2595 = EDGE_CURVE ( 'NONE', #3462, #3648, #733, .T. ) ;
#2596 = CARTESIAN_POINT ( 'NONE',  ( 0.000000000000000000, 39.99999999999999289, -24.99999999999999645 ) ) ;
#2597 = CARTESIAN_POINT ( 'NONE',  ( 7.105415501044813453, 40.11097966214537536, -17.97943109791625105 ) ) ;
#2598 = AXIS2_PLACEMENT_3D ( 'NONE', #9853, #768, #3009 ) ;
#2599 = CARTESIAN_POINT ( 'NONE',  ( 21.40710678118649568, 5.268257714774474465, -10.28994949366116529 ) ) ;
#2600 = FACE_OUTER_BOUND ( 'NONE', #5858, .T. ) ;
#2601 = CARTESIAN_POINT ( 'NONE',  ( 29.57780141941248431, 52.97557922183849399, 3.586190540279796224 ) ) ;
#2602 = ORIENTED_EDGE ( 'NONE', *, *, #3146, .T. ) ;
#2603 = ORIENTED_EDGE ( 'NONE', *, *, #9520, .T. ) ;
#2604 = EDGE_CURVE ( 'NONE', #252, #2353, #9004, .T. ) ;
#2605 = EDGE_CURVE ( 'NONE', #971, #8070, #5670, .T. ) ;
#2606 = ORIENTED_EDGE ( 'NONE', *, *, #8126, .F. ) ;
#2607 = CARTESIAN_POINT ( 'NONE',  ( 28.49999999999999645, 45.65000000000000568, 3.469446951953614189E-15 ) ) ;
#2608 = FACE_OUTER_BOUND ( 'NONE', #3307, .T. ) ;
#2609 = CARTESIAN_POINT ( 'NONE',  ( 32.91450460912187737, 51.65000000000001279, 7.895392055264569997 ) ) ;
#2610 = VERTEX_POINT ( 'NONE', #9059 ) ;
#2611 = LINE ( 'NONE', #7851, #9029 ) ;
#2612 = DIRECTION ( 'NONE',  ( 1.000000000000000000, 0.000000000000000000, -0.000000000000000000 ) ) ;
#2613 = DIRECTION ( 'NONE',  ( 0.000000000000000000, 1.000000000000000000, -0.000000000000000000 ) ) ;
#2614 = ORIENTED_EDGE ( 'NONE', *, *, #3857, .T. ) ;
#2615 = DIRECTION ( 'NONE',  ( 0.000000000000000000, 0.000000000000000000, -1.000000000000000000 ) ) ;
#2616 = ORIENTED_EDGE ( 'NONE', *, *, #3712, .T. ) ;
#2617 = EDGE_CURVE ( 'NONE', #4296, #5700, #8866, .T. ) ;
#2618 = VERTEX_POINT ( 'NONE', #2168 ) ;
#2619 = CARTESIAN_POINT ( 'NONE',  ( 25.29497474683052261, 60.00000000000000000, -19.38786796564398074 ) ) ;
#2620 = CARTESIAN_POINT ( 'NONE',  ( 1.499999999999997780, 59.64999999999999858, 0.000000000000000000 ) ) ;
#2621 = CARTESIAN_POINT ( 'NONE',  ( 13.49999999999987743, 60.00000000000000711, 0.000000000000000000 ) ) ;
#2622 = CARTESIAN_POINT ( 'NONE',  ( 4.999999999999997335, 60.00000000000000000, -22.69999999999998863 ) ) ;
#2623 = DIRECTION ( 'NONE',  ( 0.000000000000000000, 0.000000000000000000, 1.000000000000000000 ) ) ;
#2624 = LINE ( 'NONE', #2527, #2736 ) ;
#2625 = CARTESIAN_POINT ( 'NONE',  ( 11.51715728752552792, 34.78756443470181381, -7.299999999999952749 ) ) ;
#2626 = CARTESIAN_POINT ( 'NONE',  ( 28.50000000000000000, 59.64999999999999858, 0.000000000000000000 ) ) ;
#2627 = CARTESIAN_POINT ( 'NONE',  ( 22.69999999999995666, 50.68817955499563510, -11.51715728752538226 ) ) ;
#2628 = CARTESIAN_POINT ( 'NONE',  ( 17.81062461192456681, 36.72271101082512246, -6.798598713709886887 ) ) ;
#2629 = CARTESIAN_POINT ( 'NONE',  ( -2.152678345432183171, 51.77085428655529853, 6.143528329421330980 ) ) ;
#2630 = EDGE_LOOP ( 'NONE', ( #7547, #7678, #8534, #5959 ) ) ;
#2631 = VECTOR ( 'NONE', #3985, 1000.000000000000000 ) ;
#2632 = ORIENTED_EDGE ( 'NONE', *, *, #4635, .T. ) ;
#2633 = DIRECTION ( 'NONE',  ( -0.000000000000000000, -1.000000000000000000, -0.000000000000000000 ) ) ;
#2634 = LINE ( 'NONE', #6337, #2071 ) ;
#2635 = LINE ( 'NONE', #5688, #4425 ) ;
#2636 = VECTOR ( 'NONE', #8470, 1000.000000000000000 ) ;
#2637 = ADVANCED_FACE ( 'NONE', ( #7409 ), #5225, .F. ) ;
#2638 = EDGE_CURVE ( 'NONE', #9763, #6982, #2916, .T. ) ;
#2639 = CARTESIAN_POINT ( 'NONE',  ( 8.592893218813628664, 22.73174228522558948, -10.28994949366115996 ) ) ;
#2640 = LINE ( 'NONE', #450, #8583 ) ;
#2641 = ORIENTED_EDGE ( 'NONE', *, *, #5946, .T. ) ;
#2642 = VERTEX_POINT ( 'NONE', #4415 ) ;
#2643 = VECTOR ( 'NONE', #9845, 1000.000000000000000 ) ;
#2644 = CARTESIAN_POINT ( 'NONE',  ( 11.09705627484789936, 36.00000000000000711, -9.399999999999995026 ) ) ;
#2645 = DIRECTION ( 'NONE',  ( 1.000000000000000000, -0.000000000000000000, -0.000000000000000000 ) ) ;
#2646 = EDGE_CURVE ( 'NONE', #1203, #5020, #1364, .T. ) ;
#2647 = LINE ( 'NONE', #4093, #6987 ) ;
#2648 = DIRECTION ( 'NONE',  ( 1.000000000000000000, -0.000000000000000000, -0.000000000000000000 ) ) ;
#2649 = CIRCLE ( 'NONE', #5854, 2.499999999999996891 ) ;
#2650 = ORIENTED_EDGE ( 'NONE', *, *, #8215, .T. ) ;
#2651 = ORIENTED_EDGE ( 'NONE', *, *, #2206, .T. ) ;
#2652 = VERTEX_POINT ( 'NONE', #6724 ) ;
#2653 = FACE_OUTER_BOUND ( 'NONE', #9595, .T. ) ;
#2654 = VECTOR ( 'NONE', #3703, 1000.000000000000000 ) ;
#2655 = FACE_OUTER_BOUND ( 'NONE', #7096, .T. ) ;
#2656 = EDGE_CURVE ( 'NONE', #5644, #4051, #1425, .T. ) ;
#2657 = CARTESIAN_POINT ( 'NONE',  ( 30.86017942546346049, 52.10566626156742842, 5.338136052259741859 ) ) ;
#2658 = EDGE_LOOP ( 'NONE', ( #878, #3863, #186, #3592 ) ) ;
#2659 = DIRECTION ( 'NONE',  ( -0.000000000000000000, 0.000000000000000000, -1.000000000000000000 ) ) ;
#2660 = DIRECTION ( 'NONE',  ( 0.000000000000000000, 0.000000000000000000, -1.000000000000000000 ) ) ;
#2661 = CARTESIAN_POINT ( 'NONE',  ( 30.00000000000000000, 60.00000000000000000, -1.499999999999988898 ) ) ;
#2662 = ORIENTED_EDGE ( 'NONE', *, *, #6195, .F. ) ;
#2663 = EDGE_CURVE ( 'NONE', #9397, #7775, #6148, .T. ) ;
#2664 = DIRECTION ( 'NONE',  ( 1.000000000000000000, -0.000000000000000000, -0.000000000000000000 ) ) ;
#2665 = VERTEX_POINT ( 'NONE', #6623 ) ;
#2666 = ORIENTED_EDGE ( 'NONE', *, *, #5602, .T. ) ;
#2667 = CARTESIAN_POINT ( 'NONE',  ( 23.39999999999995595, 60.00000000000000000, -12.21715728752533359 ) ) ;
#2668 = DIRECTION ( 'NONE',  ( 1.000000000000000000, -0.000000000000000000, 6.188934370712447864E-16 ) ) ;
#2669 = DIRECTION ( 'NONE',  ( 1.000000000000000000, 0.000000000000000000, 0.000000000000000000 ) ) ;
#2670 = LINE ( 'NONE', #9716, #9579 ) ;
#2671 = VECTOR ( 'NONE', #5394, 1000.000000000000000 ) ;
#2672 = CARTESIAN_POINT ( 'NONE',  ( 5.000000000000000000, 39.99999999999999289, -19.09289321881357893 ) ) ;
#2673 = CARTESIAN_POINT ( 'NONE',  ( 32.73792957174221385, 51.66146837223830346, 7.428543052128325108 ) ) ;
#2674 = CARTESIAN_POINT ( 'NONE',  ( -2.747430787984077138, 51.66065063747070241, 7.449280738483847308 ) ) ;
#2675 = CARTESIAN_POINT ( 'NONE',  ( 20.24499799839840009, 49.00000000000000000, -33.00000000000000000 ) ) ;
#2676 = CARTESIAN_POINT ( 'NONE',  ( 14.99999999999987566, 70.00000000000000000, 1.500000000000031530 ) ) ;
#2677 = ORIENTED_EDGE ( 'NONE', *, *, #797, .F. ) ;
#2678 = CIRCLE ( 'NONE', #2203, 2.499999999999998668 ) ;
#2679 = VECTOR ( 'NONE', #657, 1000.000000000000000 ) ;
#2680 = ORIENTED_EDGE ( 'NONE', *, *, #605, .F. ) ;
#2681 = CARTESIAN_POINT ( 'NONE',  ( 32.00000000000000000, 51.64999999999999858, 0.000000000000000000 ) ) ;
#2682 = CARTESIAN_POINT ( 'NONE',  ( 6.105025253169586108, 40.03055035335581380, -17.98786796564399282 ) ) ;
#2683 = DIRECTION ( 'NONE',  ( 1.000000000000000000, 0.000000000000000000, -6.188934370712449836E-16 ) ) ;
#2684 = EDGE_CURVE ( 'NONE', #2618, #7438, #6948, .T. ) ;
#2685 = AXIS2_PLACEMENT_3D ( 'NONE', #7518, #9671, #9018 ) ;
#2686 = VECTOR ( 'NONE', #8771, 1000.000000000000000 ) ;
#2687 = CARTESIAN_POINT ( 'NONE',  ( 22.69999999999993889, 5.212435565298249251, -18.32829755247198733 ) ) ;
#2688 = DIRECTION ( 'NONE',  ( 1.000000000000000000, 0.000000000000000000, 0.000000000000000000 ) ) ;
#2689 = FACE_OUTER_BOUND ( 'NONE', #97, .T. ) ;
#2690 = ORIENTED_EDGE ( 'NONE', *, *, #8471, .T. ) ;
#2691 = VECTOR ( 'NONE', #6017, 1000.000000000000000 ) ;
#2692 = ORIENTED_EDGE ( 'NONE', *, *, #5176, .T. ) ;
#2693 = AXIS2_PLACEMENT_3D ( 'NONE', #8476, #1640, #6089 ) ;
#2694 = CARTESIAN_POINT ( 'NONE',  ( 11.51715728752552970, 60.00000000000000000, -7.299999999999952749 ) ) ;
#2695 = CARTESIAN_POINT ( 'NONE',  ( -6.999999999999999112, 16.00000000000000000, -6.600000000000001421 ) ) ;
#2696 = VECTOR ( 'NONE', #4102, 1000.000000000000000 ) ;
#2697 = CARTESIAN_POINT ( 'NONE',  ( 12.21715728752551833, 15.84736041654500838, -6.600000000000000533 ) ) ;
#2698 = AXIS2_PLACEMENT_3D ( 'NONE', #1731, #2578, #7824 ) ;
#2699 = CARTESIAN_POINT ( 'NONE',  ( 6.928313270737644025, 23.09618157616863598, -12.13729150727297679 ) ) ;
#2700 = EDGE_LOOP ( 'NONE', ( #8602, #2452, #400, #9146 ) ) ;
#2701 = VERTEX_POINT ( 'NONE', #579 ) ;
#2702 = ORIENTED_EDGE ( 'NONE', *, *, #5023, .F. ) ;
#2703 = CIRCLE ( 'NONE', #7655, 1.500000000000001332 ) ;
#2704 = ORIENTED_EDGE ( 'NONE', *, *, #7921, .T. ) ;
#2705 = DIRECTION ( 'NONE',  ( 0.000000000000000000, 0.000000000000000000, 1.000000000000000000 ) ) ;
#2706 = DIRECTION ( 'NONE',  ( -1.000000000000000000, 0.000000000000000000, 0.000000000000000000 ) ) ;
#2707 = CARTESIAN_POINT ( 'NONE',  ( 31.22474079051055540, 51.95558965630279857, 5.804228802934371600 ) ) ;
#2708 = ORIENTED_EDGE ( 'NONE', *, *, #2430, .F. ) ;
#2709 = DIRECTION ( 'NONE',  ( -0.000000000000000000, -1.000000000000000000, -0.000000000000000000 ) ) ;
#2710 = CARTESIAN_POINT ( 'NONE',  ( -9.830099697201904239E-15, 51.64999999999999858, 59.50000000000000711 ) ) ;
#2711 = DIRECTION ( 'NONE',  ( -0.000000000000000000, -0.000000000000000000, 1.000000000000000000 ) ) ;
#2712 = VERTEX_POINT ( 'NONE', #2818 ) ;
#2713 = VECTOR ( 'NONE', #6263, 1000.000000000000000 ) ;
#2714 = CARTESIAN_POINT ( 'NONE',  ( 1.000000000000004663, 45.65000000000000568, 52.99999999999998579 ) ) ;
#2715 = ORIENTED_EDGE ( 'NONE', *, *, #9447, .T. ) ;
#2716 = ORIENTED_EDGE ( 'NONE', *, *, #1185, .F. ) ;
#2717 = CARTESIAN_POINT ( 'NONE',  ( 4.705025253169598187, 60.00000000000000000, -25.29497474683057945 ) ) ;
#2718 = LINE ( 'NONE', #7261, #1853 ) ;
#2719 = FACE_OUTER_BOUND ( 'NONE', #6494, .T. ) ;
#2720 = LINE ( 'NONE', #1826, #9819 ) ;
#2721 = EDGE_CURVE ( 'NONE', #402, #2921, #2223, .T. ) ;
#2722 = DIRECTION ( 'NONE',  ( -5.873343889775981244E-16, 0.000000000000000000, -1.000000000000000000 ) ) ;
#2723 = CARTESIAN_POINT ( 'NONE',  ( 22.00000000000000000, 24.00000000000000000, -10.28994949366116707 ) ) ;
#2724 = CARTESIAN_POINT ( 'NONE',  ( 32.52641589449032722, 51.68737084245962166, 6.966170432552691416 ) ) ;
#2725 = DIRECTION ( 'NONE',  ( 1.000000000000000000, 0.000000000000000000, 0.000000000000000000 ) ) ;
#2726 = ORIENTED_EDGE ( 'NONE', *, *, #6704, .T. ) ;
#2727 = CARTESIAN_POINT ( 'NONE',  ( 22.00000000000000000, 32.00000000000000711, -38.99999999999999289 ) ) ;
#2728 = CARTESIAN_POINT ( 'NONE',  ( -0.9191033889169273330, 52.48848160764340065, 3.275073845512805892 ) ) ;
#2729 = ORIENTED_EDGE ( 'NONE', *, *, #1838, .F. ) ;
#2730 = EDGE_CURVE ( 'NONE', #4964, #2501, #1840, .T. ) ;
#2731 = EDGE_CURVE ( 'NONE', #7642, #9285, #6575, .T. ) ;
#2732 = ORIENTED_EDGE ( 'NONE', *, *, #7647, .F. ) ;
#2733 = DIRECTION ( 'NONE',  ( -0.000000000000000000, -0.000000000000000000, 1.000000000000000000 ) ) ;
#2734 = CARTESIAN_POINT ( 'NONE',  ( 7.300000000000160583, 5.212435565298311424, -11.67149079163404046 ) ) ;
#2735 = CARTESIAN_POINT ( 'NONE',  ( 10.28994949366131095, 37.26825771477451354, -8.592893218813408396 ) ) ;
#2736 = VECTOR ( 'NONE', #7768, 1000.000000000000000 ) ;
#2737 = CARTESIAN_POINT ( 'NONE',  ( 20.60000000000000142, 24.00000000000000000, -4.705025253169418775 ) ) ;
#2738 = CARTESIAN_POINT ( 'NONE',  ( 7.079292582952238178, 25.05974841272254139, -12.04610874166980850 ) ) ;
#2739 = CARTESIAN_POINT ( 'NONE',  ( 25.29497474683052261, 0.000000000000000000, -25.29497474683058300 ) ) ;
#2740 = ORIENTED_EDGE ( 'NONE', *, *, #541, .F. ) ;
#2741 = ADVANCED_FACE ( 'NONE', ( #2415 ), #7755, .F. ) ;
#2742 = CIRCLE ( 'NONE', #7209, 2.500000000000002220 ) ;
#2743 = ORIENTED_EDGE ( 'NONE', *, *, #2483, .T. ) ;
#2744 = CARTESIAN_POINT ( 'NONE',  ( 23.89497474683053824, 60.00000000000000000, -12.01213203435592014 ) ) ;
#2745 = AXIS2_PLACEMENT_3D ( 'NONE', #6523, #8160, #381 ) ;
#2746 = CARTESIAN_POINT ( 'NONE',  ( 30.50000000000000355, 45.65000000000000568, 23.49999999999998579 ) ) ;
#2747 = CARTESIAN_POINT ( 'NONE',  ( 0.000000000000000000, 60.00000000000000000, 0.000000000000000000 ) ) ;
#2748 = ORIENTED_EDGE ( 'NONE', *, *, #5372, .T. ) ;
#2749 = VERTEX_POINT ( 'NONE', #4659 ) ;
#2750 = ORIENTED_EDGE ( 'NONE', *, *, #5047, .F. ) ;
#2751 = AXIS2_PLACEMENT_3D ( 'NONE', #9055, #5655, #2506 ) ;
#2752 = EDGE_LOOP ( 'NONE', ( #5911, #4039, #5328, #2662 ) ) ;
#2753 = DIRECTION ( 'NONE',  ( 0.000000000000000000, 0.000000000000000000, -1.000000000000000000 ) ) ;
#2754 = CARTESIAN_POINT ( 'NONE',  ( 20.24499799839840009, 29.00000000000000000, -33.00000000000000000 ) ) ;
#2755 = CARTESIAN_POINT ( 'NONE',  ( 10.50000000000013678, 30.00000000000000355, -12.50000000000000355 ) ) ;
#2756 = VERTEX_POINT ( 'NONE', #1571 ) ;
#2757 = CARTESIAN_POINT ( 'NONE',  ( 22.69999999999995310, 60.00000000000000000, -11.51715728752538226 ) ) ;
#2758 = LINE ( 'NONE', #2063, #19 ) ;
#2759 =( BOUNDED_CURVE ( )  B_SPLINE_CURVE ( 3, ( #3429, #8779, #298, #3327 ),
 .UNSPECIFIED., .F., .T. ) 
 B_SPLINE_CURVE_WITH_KNOTS ( ( 4, 4 ),
 ( 3.141592653589793116, 4.275088902781730482 ),
 .UNSPECIFIED. ) 
 CURVE ( )  GEOMETRIC_REPRESENTATION_ITEM ( )  RATIONAL_B_SPLINE_CURVE ( ( 1.000000000000000000, 0.8957675578916526327, 0.8957675578916526327, 1.000000000000000000 ) ) 
 REPRESENTATION_ITEM ( '' )  );
#2760 = DIRECTION ( 'NONE',  ( 1.000000000000000000, 0.000000000000000000, -0.000000000000000000 ) ) ;
#2761 = EDGE_CURVE ( 'NONE', #3923, #3055, #7740, .T. ) ;
#2762 = VERTEX_POINT ( 'NONE', #9305 ) ;
#2763 = CARTESIAN_POINT ( 'NONE',  ( 33.00000000000000000, 45.65000000000000568, 59.50000000000001421 ) ) ;
#2764 = ORIENTED_EDGE ( 'NONE', *, *, #3344, .T. ) ;
#2765 = ORIENTED_EDGE ( 'NONE', *, *, #4172, .T. ) ;
#2766 = LINE ( 'NONE', #8965, #6649 ) ;
#2767 = CARTESIAN_POINT ( 'NONE',  ( 18.90294372515230847, 35.44059295743963389, -9.399999999999991473 ) ) ;
#2768 = FACE_BOUND ( 'NONE', #756, .T. ) ;
#2769 = CARTESIAN_POINT ( 'NONE',  ( 18.36887214165090754, 45.11630820013044030, -24.27597892283750269 ) ) ;
#2770 = DIRECTION ( 'NONE',  ( 0.000000000000000000, 0.000000000000000000, -1.000000000000000000 ) ) ;
#2771 = DIRECTION ( 'NONE',  ( 1.000000000000000000, 0.000000000000000000, 0.000000000000000000 ) ) ;
#2772 = CARTESIAN_POINT ( 'NONE',  ( 31.96908450396448131, 51.83268346694367068, 5.734682791975986405 ) ) ;
#2773 = CARTESIAN_POINT ( 'NONE',  ( -1.348382100748068524, 52.14389921475902412, 4.316947382993246762 ) ) ;
#2774 = ORIENTED_EDGE ( 'NONE', *, *, #2794, .F. ) ;
#2775 = CARTESIAN_POINT ( 'NONE',  ( -1.999999999999998224, 45.65000000000000568, 52.99999999999998579 ) ) ;
#2776 = CARTESIAN_POINT ( 'NONE',  ( -0.3473317150183115598, 53.24777439593540862, 1.690957611845215203 ) ) ;
#2777 = ORIENTED_EDGE ( 'NONE', *, *, #9644, .T. ) ;
#2778 = EDGE_CURVE ( 'NONE', #2501, #3105, #8456, .T. ) ;
#2779 = B_SPLINE_CURVE_WITH_KNOTS ( 'NONE', 3,
 ( #8463, #1580, #6314, #3211, #4618, #4761, #7813, #7667, #824, #3870, #1628, #4664, #4110, #3361 ),
 .UNSPECIFIED., .F., .F.,
 ( 4, 2, 2, 2, 2, 2, 4 ),
 ( 0.003626514920277525578, 0.004079983923318743211, 0.004533452926359955205, 0.004760187427880562504, 0.004986921929401169802, 0.005213656430921777100, 0.005440390932442384399 ),
 .UNSPECIFIED. ) ;
#2780 = ORIENTED_EDGE ( 'NONE', *, *, #5628, .F. ) ;
#2781 = CARTESIAN_POINT ( 'NONE',  ( 12.01213203435614396, 41.26954340298249946, -23.89497474683057376 ) ) ;
#2782 = CARTESIAN_POINT ( 'NONE',  ( 10.50000000000013856, 0.000000000000000000, -17.80294372515233547 ) ) ;
#2783 = CARTESIAN_POINT ( 'NONE',  ( 18.48284271247459642, 17.21243556529818619, -7.299999999999952749 ) ) ;
#2784 = ADVANCED_FACE ( 'NONE', ( #5281 ), #9112, .T. ) ;
#2785 = EDGE_CURVE ( 'NONE', #9064, #3498, #7709, .T. ) ;
#2786 = CARTESIAN_POINT ( 'NONE',  ( 10.90710678118672661, 60.00000000000000000, -4.999999999999998224 ) ) ;
#2787 = CARTESIAN_POINT ( 'NONE',  ( 30.00000000000006040, 60.00000000000000711, -14.99999999999989342 ) ) ;
#2788 = CIRCLE ( 'NONE', #6784, 1.500000000000001332 ) ;
#2789 = ORIENTED_EDGE ( 'NONE', *, *, #4690, .F. ) ;
#2790 = EDGE_LOOP ( 'NONE', ( #6917, #1494, #687, #6196, #2910, #3692, #5883, #136, #947, #1035 ) ) ;
#2791 = VECTOR ( 'NONE', #9414, 1000.000000000000000 ) ;
#2792 = CARTESIAN_POINT ( 'NONE',  ( 0.4999999999999995559, 45.65000000000000568, 56.50000000000000000 ) ) ;
#2793 = ADVANCED_FACE ( 'NONE', ( #8356 ), #3816, .F. ) ;
#2794 = EDGE_CURVE ( 'NONE', #7712, #4861, #741, .T. ) ;
#2795 = CARTESIAN_POINT ( 'NONE',  ( 1.034403546078136449, 53.76081008630420399, 2.585428658205500163 ) ) ;
#2796 = CARTESIAN_POINT ( 'NONE',  ( -3.104132554771041867E-14, 60.00000000000000711, -16.49999999999998579 ) ) ;
#2797 = ORIENTED_EDGE ( 'NONE', *, *, #9325, .F. ) ;
#2798 = ORIENTED_EDGE ( 'NONE', *, *, #5110, .F. ) ;
#2799 = ORIENTED_EDGE ( 'NONE', *, *, #2042, .F. ) ;
#2800 = ORIENTED_EDGE ( 'NONE', *, *, #9791, .F. ) ;
#2801 = DIRECTION ( 'NONE',  ( -0.000000000000000000, -1.000000000000000000, -0.000000000000000000 ) ) ;
#2802 = CARTESIAN_POINT ( 'NONE',  ( 28.65163564681068564, 54.46376571896883689, 1.908708005783483763 ) ) ;
#2803 = VERTEX_POINT ( 'NONE', #33 ) ;
#2804 = CARTESIAN_POINT ( 'NONE',  ( 18.47805088648836858, 45.19748810642752801, -9.824892838663966899 ) ) ;
#2805 = DIRECTION ( 'NONE',  ( -1.000000000000000000, 0.000000000000000000, 0.000000000000000000 ) ) ;
#2806 = AXIS2_PLACEMENT_3D ( 'NONE', #2717, #9660, #6620 ) ;
#2807 = CARTESIAN_POINT ( 'NONE',  ( 10.28994949366122214, 40.71227244192532169, -21.40710678118653121 ) ) ;
#2808 = CARTESIAN_POINT ( 'NONE',  ( 22.71489854859918012, 50.71643256780495790, -11.67632229138531663 ) ) ;
#2809 = DIRECTION ( 'NONE',  ( -1.341737624371510395E-15, 0.000000000000000000, -1.000000000000000000 ) ) ;
#2810 = ORIENTED_EDGE ( 'NONE', *, *, #5988, .F. ) ;
#2811 = EDGE_CURVE ( 'NONE', #2652, #6270, #4672, .T. ) ;
#2812 = VECTOR ( 'NONE', #6891, 1000.000000000000114 ) ;
#2813 = ORIENTED_EDGE ( 'NONE', *, *, #6673, .F. ) ;
#2814 = DIRECTION ( 'NONE',  ( -0.000000000000000000, -0.000000000000000000, 1.000000000000000000 ) ) ;
#2815 = ADVANCED_FACE ( 'NONE', ( #6262 ), #4517, .T. ) ;
#2816 = CARTESIAN_POINT ( 'NONE',  ( 16.50000000000008171, 60.00000000000000711, -30.00000000000000000 ) ) ;
#2817 = LINE ( 'NONE', #1928, #526 ) ;
#2818 = CARTESIAN_POINT ( 'NONE',  ( 21.40710678118649568, 48.56291789525213431, -10.28994949366116529 ) ) ;
#2819 = CARTESIAN_POINT ( 'NONE',  ( 7.300000000000169464, 60.00000000000000000, -10.28994949366116352 ) ) ;
#2820 = DIRECTION ( 'NONE',  ( 0.000000000000000000, 0.000000000000000000, 1.000000000000000000 ) ) ;
#2821 = AXIS2_PLACEMENT_3D ( 'NONE', #5861, #2153, #7298 ) ;
#2822 = EDGE_LOOP ( 'NONE', ( #4571, #7784, #8532 ) ) ;
#2823 = DIRECTION ( 'NONE',  ( 1.000000000000000000, 0.000000000000000000, -2.478176394252584099E-15 ) ) ;
#2824 = CARTESIAN_POINT ( 'NONE',  ( -9.830099697201904239E-15, 45.65000000000000568, 59.50000000000000711 ) ) ;
#2825 = ORIENTED_EDGE ( 'NONE', *, *, #3552, .F. ) ;
#2826 = ORIENTED_EDGE ( 'NONE', *, *, #8859, .F. ) ;
#2827 = AXIS2_PLACEMENT_3D ( 'NONE', #1612, #7696, #4647 ) ;
#2828 = PLANE ( 'NONE',  #404 ) ;
#2829 = CARTESIAN_POINT ( 'NONE',  ( 25.29497474683051905, 16.00000000000000000, -21.99999999999999645 ) ) ;
#2830 = CARTESIAN_POINT ( 'NONE',  ( 10.79671542039444354, 37.03135154185272881, -9.099659145546535655 ) ) ;
#2831 = FACE_OUTER_BOUND ( 'NONE', #8081, .T. ) ;
#2832 = CARTESIAN_POINT ( 'NONE',  ( -1.999999999999998224, 45.65000000000000568, 0.000000000000000000 ) ) ;
#2833 = CARTESIAN_POINT ( 'NONE',  ( 19.99999999999999645, 32.00000000000000711, -41.49999999999999289 ) ) ;
#2834 = AXIS2_PLACEMENT_3D ( 'NONE', #593, #8933, #6486 ) ;
#2835 = VERTEX_POINT ( 'NONE', #78 ) ;
#2836 = ORIENTED_EDGE ( 'NONE', *, *, #729, .T. ) ;
#2837 = EDGE_CURVE ( 'NONE', #8118, #3462, #6119, .T. ) ;
#2838 = AXIS2_PLACEMENT_3D ( 'NONE', #2824, #8926, #5141 ) ;
#2839 = CIRCLE ( 'NONE', #454, 2.499999999999996891 ) ;
#2840 = DIRECTION ( 'NONE',  ( 1.000000000000000000, 0.000000000000000000, -3.094467185356272743E-16 ) ) ;
#2841 = EDGE_CURVE ( 'NONE', #6811, #767, #575, .T. ) ;
#2842 = DIRECTION ( 'NONE',  ( 0.000000000000000000, 1.000000000000000000, -0.000000000000000000 ) ) ;
#2843 = DIRECTION ( 'NONE',  ( 0.000000000000000000, 1.000000000000000000, 0.000000000000000000 ) ) ;
#2844 = ORIENTED_EDGE ( 'NONE', *, *, #4365, .F. ) ;
#2845 = AXIS2_PLACEMENT_3D ( 'NONE', #1831, #289, #5919 ) ;
#2846 = VECTOR ( 'NONE', #8327, 1000.000000000000000 ) ;
#2847 = ORIENTED_EDGE ( 'NONE', *, *, #6886, .F. ) ;
#2848 = ORIENTED_EDGE ( 'NONE', *, *, #5049, .T. ) ;
#2849 = EDGE_CURVE ( 'NONE', #1544, #2850, #6156, .T. ) ;
#2850 = VERTEX_POINT ( 'NONE', #7661 ) ;
#2851 = CARTESIAN_POINT ( 'NONE',  ( 19.38786796564398429, 60.00000000000000000, -4.705025253169416111 ) ) ;
#2852 = LINE ( 'NONE', #6711, #8399 ) ;
#2853 = ORIENTED_EDGE ( 'NONE', *, *, #2907, .T. ) ;
#2854 = CARTESIAN_POINT ( 'NONE',  ( 25.29497474683052616, 60.00000000000000000, -4.705025253169412558 ) ) ;
#2855 = VECTOR ( 'NONE', #322, 1000.000000000000000 ) ;
#2856 = CARTESIAN_POINT ( 'NONE',  ( -6.999999999999999112, 16.00000000000000000, -9.399999999999998579 ) ) ;
#2857 = AXIS2_PLACEMENT_3D ( 'NONE', #2421, #6964, #5480 ) ;
#2858 = PLANE ( 'NONE',  #8649 ) ;
#2859 = CARTESIAN_POINT ( 'NONE',  ( 12.21715728752556096, 16.00000000000000000, -23.39999999999999503 ) ) ;
#2860 = CARTESIAN_POINT ( 'NONE',  ( 7.999999999999998224, 4.000000000000000000, -59.00000000000000000 ) ) ;
#2861 = ORIENTED_EDGE ( 'NONE', *, *, #541, .T. ) ;
#2862 = VECTOR ( 'NONE', #6828, 1000.000000000000000 ) ;
#2863 = ADVANCED_FACE ( 'NONE', ( #4611 ), #3864, .F. ) ;
#2864 = EDGE_LOOP ( 'NONE', ( #3841, #5113, #1164, #6147 ) ) ;
#2865 = CARTESIAN_POINT ( 'NONE',  ( 27.00000000000000000, 31.00000000000000000, -56.99999999999999289 ) ) ;
#2866 = DIRECTION ( 'NONE',  ( -1.000000000000000000, 0.000000000000000000, 5.873343889775906302E-16 ) ) ;
#2867 = CARTESIAN_POINT ( 'NONE',  ( 12.01213203435610666, 60.00000000000000000, -6.105025253169378274 ) ) ;
#2868 = CARTESIAN_POINT ( 'NONE',  ( 20.60000000000000142, 24.00000000000000000, -11.09705627484773593 ) ) ;
#2869 = CARTESIAN_POINT ( 'NONE',  ( 7.300000000000174794, 5.212435565298317641, -18.48284271247463550 ) ) ;
#2870 = DIRECTION ( 'NONE',  ( -0.000000000000000000, -1.000000000000000000, -0.000000000000000000 ) ) ;
#2871 = VECTOR ( 'NONE', #2170, 1000.000000000000114 ) ;
#2872 = CARTESIAN_POINT ( 'NONE',  ( -2.829115235737589273, 51.65479463716489050, 7.627509555019130083 ) ) ;
#2873 = EDGE_LOOP ( 'NONE', ( #4320, #7890, #5808, #2567 ) ) ;
#2874 = CARTESIAN_POINT ( 'NONE',  ( 16.22271475400044949, 50.65807882658438643, -30.29440911086139110 ) ) ;
#2875 = DIRECTION ( 'NONE',  ( -1.000000000000000000, 0.000000000000000000, 0.000000000000000000 ) ) ;
#2876 = ORIENTED_EDGE ( 'NONE', *, *, #1464, .F. ) ;
#2877 = AXIS2_PLACEMENT_3D ( 'NONE', #8261, #2917, #2964 ) ;
#2878 = ORIENTED_EDGE ( 'NONE', *, *, #2054, .T. ) ;
#2879 = CARTESIAN_POINT ( 'NONE',  ( 32.00000000000000000, 45.65000000000000568, 0.000000000000000000 ) ) ;
#2880 = CARTESIAN_POINT ( 'NONE',  ( 7.300000000000171241, 40.13269016701055847, -11.51715728752537871 ) ) ;
#2881 = DIRECTION ( 'NONE',  ( 1.000000000000000000, 0.000000000000000000, -2.683475248743013296E-15 ) ) ;
#2882 = FACE_OUTER_BOUND ( 'NONE', #1436, .T. ) ;
#2883 = CARTESIAN_POINT ( 'NONE',  ( 12.01213203435614396, 0.000000000000000000, -23.89497474683057376 ) ) ;
#2884 = AXIS2_PLACEMENT_3D ( 'NONE', #4600, #6804, #6064 ) ;
#2885 = DIRECTION ( 'NONE',  ( -1.000000000000000000, 0.000000000000000000, 0.000000000000000000 ) ) ;
#2886 = CARTESIAN_POINT ( 'NONE',  ( 19.50000000000015987, 46.22502268604426945, -17.80294372515233547 ) ) ;
#2887 = EDGE_CURVE ( 'NONE', #463, #7527, #3281, .T. ) ;
#2888 = VERTEX_POINT ( 'NONE', #270 ) ;
#2889 = ORIENTED_EDGE ( 'NONE', *, *, #3702, .F. ) ;
#2890 = CARTESIAN_POINT ( 'NONE',  ( 17.78284271247460424, 16.00000000000000000, -6.600000000000000533 ) ) ;
#2891 = CARTESIAN_POINT ( 'NONE',  ( 7.999999999999998224, 4.000000000000000000, -30.00000000000000000 ) ) ;
#2892 = CARTESIAN_POINT ( 'NONE',  ( 8.592893218813628664, 2.731742285225587707, -10.28994949366115996 ) ) ;
#2893 = ORIENTED_EDGE ( 'NONE', *, *, #3363, .F. ) ;
#2894 = AXIS2_PLACEMENT_3D ( 'NONE', #3391, #4892, #9538 ) ;
#2895 = ORIENTED_EDGE ( 'NONE', *, *, #9153, .T. ) ;
#2896 = EDGE_CURVE ( 'NONE', #8599, #2440, #6411, .T. ) ;
#2897 = ORIENTED_EDGE ( 'NONE', *, *, #6365, .F. ) ;
#2898 =( BOUNDED_CURVE ( )  B_SPLINE_CURVE ( 3, ( #1002, #4044, #3294, #9393 ),
 .UNSPECIFIED., .F., .T. ) 
 B_SPLINE_CURVE_WITH_KNOTS ( ( 4, 4 ),
 ( 5.149689057987650642, 6.283185307179586232 ),
 .UNSPECIFIED. ) 
 CURVE ( )  GEOMETRIC_REPRESENTATION_ITEM ( )  RATIONAL_B_SPLINE_CURVE ( ( 1.000000000000000000, 0.8957675578916530768, 0.8957675578916530768, 1.000000000000000000 ) ) 
 REPRESENTATION_ITEM ( '' )  );
#2899 = ORIENTED_EDGE ( 'NONE', *, *, #5539, .F. ) ;
#2900 = LINE ( 'NONE', #4257, #3776 ) ;
#2901 = ORIENTED_EDGE ( 'NONE', *, *, #3516, .T. ) ;
#2902 = CARTESIAN_POINT ( 'NONE',  ( 1.000000000000004663, 51.64999999999999858, 0.000000000000000000 ) ) ;
#2903 = AXIS2_PLACEMENT_3D ( 'NONE', #4417, #1527, #4470 ) ;
#2904 = CARTESIAN_POINT ( 'NONE',  ( -6.999999999999999112, 36.00000000000000711, -6.599999999999994316 ) ) ;
#2905 = DIRECTION ( 'NONE',  ( -0.000000000000000000, -1.000000000000000000, -0.000000000000000000 ) ) ;
#2906 = CARTESIAN_POINT ( 'NONE',  ( 28.50001725047652101, 55.27582765782452867, 1.298985301843938567 ) ) ;
#2907 = EDGE_CURVE ( 'NONE', #7327, #3136, #4008, .T. ) ;
#2908 = EDGE_CURVE ( 'NONE', #956, #1248, #9352, .T. ) ;
#2909 = FACE_OUTER_BOUND ( 'NONE', #1449, .T. ) ;
#2910 = ORIENTED_EDGE ( 'NONE', *, *, #849, .T. ) ;
#2911 = CIRCLE ( 'NONE', #6427, 1.399999999999998579 ) ;
#2912 = EDGE_LOOP ( 'NONE', ( #3052, #8860, #3858, #3436 ) ) ;
#2913 = DIRECTION ( 'NONE',  ( 1.000000000000000000, 0.000000000000000000, 0.000000000000000000 ) ) ;
#2914 = DIRECTION ( 'NONE',  ( 1.000000000000000000, 0.000000000000000000, 6.938893903907229364E-16 ) ) ;
#2915 = LINE ( 'NONE', #2867, #6754 ) ;
#2916 = LINE ( 'NONE', #4271, #1685 ) ;
#2917 = DIRECTION ( 'NONE',  ( -0.000000000000000000, 1.000000000000000000, -0.000000000000000000 ) ) ;
#2918 = CARTESIAN_POINT ( 'NONE',  ( 6.508794284214864945, 40.05678281039590161, -12.21715728752521102 ) ) ;
#2919 = VECTOR ( 'NONE', #2412, 1000.000000000000000 ) ;
#2920 = CARTESIAN_POINT ( 'NONE',  ( -1.236067713752247110, 52.22293621895479987, 4.050402745306278973 ) ) ;
#2921 = VERTEX_POINT ( 'NONE', #6510 ) ;
#2922 = ADVANCED_FACE ( 'NONE', ( #4105 ), #1862, .F. ) ;
#2923 = DIRECTION ( 'NONE',  ( 1.000000000000000000, 0.000000000000000000, 0.000000000000000000 ) ) ;
#2924 = EDGE_CURVE ( 'NONE', #9249, #1598, #6006, .T. ) ;
#2925 = FACE_BOUND ( 'NONE', #4634, .T. ) ;
#2926 = ORIENTED_EDGE ( 'NONE', *, *, #9685, .T. ) ;
#2927 = ORIENTED_EDGE ( 'NONE', *, *, #7099, .T. ) ;
#2928 = CARTESIAN_POINT ( 'NONE',  ( 10.28994949366131273, 16.00000000000000000, -8.000000000000000000 ) ) ;
#2929 = LINE ( 'NONE', #2233, #487 ) ;
#2930 = LINE ( 'NONE', #2234, #8963 ) ;
#2931 = LINE ( 'NONE', #5240, #1083 ) ;
#2932 = ORIENTED_EDGE ( 'NONE', *, *, #8603, .T. ) ;
#2933 = CARTESIAN_POINT ( 'NONE',  ( 4.999999999999997335, 60.00000000000000000, -4.999999999999996447 ) ) ;
#2934 = DIRECTION ( 'NONE',  ( -0.000000000000000000, -1.000000000000000000, -0.000000000000000000 ) ) ;
#2935 = LINE ( 'NONE', #6045, #3002 ) ;
#2936 = VERTEX_POINT ( 'NONE', #4855 ) ;
#2937 = EDGE_CURVE ( 'NONE', #9053, #5290, #6465, .T. ) ;
#2938 = ORIENTED_EDGE ( 'NONE', *, *, #8711, .T. ) ;
#2939 = B_SPLINE_CURVE_WITH_KNOTS ( 'NONE', 3,
 ( #9093, #4540, #9144, #7584, #8436, #2298 ),
 .UNSPECIFIED., .F., .F.,
 ( 4, 2, 4 ),
 ( 0.000000000000000000, 0.0006949724367658721398, 0.001389944873531744280 ),
 .UNSPECIFIED. ) ;
#2940 = DIRECTION ( 'NONE',  ( -1.000000000000000000, -0.000000000000000000, -0.000000000000000000 ) ) ;
#2941 = LINE ( 'NONE', #6455, #2544 ) ;
#2942 = EDGE_CURVE ( 'NONE', #4674, #8359, #8751, .T. ) ;
#2943 = CARTESIAN_POINT ( 'NONE',  ( 11.64751491537677985, 41.13304147805467892, -24.25959186580993787 ) ) ;
#2944 = CARTESIAN_POINT ( 'NONE',  ( 0.5274488300173256761, 53.08651653154236527, 3.426072409298503096 ) ) ;
#2945 = CARTESIAN_POINT ( 'NONE',  ( 10.28994949366122214, 60.00000000000000000, -21.40710678118653121 ) ) ;
#2946 = ORIENTED_EDGE ( 'NONE', *, *, #899, .T. ) ;
#2947 = ORIENTED_EDGE ( 'NONE', *, *, #2937, .F. ) ;
#2948 = ORIENTED_EDGE ( 'NONE', *, *, #9814, .T. ) ;
#2949 = CARTESIAN_POINT ( 'NONE',  ( 29.01494928585535504, 53.67909347907233553, 2.675615947948552176 ) ) ;
#2950 = ORIENTED_EDGE ( 'NONE', *, *, #4666, .T. ) ;
#2951 = CARTESIAN_POINT ( 'NONE',  ( 19.71005050633881339, 46.44956037241001212, -8.592893218813411949 ) ) ;
#2952 = CARTESIAN_POINT ( 'NONE',  ( 12.01213203435614396, 60.00000000000000000, -23.89497474683057376 ) ) ;
#2953 = FACE_OUTER_BOUND ( 'NONE', #9351, .T. ) ;
#2954 = VECTOR ( 'NONE', #3156, 1000.000000000000000 ) ;
#2955 = DIRECTION ( 'NONE',  ( -0.000000000000000000, 1.000000000000000000, -0.000000000000000000 ) ) ;
#2956 = VERTEX_POINT ( 'NONE', #5616 ) ;
#2957 = EDGE_CURVE ( 'NONE', #9501, #3913, #3303, .T. ) ;
#2958 = ORIENTED_EDGE ( 'NONE', *, *, #9377, .T. ) ;
#2959 = CYLINDRICAL_SURFACE ( 'NONE', #1962, 1.399999999999998579 ) ;
#2960 = VECTOR ( 'NONE', #5916, 1000.000000000000000 ) ;
#2961 = DIRECTION ( 'NONE',  ( 1.000000000000000000, 0.000000000000000000, 0.000000000000000000 ) ) ;
#2962 = DIRECTION ( 'NONE',  ( -0.000000000000000000, -0.000000000000000000, 1.000000000000000000 ) ) ;
#2963 = DIRECTION ( 'NONE',  ( 1.000000000000000000, 0.000000000000000000, 0.000000000000000000 ) ) ;
#2964 = DIRECTION ( 'NONE',  ( 0.000000000000000000, 0.000000000000000000, 1.000000000000000000 ) ) ;
#2965 = CARTESIAN_POINT ( 'NONE',  ( 6.170495639802020094, 40.03417320885979080, -12.07760242098835057 ) ) ;
#2966 = ADVANCED_FACE ( 'NONE', ( #221, #1161 ), #4807, .F. ) ;
#2967 = ORIENTED_EDGE ( 'NONE', *, *, #9300, .F. ) ;
#2968 = DIRECTION ( 'NONE',  ( 0.000000000000000000, -5.782411586589358822E-15, 1.000000000000000000 ) ) ;
#2969 = FACE_OUTER_BOUND ( 'NONE', #2462, .T. ) ;
#2970 = EDGE_LOOP ( 'NONE', ( #796, #5276, #2459, #1697 ) ) ;
#2971 = ORIENTED_EDGE ( 'NONE', *, *, #4437, .T. ) ;
#2972 = EDGE_CURVE ( 'NONE', #9168, #2226, #5841, .T. ) ;
#2973 = DIRECTION ( 'NONE',  ( 0.000000000000000000, 0.000000000000000000, -1.000000000000000000 ) ) ;
#2974 = LINE ( 'NONE', #9779, #3499 ) ;
#2975 = LINE ( 'NONE', #6778, #8633 ) ;
#2976 = DIRECTION ( 'NONE',  ( 0.000000000000000000, -1.000000000000000000, 0.000000000000000000 ) ) ;
#2977 = ORIENTED_EDGE ( 'NONE', *, *, #3366, .T. ) ;
#2978 = DIRECTION ( 'NONE',  ( 0.000000000000000000, -1.000000000000000000, 0.000000000000000000 ) ) ;
#2979 = LINE ( 'NONE', #7627, #8433 ) ;
#2980 = DIRECTION ( 'NONE',  ( 8.810015834663948693E-16, -0.000000000000000000, 1.000000000000000000 ) ) ;
#2981 = B_SPLINE_CURVE_WITH_KNOTS ( 'NONE', 3,
 ( #1512, #2306, #6200, #3092, #5365, #7741, #5464, #3852, #896, #6901, #9099, #4547 ),
 .UNSPECIFIED., .F., .F.,
 ( 4, 2, 2, 2, 2, 4 ),
 ( 0.005475777389517959802, 0.005932063654698190198, 0.006160206787288310601, 0.006388349919878430136, 0.006844636185058669206, 0.007300922450238908276 ),
 .UNSPECIFIED. ) ;
#2982 = ORIENTED_EDGE ( 'NONE', *, *, #3566, .F. ) ;
#2983 = ORIENTED_EDGE ( 'NONE', *, *, #3712, .F. ) ;
#2984 = EDGE_CURVE ( 'NONE', #5684, #2149, #2611, .T. ) ;
#2985 = ADVANCED_FACE ( 'NONE', ( #418, #4905, #964, #4960, #1113, #4157, #372 ), #3406, .F. ) ;
#2986 = DIRECTION ( 'NONE',  ( -0.000000000000000000, -1.000000000000000000, 0.000000000000000000 ) ) ;
#2987 = DIRECTION ( 'NONE',  ( 0.000000000000000000, -1.000000000000000000, 0.000000000000000000 ) ) ;
#2988 = CARTESIAN_POINT ( 'NONE',  ( 6.928313270737683993, 24.90381842383141020, -17.86270849272694505 ) ) ;
#2989 = VECTOR ( 'NONE', #45, 1000.000000000000000 ) ;
#2990 = CARTESIAN_POINT ( 'NONE',  ( -1.895717318038300014, 51.76547816286979753, 6.643334040406053020 ) ) ;
#2991 = DIRECTION ( 'NONE',  ( -0.000000000000000000, -1.000000000000000000, -0.000000000000000000 ) ) ;
#2992 = ORIENTED_EDGE ( 'NONE', *, *, #7367, .F. ) ;
#2993 = EDGE_LOOP ( 'NONE', ( #5265, #8385, #6824, #7017, #7902, #9481, #7160, #1472, #6352, #4258, #8051, #9796 ) ) ;
#2994 = EDGE_CURVE ( 'NONE', #2230, #9408, #2164, .T. ) ;
#2995 = AXIS2_PLACEMENT_3D ( 'NONE', #7867, #288, #8621 ) ;
#2996 = VERTEX_POINT ( 'NONE', #2108 ) ;
#2997 = AXIS2_PLACEMENT_3D ( 'NONE', #5245, #792, #8423 ) ;
#2998 = LINE ( 'NONE', #1461, #3298 ) ;
#2999 = ORIENTED_EDGE ( 'NONE', *, *, #1910, .T. ) ;
#3000 = CARTESIAN_POINT ( 'NONE',  ( 27.00000000000000000, 31.00000000000000000, -56.99999999999999289 ) ) ;
#3001 = FACE_BOUND ( 'NONE', #5006, .T. ) ;
#3002 = VECTOR ( 'NONE', #3689, 1000.000000000000000 ) ;
#3003 = CARTESIAN_POINT ( 'NONE',  ( 10.28994949366131273, 14.78756443470181559, -7.299999999999952749 ) ) ;
#3004 = CARTESIAN_POINT ( 'NONE',  ( 11.67024852255190126, 17.21243556529821461, -22.69999999999998863 ) ) ;
#3005 = VERTEX_POINT ( 'NONE', #8245 ) ;
#3006 = EDGE_CURVE ( 'NONE', #8342, #9444, #3782, .T. ) ;
#3007 = VECTOR ( 'NONE', #9005, 1000.000000000000000 ) ;
#3008 = ORIENTED_EDGE ( 'NONE', *, *, #6466, .T. ) ;
#3009 = DIRECTION ( 'NONE',  ( 1.000000000000000000, 0.000000000000000000, -0.000000000000000000 ) ) ;
#3010 = AXIS2_PLACEMENT_3D ( 'NONE', #6832, #7572, #93 ) ;
#3011 = CARTESIAN_POINT ( 'NONE',  ( 22.00000000000000000, 4.000000000000000000, -30.00000000000000000 ) ) ;
#3012 = DIRECTION ( 'NONE',  ( 1.000000000000000000, 0.000000000000000000, 0.000000000000000000 ) ) ;
#3013 = CARTESIAN_POINT ( 'NONE',  ( 17.78284271247456161, 36.00000000000000711, -23.39999999999999503 ) ) ;
#3014 = DIRECTION ( 'NONE',  ( 0.000000000000000000, 0.000000000000000000, -1.000000000000000000 ) ) ;
#3015 = DIRECTION ( 'NONE',  ( -0.7071067811865456854, 0.000000000000000000, 0.7071067811865493491 ) ) ;
#3016 = ORIENTED_EDGE ( 'NONE', *, *, #4444, .T. ) ;
#3017 = DIRECTION ( 'NONE',  ( -1.000000000000000000, 0.000000000000000000, -1.166200656118861713E-16 ) ) ;
#3018 = VECTOR ( 'NONE', #3196, 1000.000000000000000 ) ;
#3019 = LINE ( 'NONE', #5882, #7466 ) ;
#3020 = ORIENTED_EDGE ( 'NONE', *, *, #9667, .F. ) ;
#3021 = EDGE_CURVE ( 'NONE', #4828, #8467, #4359, .T. ) ;
#3022 = VERTEX_POINT ( 'NONE', #5065 ) ;
#3023 = CARTESIAN_POINT ( 'NONE',  ( 7.300000000000169464, 2.787564434701686356, -59.00000000000000000 ) ) ;
#3024 = CARTESIAN_POINT ( 'NONE',  ( 4.999999999999997335, 60.00000000000000000, -24.99999999999999645 ) ) ;
#3025 = FACE_OUTER_BOUND ( 'NONE', #6464, .T. ) ;
#3026 = CYLINDRICAL_SURFACE ( 'NONE', #6980, 3.000000000000000000 ) ;
#3027 = ORIENTED_EDGE ( 'NONE', *, *, #8411, .F. ) ;
#3028 = DIRECTION ( 'NONE',  ( 1.000000000000000000, -0.000000000000000000, -0.000000000000000000 ) ) ;
#3029 = DIRECTION ( 'NONE',  ( 5.873343889775968425E-16, -0.000000000000000000, 1.000000000000000000 ) ) ;
#3030 = DIRECTION ( 'NONE',  ( 0.000000000000000000, 0.000000000000000000, 1.000000000000000000 ) ) ;
#3031 = ADVANCED_FACE ( 'NONE', ( #2155 ), #469, .T. ) ;
#3032 = VECTOR ( 'NONE', #4906, 1000.000000000000000 ) ;
#3033 = EDGE_CURVE ( 'NONE', #8172, #9244, #1211, .T. ) ;
#3034 = ORIENTED_EDGE ( 'NONE', *, *, #8636, .F. ) ;
#3035 = FACE_BOUND ( 'NONE', #7505, .T. ) ;
#3036 = CARTESIAN_POINT ( 'NONE',  ( 5.000000000000000000, 39.99999999999999289, -4.999999999999996447 ) ) ;
#3037 = CARTESIAN_POINT ( 'NONE',  ( 4.999999999999998224, 60.00000000000000000, -4.999999999999998224 ) ) ;
#3038 = PLANE ( 'NONE',  #3624 ) ;
#3039 = VECTOR ( 'NONE', #3293, 1000.000000000000000 ) ;
#3040 = CARTESIAN_POINT ( 'NONE',  ( -2.584845807225569114, 51.66614830187422314, 7.491752259408597681 ) ) ;
#3041 = CARTESIAN_POINT ( 'NONE',  ( 7.120955747701069427, 22.90915974417583811, -11.98980912885108374 ) ) ;
#3042 = ORIENTED_EDGE ( 'NONE', *, *, #5019, .T. ) ;
#3043 = EDGE_CURVE ( 'NONE', #3656, #9304, #9551, .T. ) ;
#3044 = ORIENTED_EDGE ( 'NONE', *, *, #7499, .T. ) ;
#3045 = ORIENTED_EDGE ( 'NONE', *, *, #3645, .F. ) ;
#3046 = DIRECTION ( 'NONE',  ( 0.000000000000000000, 0.000000000000000000, 1.000000000000000000 ) ) ;
#3047 = ORIENTED_EDGE ( 'NONE', *, *, #191, .F. ) ;
#3048 = CARTESIAN_POINT ( 'NONE',  ( 22.69999999999994955, 5.212435565298245699, -18.48284271247463550 ) ) ;
#3049 = DIRECTION ( 'NONE',  ( 1.000000000000000000, -0.000000000000000000, -0.000000000000000000 ) ) ;
#3050 = VECTOR ( 'NONE', #7719, 1000.000000000000000 ) ;
#3051 = CARTESIAN_POINT ( 'NONE',  ( 28.50000000000000355, 55.43947368421052602, 1.197686559409050000 ) ) ;
#3052 = ORIENTED_EDGE ( 'NONE', *, *, #1686, .F. ) ;
#3053 = EDGE_CURVE ( 'NONE', #3055, #9191, #8099, .T. ) ;
#3054 = VECTOR ( 'NONE', #8921, 1000.000000000000000 ) ;
#3055 = VERTEX_POINT ( 'NONE', #566 ) ;
#3056 = CARTESIAN_POINT ( 'NONE',  ( 7.079292582952287027, 2.940251587277419087, -17.95389125833012756 ) ) ;
#3057 = APPLICATION_PROTOCOL_DEFINITION ( 'draft international standard', 'automotive_design', 1998, #3244 ) ;
#3058 = CARTESIAN_POINT ( 'NONE',  ( 18.48284271247459998, 45.22796722212306975, -7.299999999999950973 ) ) ;
#3059 = DIRECTION ( 'NONE',  ( 1.000000000000000000, -0.000000000000000000, -0.000000000000000000 ) ) ;
#3060 = CARTESIAN_POINT ( 'NONE',  ( 18.12288882984439908, 37.15318286204217202, -22.79554291411275102 ) ) ;
#3061 = LINE ( 'NONE', #9163, #3350 ) ;
#3062 = LINE ( 'NONE', #1575, #4978 ) ;
#3063 = EDGE_CURVE ( 'NONE', #968, #1973, #7498, .T. ) ;
#3064 = ORIENTED_EDGE ( 'NONE', *, *, #9091, .F. ) ;
#3065 = DIRECTION ( 'NONE',  ( 0.000000000000000000, 1.000000000000000000, -0.000000000000000000 ) ) ;
#3066 = CARTESIAN_POINT ( 'NONE',  ( -6.999999999999999112, 10.00000000000000178, -12.50000000000000000 ) ) ;
#3067 = ORIENTED_EDGE ( 'NONE', *, *, #3857, .F. ) ;
#3068 = VERTEX_POINT ( 'NONE', #2854 ) ;
#3069 = LINE ( 'NONE', #1585, #255 ) ;
#3070 = AXIS2_PLACEMENT_3D ( 'NONE', #5704, #5563, #8747 ) ;
#3071 = DIRECTION ( 'NONE',  ( 1.000000000000000000, 0.000000000000000000, -0.000000000000000000 ) ) ;
#3072 = CARTESIAN_POINT ( 'NONE',  ( 29.00000000000000000, 45.65000000000000568, 52.99999999999998579 ) ) ;
#3073 = EDGE_CURVE ( 'NONE', #4726, #1352, #8047, .T. ) ;
#3074 = ORIENTED_EDGE ( 'NONE', *, *, #799, .T. ) ;
#3075 = FACE_OUTER_BOUND ( 'NONE', #4495, .T. ) ;
#3076 = CARTESIAN_POINT ( 'NONE',  ( 29.00000000000000000, 45.65000000000000568, 52.99999999999998579 ) ) ;
#3077 = CARTESIAN_POINT ( 'NONE',  ( -0.1991014998874134911, 52.47113662937258027, 4.465623092331702182 ) ) ;
#3078 = ORIENTED_EDGE ( 'NONE', *, *, #8012, .T. ) ;
#3079 = ORIENTED_EDGE ( 'NONE', *, *, #9562, .T. ) ;
#3080 = FACE_OUTER_BOUND ( 'NONE', #5905, .T. ) ;
#3081 = CARTESIAN_POINT ( 'NONE',  ( 7.300000000000169464, 60.00000000000000000, -10.28994949366116352 ) ) ;
#3082 = CARTESIAN_POINT ( 'NONE',  ( 19.50000000000016342, 60.00000000000000000, -12.19705627484766630 ) ) ;
#3083 = DIRECTION ( 'NONE',  ( -1.000000000000000000, 0.000000000000000000, 0.000000000000000000 ) ) ;
#3084 = EDGE_CURVE ( 'NONE', #5518, #3452, #8149, .T. ) ;
#3085 = EDGE_CURVE ( 'NONE', #5939, #3489, #4797, .T. ) ;
#3086 = CARTESIAN_POINT ( 'NONE',  ( -2.224431843465327407, 51.70670363360625288, 7.049172611481836270 ) ) ;
#3087 = ADVANCED_FACE ( 'NONE', ( #4401 ), #7444, .F. ) ;
#3088 = CARTESIAN_POINT ( 'NONE',  ( 12.19646929119501344, 35.27185780553685390, -23.20484424281080393 ) ) ;
#3089 = ORIENTED_EDGE ( 'NONE', *, *, #5486, .T. ) ;
#3090 = ORIENTED_EDGE ( 'NONE', *, *, #3953, .T. ) ;
#3091 = VERTEX_POINT ( 'NONE', #9755 ) ;
#3092 = CARTESIAN_POINT ( 'NONE',  ( 12.21071020206301583, 16.52004614416154382, -6.697923523693158465 ) ) ;
#3093 = ORIENTED_EDGE ( 'NONE', *, *, #9023, .F. ) ;
#3094 = EDGE_CURVE ( 'NONE', #6393, #2515, #9605, .T. ) ;
#3095 = EDGE_CURVE ( 'NONE', #417, #7785, #9828, .T. ) ;
#3096 = LINE ( 'NONE', #9339, #9423 ) ;
#3097 = CARTESIAN_POINT ( 'NONE',  ( -0.5304892935861684755, 52.94350723459434960, 2.242956037721197227 ) ) ;
#3098 = CARTESIAN_POINT ( 'NONE',  ( 30.11711336409063833, 53.81187017890812996, 0.8483556149944528890 ) ) ;
#3099 = CIRCLE ( 'NONE', #86, 19.99999999999999645 ) ;
#3100 = EDGE_LOOP ( 'NONE', ( #4002, #4900, #1916, #1286, #719 ) ) ;
#3101 = B_SPLINE_CURVE_WITH_KNOTS ( 'NONE', 3,
 ( #9428, #248, #4136, #2537, #8728, #1690, #7975, #349 ),
 .UNSPECIFIED., .F., .F.,
 ( 4, 2, 2, 4 ),
 ( 0.000000000000000000, 0.001211035446878569151, 0.001816553170317851450, 0.002422070893757133966 ),
 .UNSPECIFIED. ) ;
#3102 = ORIENTED_EDGE ( 'NONE', *, *, #1519, .T. ) ;
#3103 = DIRECTION ( 'NONE',  ( 0.7071067811865474617, 0.000000000000000000, 0.7071067811865474617 ) ) ;
#3104 = CARTESIAN_POINT ( 'NONE',  ( 27.00000000000000000, 32.00000000000000000, -54.99999999999999289 ) ) ;
#3105 = VERTEX_POINT ( 'NONE', #7353 ) ;
#3106 = EDGE_CURVE ( 'NONE', #5638, #9210, #6852, .T. ) ;
#3107 = DIRECTION ( 'NONE',  ( 0.000000000000000000, 0.000000000000000000, -1.000000000000000000 ) ) ;
#3108 = CARTESIAN_POINT ( 'NONE',  ( 21.40710678118649568, 25.26825771477447091, -10.28994949366116529 ) ) ;
#3109 = AXIS2_PLACEMENT_3D ( 'NONE', #430, #1125, #8764 ) ;
#3110 = CARTESIAN_POINT ( 'NONE',  ( 18.12288882984439553, 17.15318286204216847, -22.79554291411274392 ) ) ;
#3111 = ORIENTED_EDGE ( 'NONE', *, *, #352, .F. ) ;
#3112 = LINE ( 'NONE', #1482, #153 ) ;
#3113 = CARTESIAN_POINT ( 'NONE',  ( 0.000000000000000000, 16.00000000000000000, -8.000000000000000000 ) ) ;
#3114 = ORIENTED_EDGE ( 'NONE', *, *, #5296, .T. ) ;
#3115 = AXIS2_PLACEMENT_3D ( 'NONE', #9206, #9403, #7996 ) ;
#3116 = EDGE_CURVE ( 'NONE', #1608, #7258, #6613, .T. ) ;
#3117 = ORIENTED_EDGE ( 'NONE', *, *, #1341, .F. ) ;
#3118 = CARTESIAN_POINT ( 'NONE',  ( 19.50000000000016342, 10.00000000000000178, -12.50000000000000000 ) ) ;
#3119 = DIRECTION ( 'NONE',  ( 0.000000000000000000, -0.000000000000000000, 1.000000000000000000 ) ) ;
#3120 = DIRECTION ( 'NONE',  ( 1.000000000000000000, 0.000000000000000000, -0.000000000000000000 ) ) ;
#3121 = VERTEX_POINT ( 'NONE', #8390 ) ;
#3122 = PLANE ( 'NONE',  #3010 ) ;
#3123 = AXIS2_PLACEMENT_3D ( 'NONE', #7635, #2986, #2245 ) ;
#3124 = DIRECTION ( 'NONE',  ( -1.000000000000000000, -0.000000000000000000, -0.000000000000000000 ) ) ;
#3125 = CARTESIAN_POINT ( 'NONE',  ( 1.487490172857104387, 55.11797264406224173, 1.404838871086800722 ) ) ;
#3126 = ORIENTED_EDGE ( 'NONE', *, *, #9515, .T. ) ;
#3127 = AXIS2_PLACEMENT_3D ( 'NONE', #3202, #2270, #125 ) ;
#3128 = EDGE_LOOP ( 'NONE', ( #5915, #3597, #4144, #5235 ) ) ;
#3129 = CARTESIAN_POINT ( 'NONE',  ( -6.999999999999999112, 36.00000000000000711, -7.999999999999994671 ) ) ;
#3130 = CARTESIAN_POINT ( 'NONE',  ( 1.499999999999997780, 60.00000000000000000, 0.000000000000000000 ) ) ;
#3131 =( BOUNDED_CURVE ( )  B_SPLINE_CURVE ( 3, ( #8061, #6526, #534, #8869 ),
 .UNSPECIFIED., .F., .T. ) 
 B_SPLINE_CURVE_WITH_KNOTS ( ( 4, 4 ),
 ( 3.141592653589793116, 4.275088902781599920 ),
 .UNSPECIFIED. ) 
 CURVE ( )  GEOMETRIC_REPRESENTATION_ITEM ( )  RATIONAL_B_SPLINE_CURVE ( ( 1.000000000000000000, 0.8957675578916759473, 0.8957675578916759473, 1.000000000000000000 ) ) 
 REPRESENTATION_ITEM ( '' )  );
#3132 = CARTESIAN_POINT ( 'NONE',  ( 33.00000000000000711, 51.64999999999999858, 3.469446951953614189E-15 ) ) ;
#3133 = CARTESIAN_POINT ( 'NONE',  ( -1.591078527623836392, 51.83921263030391202, 6.264706319446172067 ) ) ;
#3134 = FACE_OUTER_BOUND ( 'NONE', #1134, .T. ) ;
#3135 = AXIS2_PLACEMENT_3D ( 'NONE', #555, #7340, #3594 ) ;
#3136 = VERTEX_POINT ( 'NONE', #6856 ) ;
#3137 = ORIENTED_EDGE ( 'NONE', *, *, #5737, .F. ) ;
#3138 = ORIENTED_EDGE ( 'NONE', *, *, #7790, .T. ) ;
#3139 = EDGE_CURVE ( 'NONE', #6256, #9763, #6013, .T. ) ;
#3140 = VECTOR ( 'NONE', #7876, 1000.000000000000000 ) ;
#3141 = DIRECTION ( 'NONE',  ( 0.000000000000000000, 0.000000000000000000, -1.000000000000000000 ) ) ;
#3142 = VERTEX_POINT ( 'NONE', #3048 ) ;
#3143 = DIRECTION ( 'NONE',  ( -1.000000000000000000, 0.000000000000000000, 0.000000000000000000 ) ) ;
#3144 = CARTESIAN_POINT ( 'NONE',  ( -0.9130553383681687674, 52.49267841626542008, 3.260900133280053126 ) ) ;
#3145 = CARTESIAN_POINT ( 'NONE',  ( 29.13724420237766211, 53.49435439091261912, 2.889627332313307928 ) ) ;
#3146 = EDGE_CURVE ( 'NONE', #7552, #5241, #6317, .T. ) ;
#3147 = ORIENTED_EDGE ( 'NONE', *, *, #613, .T. ) ;
#3148 = AXIS2_PLACEMENT_3D ( 'NONE', #8264, #1429, #4472 ) ;
#3149 = EDGE_LOOP ( 'NONE', ( #6619, #5668, #6307, #68 ) ) ;
#3150 = EDGE_CURVE ( 'NONE', #1666, #987, #2209, .T. ) ;
#3151 = ADVANCED_FACE ( 'NONE', ( #9101 ), #5268, .F. ) ;
#3152 = ORIENTED_EDGE ( 'NONE', *, *, #1185, .T. ) ;
#3153 = CARTESIAN_POINT ( 'NONE',  ( 6.972726246787665616, 3.037545354671578934, -17.88242241445449565 ) ) ;
#3154 = CARTESIAN_POINT ( 'NONE',  ( 1.000000000000004663, 51.64999999999999858, 21.99999999999998579 ) ) ;
#3155 = VERTEX_POINT ( 'NONE', #1463 ) ;
#3156 = DIRECTION ( 'NONE',  ( -0.000000000000000000, -0.000000000000000000, 1.000000000000000000 ) ) ;
#3157 = AXIS2_PLACEMENT_3D ( 'NONE', #5795, #5690, #8835 ) ;
#3158 = DIRECTION ( 'NONE',  ( 0.000000000000000000, -0.000000000000000000, 1.000000000000000000 ) ) ;
#3159 = DIRECTION ( 'NONE',  ( -0.000000000000000000, -1.000000000000000000, -0.000000000000000000 ) ) ;
#3160 = ORIENTED_EDGE ( 'NONE', *, *, #9752, .T. ) ;
#3161 = DIRECTION ( 'NONE',  ( -0.000000000000000000, -1.000000000000000000, -0.000000000000000000 ) ) ;
#3162 = CYLINDRICAL_SURFACE ( 'NONE', #5890, 1.500000000000001332 ) ;
#3163 = ORIENTED_EDGE ( 'NONE', *, *, #3889, .F. ) ;
#3164 = EDGE_CURVE ( 'NONE', #148, #3802, #7106, .T. ) ;
#3165 = CIRCLE ( 'NONE', #3810, 19.97500000000000142 ) ;
#3166 = AXIS2_PLACEMENT_3D ( 'NONE', #2091, #6594, #5945 ) ;
#3167 = ORIENTED_EDGE ( 'NONE', *, *, #6887, .F. ) ;
#3168 = DIRECTION ( 'NONE',  ( 0.000000000000000000, 0.000000000000000000, -1.000000000000000000 ) ) ;
#3169 = DIRECTION ( 'NONE',  ( -0.000000000000000000, 1.000000000000000000, -0.000000000000000000 ) ) ;
#3170 = CARTESIAN_POINT ( 'NONE',  ( 0.000000000000000000, 10.00000000000000178, -15.00000000000000000 ) ) ;
#3171 = CARTESIAN_POINT ( 'NONE',  ( 12.19705627484785815, 60.00000000000000000, -10.49999999999995204 ) ) ;
#3172 = DIRECTION ( 'NONE',  ( 0.000000000000000000, 0.000000000000000000, -1.000000000000000000 ) ) ;
#3173 = AXIS2_PLACEMENT_3D ( 'NONE', #7095, #4697, #7746 ) ;
#3174 = CIRCLE ( 'NONE', #921, 1.399999999999998579 ) ;
#3175 = FACE_OUTER_BOUND ( 'NONE', #861, .T. ) ;
#3176 = FACE_OUTER_BOUND ( 'NONE', #5846, .T. ) ;
#3177 = DIRECTION ( 'NONE',  ( 0.000000000000000000, 0.000000000000000000, -1.000000000000000000 ) ) ;
#3178 = AXIS2_PLACEMENT_3D ( 'NONE', #8575, #1837, #1739 ) ;
#3179 = ORIENTED_EDGE ( 'NONE', *, *, #7309, .F. ) ;
#3180 = ORIENTED_EDGE ( 'NONE', *, *, #7641, .F. ) ;
#3181 = DIRECTION ( 'NONE',  ( -1.341737624371510395E-15, 0.000000000000000000, -1.000000000000000000 ) ) ;
#3182 = CARTESIAN_POINT ( 'NONE',  ( 18.48284271247456090, 60.00000000000000000, -22.69999999999998863 ) ) ;
#3183 = DIRECTION ( 'NONE',  ( 0.000000000000000000, 0.000000000000000000, -1.000000000000000000 ) ) ;
#3184 = EDGE_CURVE ( 'NONE', #1967, #7645, #9152, .T. ) ;
#3185 = VECTOR ( 'NONE', #4518, 1000.000000000000000 ) ;
#3186 = CARTESIAN_POINT ( 'NONE',  ( -0.8722106714574581199, 52.09876891938421295, 5.354073789651983439 ) ) ;
#3187 = CARTESIAN_POINT ( 'NONE',  ( 5.000000000000000000, 60.00000000000000000, -5.000000000000000888 ) ) ;
#3188 = VERTEX_POINT ( 'NONE', #5320 ) ;
#3189 = VERTEX_POINT ( 'NONE', #6108 ) ;
#3190 = ORIENTED_EDGE ( 'NONE', *, *, #1568, .F. ) ;
#3191 = PRODUCT_DEFINITION_FORMATION_WITH_SPECIFIED_SOURCE ( 'ANY', '', #604, .NOT_KNOWN. ) ;
#3192 = FACE_OUTER_BOUND ( 'NONE', #4087, .T. ) ;
#3193 = DIRECTION ( 'NONE',  ( -0.000000000000000000, -1.000000000000000000, -0.000000000000000000 ) ) ;
#3194 = CARTESIAN_POINT ( 'NONE',  ( 19.20328457960572521, 17.03135154185271816, -9.099659145546544536 ) ) ;
#3195 = CARTESIAN_POINT ( 'NONE',  ( -0.3288036963729713547, 53.28444140216632974, 1.630456179953961859 ) ) ;
#3196 = DIRECTION ( 'NONE',  ( 0.000000000000000000, 1.000000000000000000, 0.000000000000000000 ) ) ;
#3197 = ORIENTED_EDGE ( 'NONE', *, *, #5433, .T. ) ;
#3198 = ADVANCED_FACE ( 'NONE', ( #6757, #9799, #711 ), #3750, .T. ) ;
#3199 = EDGE_LOOP ( 'NONE', ( #8611, #9805, #5353, #5734 ) ) ;
#3200 = ORIENTED_EDGE ( 'NONE', *, *, #3106, .T. ) ;
#3201 = CARTESIAN_POINT ( 'NONE',  ( 25.00000000000000000, 63.00000000000000000, -24.99999999999999645 ) ) ;
#3202 = CARTESIAN_POINT ( 'NONE',  ( 7.999999999999998224, 4.000000000000000000, 0.000000000000000000 ) ) ;
#3203 = ORIENTED_EDGE ( 'NONE', *, *, #7302, .F. ) ;
#3204 = CARTESIAN_POINT ( 'NONE',  ( 20.60000000000000142, 4.000000000000000000, -59.00000000000000000 ) ) ;
#3205 = CARTESIAN_POINT ( 'NONE',  ( 10.28994949366134293, 60.00000000000000000, -22.69999999999998863 ) ) ;
#3206 = DIRECTION ( 'NONE',  ( 1.000000000000000000, 0.000000000000000000, 0.000000000000000000 ) ) ;
#3207 = EDGE_CURVE ( 'NONE', #4302, #4665, #4969, .T. ) ;
#3208 = EDGE_CURVE ( 'NONE', #3091, #3396, #9790, .T. ) ;
#3209 = ORIENTED_EDGE ( 'NONE', *, *, #5679, .T. ) ;
#3210 = FACE_OUTER_BOUND ( 'NONE', #1626, .T. ) ;
#3211 = CARTESIAN_POINT ( 'NONE',  ( 12.20816822073857466, 15.40883104564426631, -23.27804880482913674 ) ) ;
#3212 = ORIENTED_EDGE ( 'NONE', *, *, #2152, .T. ) ;
#3213 = VECTOR ( 'NONE', #5135, 1000.000000000000000 ) ;
#3214 = EDGE_LOOP ( 'NONE', ( #110, #9396 ) ) ;
#3215 = DIRECTION ( 'NONE',  ( 0.000000000000000000, 1.000000000000000000, -0.000000000000000000 ) ) ;
#3216 = DIRECTION ( 'NONE',  ( -0.000000000000000000, -0.000000000000000000, 1.000000000000000000 ) ) ;
#3217 = CARTESIAN_POINT ( 'NONE',  ( 7.281620319648779649, 40.13053934629113684, -11.70106971820612785 ) ) ;
#3218 = DIRECTION ( 'NONE',  ( 5.873343889775906302E-16, 0.000000000000000000, 1.000000000000000000 ) ) ;
#3219 = CARTESIAN_POINT ( 'NONE',  ( 30.07486731506498145, 53.98379390236443953, 0.6339257798468634908 ) ) ;
#3220 = ADVANCED_FACE ( 'NONE', ( #1169 ), #7069, .F. ) ;
#3221 = VECTOR ( 'NONE', #1413, 1000.000000000000000 ) ;
#3222 = PLANE ( 'NONE',  #6044 ) ;
#3223 = ORIENTED_EDGE ( 'NONE', *, *, #8705, .F. ) ;
#3224 = PLANE ( 'NONE',  #6521 ) ;
#3225 = CARTESIAN_POINT ( 'NONE',  ( 25.00000000000000000, 60.00000000000000000, -19.09289321881345813 ) ) ;
#3226 = CIRCLE ( 'NONE', #7704, 1.400000000000000133 ) ;
#3227 = ORIENTED_EDGE ( 'NONE', *, *, #4186, .F. ) ;
#3228 = ADVANCED_FACE ( 'NONE', ( #7259, #9360 ), #4216, .T. ) ;
#3229 = CARTESIAN_POINT ( 'NONE',  ( 28.76204569457009796, 50.22129110446435618, -30.26394778889632420 ) ) ;
#3230 = DIRECTION ( 'NONE',  ( 0.000000000000000000, 0.000000000000000000, -1.000000000000000000 ) ) ;
#3231 = LINE ( 'NONE', #1139, #6036 ) ;
#3232 = CARTESIAN_POINT ( 'NONE',  ( 17.88987305145458251, 15.04196243646008568, -6.976926139492492851 ) ) ;
#3233 = CARTESIAN_POINT ( 'NONE',  ( 7.999999999999998224, 24.00000000000000000, -4.705025253169417887 ) ) ;
#3234 = EDGE_CURVE ( 'NONE', #8135, #9053, #4063, .T. ) ;
#3235 = ORIENTED_EDGE ( 'NONE', *, *, #8533, .F. ) ;
#3236 = ORIENTED_EDGE ( 'NONE', *, *, #7596, .F. ) ;
#3237 = ORIENTED_EDGE ( 'NONE', *, *, #9435, .F. ) ;
#3238 = EDGE_CURVE ( 'NONE', #5151, #2414, #9661, .T. ) ;
#3239 = CARTESIAN_POINT ( 'NONE',  ( 19.50000000000016342, 0.000000000000000000, -12.19705627484766630 ) ) ;
#3240 = VERTEX_POINT ( 'NONE', #8662 ) ;
#3241 = DIRECTION ( 'NONE',  ( -0.000000000000000000, -1.000000000000000000, -0.000000000000000000 ) ) ;
#3242 = CARTESIAN_POINT ( 'NONE',  ( -1.077595695742925574, 52.34687344461603686, 3.667755645601803227 ) ) ;
#3243 = CARTESIAN_POINT ( 'NONE',  ( 12.21715728752556096, 36.15161911103442804, -23.39999999999999503 ) ) ;
#3244 = APPLICATION_CONTEXT ( 'automotive_design' ) ;
#3245 = ORIENTED_EDGE ( 'NONE', *, *, #8294, .T. ) ;
#3246 = ORIENTED_EDGE ( 'NONE', *, *, #4988, .F. ) ;
#3247 = EDGE_CURVE ( 'NONE', #5438, #6012, #9314, .T. ) ;
#3248 = ADVANCED_FACE ( 'NONE', ( #1021 ), #7113, .F. ) ;
#3249 = VERTEX_POINT ( 'NONE', #4167 ) ;
#3250 = CARTESIAN_POINT ( 'NONE',  ( 15.00000000000000178, 70.00000000000000000, 4.975000000000000533 ) ) ;
#3251 = CARTESIAN_POINT ( 'NONE',  ( 32.24033520562800703, 51.70438584414748107, 7.068745442632653919 ) ) ;
#3252 = ORIENTED_EDGE ( 'NONE', *, *, #358, .F. ) ;
#3253 = DIRECTION ( 'NONE',  ( -0.000000000000000000, -1.000000000000000000, -0.000000000000000000 ) ) ;
#3254 = CARTESIAN_POINT ( 'NONE',  ( 19.38786796564398429, 60.00000000000000000, -4.705025253169416111 ) ) ;
#3255 = CYLINDRICAL_SURFACE ( 'NONE', #8168, 2.499999999999996891 ) ;
#3256 = CIRCLE ( 'NONE', #8529, 1.399999999999998579 ) ;
#3257 = ORIENTED_EDGE ( 'NONE', *, *, #4465, .F. ) ;
#3258 = CARTESIAN_POINT ( 'NONE',  ( 4.705025253169599964, 36.00000000000000711, -21.99999999999999645 ) ) ;
#3259 = DIRECTION ( 'NONE',  ( 0.000000000000000000, 1.000000000000000000, -0.000000000000000000 ) ) ;
#3260 = ORIENTED_EDGE ( 'NONE', *, *, #3426, .T. ) ;
#3261 = ORIENTED_EDGE ( 'NONE', *, *, #3073, .T. ) ;
#3262 = CARTESIAN_POINT ( 'NONE',  ( 23.39999999999999858, 24.00000000000000000, -17.78284271247457582 ) ) ;
#3263 = CIRCLE ( 'NONE', #9482, 1.399999999999998579 ) ;
#3264 = FACE_OUTER_BOUND ( 'NONE', #7973, .T. ) ;
#3265 = DIRECTION ( 'NONE',  ( 0.000000000000000000, 0.000000000000000000, -1.000000000000000000 ) ) ;
#3266 = CARTESIAN_POINT ( 'NONE',  ( 4.705025253169598187, 0.000000000000000000, -25.29497474683057945 ) ) ;
#3267 = EDGE_CURVE ( 'NONE', #6453, #4665, #2472, .T. ) ;
#3268 = DIRECTION ( 'NONE',  ( 1.000000000000000000, 0.000000000000000000, -6.188934370712449836E-16 ) ) ;
#3269 = LINE ( 'NONE', #3573, #6582 ) ;
#3270 = CARTESIAN_POINT ( 'NONE',  ( 11.82133035525340681, 34.81600271418746928, -7.245745179513606971 ) ) ;
#3271 = B_SPLINE_CURVE_WITH_KNOTS ( 'NONE', 3,
 ( #7175, #8018, #9577, #346, #1181, #3378, #9472, #1884, #5784, #9522, #3424, #5681 ),
 .UNSPECIFIED., .F., .F.,
 ( 4, 2, 2, 2, 2, 4 ),
 ( 0.000000000000000000, 0.0004534879691135282266, 0.0009069759382270564533, 0.001360463907340584734, 0.001587207891897355434, 0.001813951876454126567 ),
 .UNSPECIFIED. ) ;
#3272 = DIRECTION ( 'NONE',  ( -1.000000000000000000, 0.000000000000000000, 0.000000000000000000 ) ) ;
#3273 = CARTESIAN_POINT ( 'NONE',  ( 22.75878189224889425, 50.80065651479375788, -11.80618468321187819 ) ) ;
#3274 = CARTESIAN_POINT ( 'NONE',  ( -6.999999999999999112, 16.00000000000000000, -8.000000000000000000 ) ) ;
#3275 = CARTESIAN_POINT ( 'NONE',  ( 0.1213449166247452665, 52.70913466228653732, 4.021114817273690356 ) ) ;
#3276 = AXIS2_PLACEMENT_3D ( 'NONE', #2622, #6423, #7263 ) ;
#3277 = ADVANCED_FACE ( 'NONE', ( #6468 ), #2571, .F. ) ;
#3278 = VERTEX_POINT ( 'NONE', #4019 ) ;
#3279 = CARTESIAN_POINT ( 'NONE',  ( 26.50000000000000355, 51.64999999999999858, 56.50000000000000711 ) ) ;
#3280 = CARTESIAN_POINT ( 'NONE',  ( 18.90294372515236176, 35.44059295743964810, -20.59999999999999787 ) ) ;
#3281 = CIRCLE ( 'NONE', #6480, 3.000000000000000000 ) ;
#3282 = LINE ( 'NONE', #5595, #1564 ) ;
#3283 = FACE_OUTER_BOUND ( 'NONE', #2494, .T. ) ;
#3284 = CARTESIAN_POINT ( 'NONE',  ( 14.56159551959469134, 26.34390689327688762, -30.01479322175531905 ) ) ;
#3285 = EDGE_CURVE ( 'NONE', #6047, #7590, #1724, .T. ) ;
#3286 = CIRCLE ( 'NONE', #8880, 2.499999999999996891 ) ;
#3287 = ORIENTED_EDGE ( 'NONE', *, *, #9745, .F. ) ;
#3288 = EDGE_CURVE ( 'NONE', #1608, #3884, #6372, .T. ) ;
#3289 = B_SPLINE_CURVE_WITH_KNOTS ( 'NONE', 3,
 ( #3989, #6438, #5689, #2489, #8730, #3232, #302, #1894, #7978, #204, #1142, #250, #6289, #8579 ),
 .UNSPECIFIED., .F., .F.,
 ( 4, 2, 2, 2, 2, 2, 4 ),
 ( 0.003652462977962327422, 0.004108291580851235192, 0.004336205882295688860, 0.004564120183740141661, 0.004792034485184594461, 0.005019948786629047262, 0.005475777389517952863 ),
 .UNSPECIFIED. ) ;
#3290 = EDGE_LOOP ( 'NONE', ( #527, #7668, #9228, #4832, #6606, #4570, #7586, #9189, #3653, #2967 ) ) ;
#3291 = DIRECTION ( 'NONE',  ( -0.000000000000000000, -1.000000000000000000, -0.000000000000000000 ) ) ;
#3292 = ORIENTED_EDGE ( 'NONE', *, *, #9727, .F. ) ;
#3293 = DIRECTION ( 'NONE',  ( 0.000000000000000000, 1.000000000000000000, 0.000000000000000000 ) ) ;
#3294 = CARTESIAN_POINT ( 'NONE',  ( 11.09705627484776080, 35.44059295743964810, -20.59999999999999787 ) ) ;
#3295 = CARTESIAN_POINT ( 'NONE',  ( 1.500000000000001332, 0.000000000000000000, 0.000000000000000000 ) ) ;
#3296 = ORIENTED_EDGE ( 'NONE', *, *, #364, .F. ) ;
#3297 = VERTEX_POINT ( 'NONE', #4916 ) ;
#3298 = VECTOR ( 'NONE', #21, 1000.000000000000000 ) ;
#3299 = ORIENTED_EDGE ( 'NONE', *, *, #5242, .F. ) ;
#3300 = CARTESIAN_POINT ( 'NONE',  ( 10.28994949366131273, 17.21243556529818619, -7.299999999999952749 ) ) ;
#3301 = CARTESIAN_POINT ( 'NONE',  ( 22.00000000000000000, 4.000000000000000000, -59.00000000000000000 ) ) ;
#3302 = ORIENTED_EDGE ( 'NONE', *, *, #2304, .T. ) ;
#3303 = LINE ( 'NONE', #7250, #261 ) ;
#3304 = DIRECTION ( 'NONE',  ( 1.000000000000000000, -0.000000000000000000, -0.000000000000000000 ) ) ;
#3305 = CARTESIAN_POINT ( 'NONE',  ( 22.69999999999994955, 50.68817955499562089, -19.71005050633884181 ) ) ;
#3306 = AXIS2_PLACEMENT_3D ( 'NONE', #7278, #7382, #6542 ) ;
#3307 = EDGE_LOOP ( 'NONE', ( #515, #2798, #3299, #9545 ) ) ;
#3308 = CARTESIAN_POINT ( 'NONE',  ( 10.28994949366122214, 60.00000000000000000, -21.40710678118653121 ) ) ;
#3309 = ORIENTED_EDGE ( 'NONE', *, *, #1267, .T. ) ;
#3310 = VECTOR ( 'NONE', #2131, 1000.000000000000000 ) ;
#3311 = VERTEX_POINT ( 'NONE', #9411 ) ;
#3312 = DIRECTION ( 'NONE',  ( 0.7071067811865475727, -0.000000000000000000, 0.7071067811865475727 ) ) ;
#3313 = AXIS2_PLACEMENT_3D ( 'NONE', #3485, #5995, #8026 ) ;
#3314 = DIRECTION ( 'NONE',  ( -0.000000000000000000, -1.000000000000000000, -0.000000000000000000 ) ) ;
#3315 = FACE_OUTER_BOUND ( 'NONE', #9642, .T. ) ;
#3316 = CARTESIAN_POINT ( 'NONE',  ( 4.705025253169598187, 60.00000000000000000, -25.00000000000000000 ) ) ;
#3317 = DIRECTION ( 'NONE',  ( -1.000000000000000000, 0.000000000000000000, 1.341737624371510395E-15 ) ) ;
#3318 = DIRECTION ( 'NONE',  ( 0.000000000000000000, 0.000000000000000000, -1.000000000000000000 ) ) ;
#3319 = CARTESIAN_POINT ( 'NONE',  ( 30.54624223047757781, 52.92263043144984636, 2.286381971450583528 ) ) ;
#3320 = DIRECTION ( 'NONE',  ( 0.000000000000000000, 0.000000000000000000, 1.000000000000000000 ) ) ;
#3321 = FACE_OUTER_BOUND ( 'NONE', #9708, .T. ) ;
#3322 = DIRECTION ( 'NONE',  ( 1.000000000000000000, -0.000000000000000000, -0.000000000000000000 ) ) ;
#3323 = VECTOR ( 'NONE', #5289, 1000.000000000000000 ) ;
#3324 = CARTESIAN_POINT ( 'NONE',  ( -0.2101396739143568393, 53.54553273087751109, 1.221331487287657280 ) ) ;
#3325 = ADVANCED_FACE ( 'NONE', ( #9508 ), #5623, .F. ) ;
#3326 = VERTEX_POINT ( 'NONE', #334 ) ;
#3327 = CARTESIAN_POINT ( 'NONE',  ( 19.71005050633889510, 17.26825771477449223, -21.40710678118653121 ) ) ;
#3328 = AXIS2_PLACEMENT_3D ( 'NONE', #5126, #6717, #7403 ) ;
#3329 = LINE ( 'NONE', #9376, #9722 ) ;
#3330 = AXIS2_PLACEMENT_3D ( 'NONE', #6882, #6928, #4483 ) ;
#3331 = ADVANCED_FACE ( 'NONE', ( #7406 ), #8157, .F. ) ;
#3332 = LINE ( 'NONE', #7778, #9849 ) ;
#3333 = ADVANCED_FACE ( 'NONE', ( #5972, #3515, #8812 ), #5221, .F. ) ;
#3334 = EDGE_CURVE ( 'NONE', #6296, #1206, #6572, .T. ) ;
#3335 = CARTESIAN_POINT ( 'NONE',  ( 0.000000000000000000, 60.00000000000000000, 0.000000000000000000 ) ) ;
#3336 = DIRECTION ( 'NONE',  ( -0.000000000000000000, -0.000000000000000000, 1.000000000000000000 ) ) ;
#3337 = AXIS2_PLACEMENT_3D ( 'NONE', #1859, #8800, #6561 ) ;
#3338 = ORIENTED_EDGE ( 'NONE', *, *, #9520, .F. ) ;
#3339 = ORIENTED_EDGE ( 'NONE', *, *, #5123, .T. ) ;
#3340 = CARTESIAN_POINT ( 'NONE',  ( 4.999999999999998224, 70.00000000000000000, -24.99999999999999645 ) ) ;
#3341 = CARTESIAN_POINT ( 'NONE',  ( 9.399999999999998579, 24.00000000000000000, -59.00000000000000000 ) ) ;
#3342 = VECTOR ( 'NONE', #9731, 1000.000000000000000 ) ;
#3343 = FACE_OUTER_BOUND ( 'NONE', #9831, .T. ) ;
#3344 = EDGE_CURVE ( 'NONE', #7592, #437, #9711, .T. ) ;
#3345 = EDGE_CURVE ( 'NONE', #4828, #6167, #2766, .T. ) ;
#3346 = CARTESIAN_POINT ( 'NONE',  ( 11.66925982622307778, 14.78756443470181026, -7.299999999999949196 ) ) ;
#3347 = CARTESIAN_POINT ( 'NONE',  ( 10.90710678118672661, 60.00000000000000000, -4.999999999999996447 ) ) ;
#3348 = ORIENTED_EDGE ( 'NONE', *, *, #9536, .F. ) ;
#3349 = ORIENTED_EDGE ( 'NONE', *, *, #7734, .T. ) ;
#3350 = VECTOR ( 'NONE', #5180, 1000.000000000000000 ) ;
#3351 = ORIENTED_EDGE ( 'NONE', *, *, #5968, .T. ) ;
#3352 = CARTESIAN_POINT ( 'NONE',  ( 30.00000000000000000, 60.00000000000000000, 0.000000000000000000 ) ) ;
#3353 = CARTESIAN_POINT ( 'NONE',  ( 7.079292582952287027, 22.94025158727741598, -17.95389125833012756 ) ) ;
#3354 = CARTESIAN_POINT ( 'NONE',  ( 29.49096464694388686, 53.06707204244685983, 3.454101972341943050 ) ) ;
#3355 = VERTEX_POINT ( 'NONE', #5772 ) ;
#3356 = CARTESIAN_POINT ( 'NONE',  ( 22.87904425229902827, 2.909159744175914053, -11.98980912885104466 ) ) ;
#3357 = DIRECTION ( 'NONE',  ( -0.7071067811865474617, 0.000000000000000000, -0.7071067811865474617 ) ) ;
#3358 = CARTESIAN_POINT ( 'NONE',  ( 10.28994949365970335, 40.71227244192490957, -22.69999999999998508 ) ) ;
#3359 = AXIS2_PLACEMENT_3D ( 'NONE', #8805, #2805, #8852 ) ;
#3360 = ORIENTED_EDGE ( 'NONE', *, *, #293, .F. ) ;
#3361 = CARTESIAN_POINT ( 'NONE',  ( 11.51715728752298773, 14.78756443469979587, -22.69999999999913598 ) ) ;
#3362 = EDGE_LOOP ( 'NONE', ( #8842, #5250, #552, #16 ) ) ;
#3363 = EDGE_CURVE ( 'NONE', #6355, #7939, #7313, .T. ) ;
#3364 = EDGE_LOOP ( 'NONE', ( #5886, #6831, #6032, #2799 ) ) ;
#3365 = CARTESIAN_POINT ( 'NONE',  ( 23.27813378153613755, 23.40904359342514240, -17.79182019532754921 ) ) ;
#3366 = EDGE_CURVE ( 'NONE', #3913, #1967, #3771, .T. ) ;
#3367 = EDGE_CURVE ( 'NONE', #6873, #3105, #6485, .T. ) ;
#3368 = CARTESIAN_POINT ( 'NONE',  ( 12.17750465073224397, 41.33226707546160128, -23.67146332394733221 ) ) ;
#3369 = PLANE ( 'NONE',  #2438 ) ;
#3370 = CARTESIAN_POINT ( 'NONE',  ( 25.29497474683052616, 36.00000000000000711, -7.999999999999994671 ) ) ;
#3371 = DIRECTION ( 'NONE',  ( 0.000000000000000000, 0.000000000000000000, 1.000000000000000000 ) ) ;
#3372 = DIRECTION ( 'NONE',  ( 0.000000000000000000, -1.000000000000000000, 0.000000000000000000 ) ) ;
#3373 = CARTESIAN_POINT ( 'NONE',  ( 12.21844574137561246, 35.69620152389374823, -6.624845885521412292 ) ) ;
#3374 = CARTESIAN_POINT ( 'NONE',  ( 18.48284271247456090, 14.78756443470178361, -22.69999999999998863 ) ) ;
#3375 = CARTESIAN_POINT ( 'NONE',  ( 23.14353595326115709, 51.58353605043235746, -12.17198982396918616 ) ) ;
#3376 = VECTOR ( 'NONE', #3832, 1000.000000000000000 ) ;
#3377 = FACE_OUTER_BOUND ( 'NONE', #1653, .T. ) ;
#3378 = CARTESIAN_POINT ( 'NONE',  ( 17.88280388870429150, 35.03672132907237824, -23.02656301365404445 ) ) ;
#3379 = VERTEX_POINT ( 'NONE', #3616 ) ;
#3380 = CYLINDRICAL_SURFACE ( 'NONE', #8050, 3.000000000000000000 ) ;
#3381 = CIRCLE ( 'NONE', #5782, 1.399999999999998579 ) ;
#3382 = CARTESIAN_POINT ( 'NONE',  ( 23.39999999999995595, 0.000000000000000000, -11.51715728752533252 ) ) ;
#3383 = CARTESIAN_POINT ( 'NONE',  ( 30.00000000000000000, 0.000000000000000000, -28.49999999999999645 ) ) ;
#3384 = CARTESIAN_POINT ( 'NONE',  ( 7.300000000000174794, 0.000000000000000000, -18.48284271247463195 ) ) ;
#3385 = CARTESIAN_POINT ( 'NONE',  ( 10.28994949366127898, 36.00000000000000711, -21.99999999999999645 ) ) ;
#3386 = VECTOR ( 'NONE', #4560, 1000.000000000000000 ) ;
#3387 = EDGE_LOOP ( 'NONE', ( #8525, #1443 ) ) ;
#3388 = ORIENTED_EDGE ( 'NONE', *, *, #6183, .T. ) ;
#3389 = ADVANCED_FACE ( 'NONE', ( #5822 ), #6672, .F. ) ;
#3390 = LINE ( 'NONE', #4193, #5400 ) ;
#3391 = CARTESIAN_POINT ( 'NONE',  ( 4.999999999999997335, 60.00000000000000000, -7.299999999999933209 ) ) ;
#3392 = AXIS2_PLACEMENT_3D ( 'NONE', #1157, #9601, #4956 ) ;
#3393 = EDGE_CURVE ( 'NONE', #3005, #148, #9036, .T. ) ;
#3394 = LINE ( 'NONE', #5698, #8736 ) ;
#3395 = CYLINDRICAL_SURFACE ( 'NONE', #7011, 2.499999999999998668 ) ;
#3396 = VERTEX_POINT ( 'NONE', #1421 ) ;
#3397 = EDGE_LOOP ( 'NONE', ( #5612, #8836, #6068, #3292 ) ) ;
#3398 = B_SPLINE_CURVE_WITH_KNOTS ( 'NONE', 3,
 ( #646, #4999, #1801, #2597, #6446, #1147, #4429, #5647, #8790, #7471 ),
 .UNSPECIFIED., .F., .F.,
 ( 4, 2, 2, 2, 4 ),
 ( 3.576224061345498009E-18, 0.0004112695776760904708, 0.0008225391553521773638, 0.001233808733028264257, 0.001645078310704351041 ),
 .UNSPECIFIED. ) ;
#3399 = EDGE_CURVE ( 'NONE', #4888, #665, #3286, .T. ) ;
#3400 = ADVANCED_FACE ( 'NONE', ( #7453 ), #5129, .F. ) ;
#3401 = ORIENTED_EDGE ( 'NONE', *, *, #2721, .F. ) ;
#3402 = FACE_BOUND ( 'NONE', #7603, .T. ) ;
#3403 = CARTESIAN_POINT ( 'NONE',  ( 6.599999999999996980, 23.84871634933472606, -17.78284271247457582 ) ) ;
#3404 = CARTESIAN_POINT ( 'NONE',  ( 32.61844176318167854, 51.66364654721279948, 7.532922619870833891 ) ) ;
#3405 = ORIENTED_EDGE ( 'NONE', *, *, #8648, .T. ) ;
#3406 = PLANE ( 'NONE',  #7424 ) ;
#3407 = PLANE ( 'NONE',  #5597 ) ;
#3408 = DIRECTION ( 'NONE',  ( 0.000000000000000000, -1.000000000000000000, 0.000000000000000000 ) ) ;
#3409 = ORIENTED_EDGE ( 'NONE', *, *, #412, .T. ) ;
#3410 = DIRECTION ( 'NONE',  ( -0.000000000000000000, -1.000000000000000000, -0.000000000000000000 ) ) ;
#3411 = ORIENTED_EDGE ( 'NONE', *, *, #2794, .T. ) ;
#3412 = ADVANCED_FACE ( 'NONE', ( #2119, #7508, #2019, #8055, #8110, #3463 ), #626, .T. ) ;
#3413 = ORIENTED_EDGE ( 'NONE', *, *, #2811, .T. ) ;
#3414 = DIRECTION ( 'NONE',  ( 0.7071067811865474617, 0.000000000000000000, -0.7071067811865474617 ) ) ;
#3415 = CARTESIAN_POINT ( 'NONE',  ( 10.28994949366131095, 0.000000000000000000, -8.592893218813408396 ) ) ;
#3416 = DIRECTION ( 'NONE',  ( 0.000000000000000000, 0.000000000000000000, 1.000000000000000000 ) ) ;
#3417 = DIRECTION ( 'NONE',  ( 1.000000000000000000, 0.000000000000000000, 0.000000000000000000 ) ) ;
#3418 = DIRECTION ( 'NONE',  ( 0.000000000000000000, -1.000000000000000000, 0.000000000000000000 ) ) ;
#3419 = CARTESIAN_POINT ( 'NONE',  ( 9.399999999999998579, 24.00000000000000000, -30.00000000000000000 ) ) ;
#3420 = CARTESIAN_POINT ( 'NONE',  ( 31.91222565332108729, 51.85398946950768817, 5.607436711409555130 ) ) ;
#3421 = CARTESIAN_POINT ( 'NONE',  ( -1.638722038126636971, 51.97603690237581020, 4.988812850151246536 ) ) ;
#3422 = CARTESIAN_POINT ( 'NONE',  ( 32.00000000000000000, 45.65000000000000568, 54.49999999999998579 ) ) ;
#3423 = FACE_OUTER_BOUND ( 'NONE', #8040, .T. ) ;
#3424 = CARTESIAN_POINT ( 'NONE',  ( 18.40623844373173768, 34.78756443470178539, -22.69999999999999574 ) ) ;
#3425 = EDGE_LOOP ( 'NONE', ( #7440, #354, #5468, #5012 ) ) ;
#3426 = EDGE_CURVE ( 'NONE', #3189, #5939, #8888, .T. ) ;
#3427 = CIRCLE ( 'NONE', #1676, 1.399999999999998579 ) ;
#3428 = EDGE_LOOP ( 'NONE', ( #3111, #8315, #4750, #5837 ) ) ;
#3429 = CARTESIAN_POINT ( 'NONE',  ( 18.90294372515236176, 16.00000000000000000, -20.59999999999999787 ) ) ;
#3430 = DIRECTION ( 'NONE',  ( 6.195440985631460248E-16, 0.000000000000000000, 1.000000000000000000 ) ) ;
#3431 = CARTESIAN_POINT ( 'NONE',  ( 22.69999999999993534, 25.21243556529825369, -18.32829755247199088 ) ) ;
#3432 = CYLINDRICAL_SURFACE ( 'NONE', #7796, 3.000000000000002665 ) ;
#3433 = AXIS2_PLACEMENT_3D ( 'NONE', #1280, #2076, #9715 ) ;
#3434 = CARTESIAN_POINT ( 'NONE',  ( -6.999999999999999112, 36.00000000000000711, -21.99999999999999645 ) ) ;
#3435 = CARTESIAN_POINT ( 'NONE',  ( 23.39999999999999858, 24.00000000000000000, -12.21715728752533359 ) ) ;
#3436 = ORIENTED_EDGE ( 'NONE', *, *, #3073, .F. ) ;
#3437 = ORIENTED_EDGE ( 'NONE', *, *, #3150, .T. ) ;
#3438 = AXIS2_PLACEMENT_3D ( 'NONE', #7860, #2521, #427 ) ;
#3439 = CARTESIAN_POINT ( 'NONE',  ( 19.99999999999999645, 32.00000000000000711, -39.99999999999999289 ) ) ;
#3440 = PLANE ( 'NONE',  #4799 ) ;
#3441 = CARTESIAN_POINT ( 'NONE',  ( 11.51715728752552792, 37.21243556529819330, -7.299999999999952749 ) ) ;
#3442 = CARTESIAN_POINT ( 'NONE',  ( 6.625243008437316838, 23.69532173814595311, -12.21838400667454216 ) ) ;
#3443 = ORIENTED_EDGE ( 'NONE', *, *, #6329, .T. ) ;
#3444 = EDGE_LOOP ( 'NONE', ( #1688, #2148, #1699, #3824 ) ) ;
#3445 = EDGE_CURVE ( 'NONE', #7419, #1105, #56, .T. ) ;
#3446 = ORIENTED_EDGE ( 'NONE', *, *, #1670, .F. ) ;
#3447 = ORIENTED_EDGE ( 'NONE', *, *, #3084, .T. ) ;
#3448 = FACE_OUTER_BOUND ( 'NONE', #3654, .T. ) ;
#3449 = VECTOR ( 'NONE', #1569, 1000.000000000000000 ) ;
#3450 = CARTESIAN_POINT ( 'NONE',  ( 7.300000000000184563, 22.78756443470168236, -18.32850920836595776 ) ) ;
#3451 = CARTESIAN_POINT ( 'NONE',  ( 32.62114500214777024, 51.66345352797725354, 7.536234755403849128 ) ) ;
#3452 = VERTEX_POINT ( 'NONE', #1600 ) ;
#3453 = CARTESIAN_POINT ( 'NONE',  ( 23.20478612941870367, 3.271926419860973212, -12.19635958560015965 ) ) ;
#3454 = LINE ( 'NONE', #471, #3995 ) ;
#3455 = CARTESIAN_POINT ( 'NONE',  ( 9.399999999999998579, 24.00000000000000000, -18.90294372515247190 ) ) ;
#3456 = ORIENTED_EDGE ( 'NONE', *, *, #5953, .F. ) ;
#3457 = ADVANCED_FACE ( 'NONE', ( #3264 ), #9, .F. ) ;
#3458 = ADVANCED_FACE ( 'NONE', ( #4637 ), #9788, .T. ) ;
#3459 = LINE ( 'NONE', #8052, #9552 ) ;
#3460 = AXIS2_PLACEMENT_3D ( 'NONE', #852, #114, #9243 ) ;
#3461 = ORIENTED_EDGE ( 'NONE', *, *, #9083, .T. ) ;
#3462 = VERTEX_POINT ( 'NONE', #5404 ) ;
#3463 = FACE_BOUND ( 'NONE', #2752, .T. ) ;
#3464 = CARTESIAN_POINT ( 'NONE',  ( 18.48284271247459642, 17.21243556529818619, -7.299999999999952749 ) ) ;
#3465 = DIRECTION ( 'NONE',  ( -0.000000000000000000, -1.000000000000000000, -0.000000000000000000 ) ) ;
#3466 = CARTESIAN_POINT ( 'NONE',  ( 11.51715728752298773, 34.78756443469979587, -22.69999999999913598 ) ) ;
#3467 = DIRECTION ( 'NONE',  ( 0.000000000000000000, 0.000000000000000000, -1.000000000000000000 ) ) ;
#3468 = AXIS2_PLACEMENT_3D ( 'NONE', #5839, #2683, #5740 ) ;
#3469 = DIRECTION ( 'NONE',  ( 0.000000000000000000, 0.000000000000000000, -1.000000000000000000 ) ) ;
#3470 = CARTESIAN_POINT ( 'NONE',  ( 31.98599541125577517, 51.82656229370147827, 5.772465421665165408 ) ) ;
#3471 = DIRECTION ( 'NONE',  ( 0.000000000000000000, 0.000000000000000000, -1.000000000000000000 ) ) ;
#3472 = VERTEX_POINT ( 'NONE', #2294 ) ;
#3473 = DIRECTION ( 'NONE',  ( 0.000000000000000000, 1.000000000000000000, 0.000000000000000000 ) ) ;
#3474 = CARTESIAN_POINT ( 'NONE',  ( -2.871915427529699638, 51.64999844736688317, 7.843282032624127709 ) ) ;
#3475 = ORIENTED_EDGE ( 'NONE', *, *, #8500, .T. ) ;
#3476 = CIRCLE ( 'NONE', #4457, 0.6999999999999957367 ) ;
#3477 = AXIS2_PLACEMENT_3D ( 'NONE', #7221, #9718, #2820 ) ;
#3478 = ORIENTED_EDGE ( 'NONE', *, *, #3899, .F. ) ;
#3479 = CARTESIAN_POINT ( 'NONE',  ( 22.00000000000000000, 4.000000000000000000, -19.71005050633883826 ) ) ;
#3480 = CARTESIAN_POINT ( 'NONE',  ( 7.245600887463345074, 5.183913352014667630, -11.82164130191884688 ) ) ;
#3481 = FACE_OUTER_BOUND ( 'NONE', #7928, .T. ) ;
#3482 = VECTOR ( 'NONE', #8425, 1000.000000000000000 ) ;
#3483 = AXIS2_PLACEMENT_3D ( 'NONE', #1232, #4278, #2823 ) ;
#3484 = DIRECTION ( 'NONE',  ( -0.000000000000000000, -1.000000000000000000, 0.000000000000000000 ) ) ;
#3485 = CARTESIAN_POINT ( 'NONE',  ( 15.00000000000008171, 70.00000000000000000, -30.00000000000002842 ) ) ;
#3486 = CARTESIAN_POINT ( 'NONE',  ( 12.01213203435610666, 41.26954340298248525, -6.105025253169378274 ) ) ;
#3487 = ORIENTED_EDGE ( 'NONE', *, *, #2138, .T. ) ;
#3488 = VECTOR ( 'NONE', #4015, 1000.000000000000000 ) ;
#3489 = VERTEX_POINT ( 'NONE', #4585 ) ;
#3490 = EDGE_CURVE ( 'NONE', #3355, #3955, #4536, .T. ) ;
#3491 = DIRECTION ( 'NONE',  ( 1.000000000000000000, 0.000000000000000000, 0.000000000000000000 ) ) ;
#3492 = FACE_OUTER_BOUND ( 'NONE', #7814, .T. ) ;
#3493 = VECTOR ( 'NONE', #1890, 1000.000000000000000 ) ;
#3494 = DIRECTION ( 'NONE',  ( 0.000000000000000000, 0.000000000000000000, -1.000000000000000000 ) ) ;
#3495 = CARTESIAN_POINT ( 'NONE',  ( 30.00000000000000000, 60.00000000000000000, 0.000000000000000000 ) ) ;
#3496 = ORIENTED_EDGE ( 'NONE', *, *, #6141, .T. ) ;
#3497 = VERTEX_POINT ( 'NONE', #9088 ) ;
#3498 = VERTEX_POINT ( 'NONE', #7687 ) ;
#3499 = VECTOR ( 'NONE', #3875, 1000.000000000000000 ) ;
#3500 = ORIENTED_EDGE ( 'NONE', *, *, #7007, .F. ) ;
#3501 = DIRECTION ( 'NONE',  ( -1.000000000000000000, 0.000000000000000000, 1.341737624371510395E-15 ) ) ;
#3502 = FACE_BOUND ( 'NONE', #8690, .T. ) ;
#3503 = EDGE_CURVE ( 'NONE', #8660, #8142, #30, .T. ) ;
#3504 = CARTESIAN_POINT ( 'NONE',  ( 28.90780929614484052, 53.85664348651251743, 2.479748817281636430 ) ) ;
#3505 = ORIENTED_EDGE ( 'NONE', *, *, #2458, .F. ) ;
#3506 = DIRECTION ( 'NONE',  ( -0.000000000000000000, -1.000000000000000000, -0.000000000000000000 ) ) ;
#3507 = LINE ( 'NONE', #8905, #651 ) ;
#3508 = CARTESIAN_POINT ( 'NONE',  ( 6.600000000000168399, 60.00000000000000000, -11.51715728752533074 ) ) ;
#3509 = EDGE_CURVE ( 'NONE', #5518, #5555, #1038, .T. ) ;
#3510 = ORIENTED_EDGE ( 'NONE', *, *, #4172, .F. ) ;
#3511 = CARTESIAN_POINT ( 'NONE',  ( 7.300000000000174794, 22.78756443470168236, -19.71005050633883826 ) ) ;
#3512 = ORIENTED_EDGE ( 'NONE', *, *, #5120, .F. ) ;
#3513 = EDGE_CURVE ( 'NONE', #9333, #5316, #2649, .T. ) ;
#3514 = ORIENTED_EDGE ( 'NONE', *, *, #3566, .T. ) ;
#3515 = FACE_BOUND ( 'NONE', #6304, .T. ) ;
#3516 = EDGE_CURVE ( 'NONE', #8346, #4295, #9672, .T. ) ;
#3517 = CARTESIAN_POINT ( 'NONE',  ( 7.300000000000169464, 25.21243556529831409, -10.28994949366116707 ) ) ;
#3518 = LINE ( 'NONE', #1875, #4347 ) ;
#3519 = DIRECTION ( 'NONE',  ( 1.000000000000000000, 0.000000000000000000, 0.000000000000000000 ) ) ;
#3520 = VECTOR ( 'NONE', #6614, 1000.000000000000000 ) ;
#3521 = EDGE_CURVE ( 'NONE', #8156, #601, #893, .T. ) ;
#3522 = FACE_OUTER_BOUND ( 'NONE', #2970, .T. ) ;
#3523 = CARTESIAN_POINT ( 'NONE',  ( 10.28994949366131273, 37.21243556529819330, -7.299999999999952749 ) ) ;
#3524 = CARTESIAN_POINT ( 'NONE',  ( 31.19861177843151978, 52.24929524803463465, 3.961511238382897648 ) ) ;
#3525 = CARTESIAN_POINT ( 'NONE',  ( -2.305523787852505446, 51.73021142681790963, 6.481284752494647527 ) ) ;
#3526 = ORIENTED_EDGE ( 'NONE', *, *, #37, .T. ) ;
#3527 = DIRECTION ( 'NONE',  ( 0.000000000000000000, 1.000000000000000000, -0.000000000000000000 ) ) ;
#3528 = CARTESIAN_POINT ( 'NONE',  ( -2.829056975280149544, 51.65365151811133160, 7.627438551329616345 ) ) ;
#3529 = ORIENTED_EDGE ( 'NONE', *, *, #2458, .T. ) ;
#3530 = CLOSED_SHELL ( 'NONE', ( #3087, #3325, #3954, #9598, #87, #7599, #877, #5724, #3400, #5665, #2793, #2178, #5058, #8555, #1999, #5373, #9556, #5310, #7656, #6149, #1220, #2372, #7137, #9214, #8238, #1269, #4732, #4035, #4553, #3680, #8177, #5912, #5843, #6700, #1847, #3935, #5397, #642, #392, #2425, #3031, #6638, #5553, #9761, #6498, #584, #6529, #890, #865, #2784, #972, #20, #2125, #8644, #3458, #9128, #4292, #8863, #8937, #7988, #61, #8523, #1197, #2337, #6443, #7541, #837, #4777, #4398, #7208, #1392, #4329, #1455, #8035, #3809, #3331, #3532, #2092, #4192, #9802, #4945, #8336, #8938, #9565, #1084, #2985, #2966, #595, #9700, #4862, #113, #5408, #4065, #592, #3333, #371, #6318, #3817, #5446, #1028, #9317, #4291, #982, #9473, #8898, #4061, #1271, #8153, #8027, #9116, #3389, #158, #5579, #2584, #294, #5897, #8344, #2741, #716, #1694, #1750, #8512, #7377, #6997, #4098, #1761, #8320, #6550, #4921, #8775, #6507, #2922, #3248, #8276, #1171, #3825, #5769, #2144, #3641, #5908, #6452, #8069, #4632, #2815, #7899, #8990, #2191, #4511, #3412, #6333, #912, #3457, #553, #6643, #2863, #2045, #2057, #713, #1301, #3839, #1865, #3890, #707, #6791, #4721, #1453, #1511, #6543, #9380, #3589, #9103, #6916, #1818, #8765, #3766, #5798, #6034, #6786, #934, #7906, #3220, #4778, #7545, #8839, #6235, #6265, #7613, #304, #9290, #5924, #5564, #1040, #1908, #170, #5493, #5248, #1388, #4131, #5191, #6651, #3942, #1219, #9136, #1486, #1446, #6399, #1324, #5904, #4991, #1095, #3198, #5322, #7910, #2241, #2113, #4653, #5138, #6490, #1941, #3277, #7497, #9014, #4992, #9284, #328, #8822, #2301, #6388, #4328, #5750, #7418, #8164, #9084, #6646, #8267, #8745, #2326, #6875, #1150, #6489, #6009, #9825, #1479, #3228, #6222, #9687, #4012, #3151, #4847, #4378, #5285, #2637, #7942, #4336, #6342, #7521, #5850 ) ) ;
#3531 = ORIENTED_EDGE ( 'NONE', *, *, #6094, .T. ) ;
#3532 = ADVANCED_FACE ( 'NONE', ( #8431 ), #1548, .F. ) ;
#3533 = DIRECTION ( 'NONE',  ( 0.000000000000000000, 0.000000000000000000, -1.000000000000000000 ) ) ;
#3534 = EDGE_CURVE ( 'NONE', #9205, #3913, #6744, .T. ) ;
#3535 = DIRECTION ( 'NONE',  ( 0.000000000000000000, 0.000000000000000000, -1.000000000000000000 ) ) ;
#3536 = CARTESIAN_POINT ( 'NONE',  ( 22.75528487927549648, 25.18327925530833511, -18.17703062998904784 ) ) ;
#3537 = AXIS2_PLACEMENT_3D ( 'NONE', #1537, #5444, #6129 ) ;
#3538 = DIRECTION ( 'NONE',  ( -0.000000000000000000, -0.000000000000000000, 1.000000000000000000 ) ) ;
#3539 = DIRECTION ( 'NONE',  ( 0.000000000000000000, 0.000000000000000000, -1.000000000000000000 ) ) ;
#3540 = CYLINDRICAL_SURFACE ( 'NONE', #2211, 1.500000000000001332 ) ;
#3541 = ORIENTED_EDGE ( 'NONE', *, *, #4635, .F. ) ;
#3542 = CIRCLE ( 'NONE', #8640, 1.399999999999998579 ) ;
#3543 = ORIENTED_EDGE ( 'NONE', *, *, #7394, .F. ) ;
#3544 = EDGE_CURVE ( 'NONE', #5218, #5615, #8073, .T. ) ;
#3545 = DIRECTION ( 'NONE',  ( -1.000000000000000000, 0.000000000000000000, -9.257989608163444543E-14 ) ) ;
#3546 = EDGE_CURVE ( 'NONE', #757, #6581, #1052, .T. ) ;
#3547 = CARTESIAN_POINT ( 'NONE',  ( 1.455461616493377353, 54.90215629057480129, 1.560523292217013136 ) ) ;
#3548 = CARTESIAN_POINT ( 'NONE',  ( 4.705025253169598187, 0.000000000000000000, -25.29497474683057945 ) ) ;
#3549 = ORIENTED_EDGE ( 'NONE', *, *, #5054, .T. ) ;
#3550 = B_SPLINE_CURVE_WITH_KNOTS ( 'NONE', 3,
 ( #9517, #4372, #8871, #2872, #4976, #5878, #386, #6530, #5728, #2674, #7412, #2026, #5933, #8015, #8922, #1881, #2080, #7371, #8166, #536, #7966, #5083, #3525, #1130, #488, #1934, #1981, #8117, #5779, #9668, #5030, #1285, #1178, #4224, #3421, #6627, #9623, #8063, #6476, #7267, #1229, #2773, #2920, #1706, #6154, #3999, #3242, #6952, #3947, #5982, #3144, #902, #167, #6204, #6252, #9015, #71, #7002, #855, #3097, #5510, #3675, #6905, #9247, #8496, #3195, #2172, #3900, #9295, #7515, #2355, #1659, #117, #7795, #2407, #5228, #9196, #2454 ),
 .UNSPECIFIED., .F., .F.,
 ( 4, 2, 2, 1, 1, 1, 2, 2, 2, 1, 1, 1, 2, 2, 2, 1, 1, 1, 1, 2, 2, 2, 1, 1, 1, 2, 2, 2, 1, 1, 1, 2, 2, 2, 1, 1, 1, 2, 2, 2, 1, 1, 1, 2, 2, 2, 1, 1, 2, 2, 4 ),
 ( 0.000000000000000000, 0.03124999999999125699, 0.04687499999998673977, 0.05468749999998448463, 0.05859374999998344380, 0.06054687499998291644, 0.06152343749998259725, 0.06249999999998228500, 0.09374999999997780942, 0.1093749999999756584, 0.1171874999999745065, 0.1210937499999739236, 0.1230468749999737987, 0.1249999999999736877, 0.1874999999999713007, 0.2187499999999699407, 0.2343749999999694411, 0.2421874999999692191, 0.2460937499999693856, 0.2480468749999694134, 0.2499999999999694134, 0.3124999999999679701, 0.3437499999999670264, 0.3593749999999665823, 0.3671874999999660827, 0.3710937499999660272, 0.3749999999999659162, 0.4374999999999685252, 0.4687499999999699130, 0.4843749999999706901, 0.4921874999999709677, 0.4960937499999715228, 0.4999999999999720224, 0.5624999999999740208, 0.5937499999999751310, 0.6093749999999755751, 0.6171874999999760192, 0.6210937499999761302, 0.6249999999999762412, 0.6874999999999816813, 0.7187499999999844569, 0.7343749999999863443, 0.7421874999999873435, 0.7460937499999877875, 0.7499999999999882316, 0.8124999999999916733, 0.8437499999999935607, 0.8593749999999936717, 0.8671874999999938938, 0.8749999999999940048, 1.000000000000000000 ),
 .UNSPECIFIED. ) ;
#3551 = ORIENTED_EDGE ( 'NONE', *, *, #5923, .F. ) ;
#3552 = EDGE_CURVE ( 'NONE', #40, #7312, #6015, .T. ) ;
#3553 = EDGE_CURVE ( 'NONE', #6213, #65, #654, .T. ) ;
#3554 = ORIENTED_EDGE ( 'NONE', *, *, #6276, .T. ) ;
#3555 = VECTOR ( 'NONE', #6767, 1000.000000000000000 ) ;
#3556 = VERTEX_POINT ( 'NONE', #800 ) ;
#3557 = DIRECTION ( 'NONE',  ( 0.000000000000000000, 1.000000000000000000, 0.000000000000000000 ) ) ;
#3558 = DIRECTION ( 'NONE',  ( 1.000000000000000000, 0.000000000000000000, 1.652117596168387263E-16 ) ) ;
#3559 = DIRECTION ( 'NONE',  ( 1.000000000000000000, -0.000000000000000000, -0.000000000000000000 ) ) ;
#3560 = ORIENTED_EDGE ( 'NONE', *, *, #7596, .T. ) ;
#3561 = DIRECTION ( 'NONE',  ( -1.000000000000000000, 0.000000000000000000, 0.000000000000000000 ) ) ;
#3562 = CYLINDRICAL_SURFACE ( 'NONE', #9286, 1.399999999999998579 ) ;
#3563 = ORIENTED_EDGE ( 'NONE', *, *, #1001, .T. ) ;
#3564 = CARTESIAN_POINT ( 'NONE',  ( 21.40710678118649568, 60.00000000000000000, -10.28994949366116529 ) ) ;
#3565 = ORIENTED_EDGE ( 'NONE', *, *, #9272, .T. ) ;
#3566 = EDGE_CURVE ( 'NONE', #2105, #9067, #748, .T. ) ;
#3567 = ORIENTED_EDGE ( 'NONE', *, *, #232, .T. ) ;
#3568 = DIRECTION ( 'NONE',  ( 0.000000000000000000, 0.000000000000000000, 1.000000000000000000 ) ) ;
#3569 = CARTESIAN_POINT ( 'NONE',  ( 13.99999999999999822, 52.00000000000000711, -30.00000000000000000 ) ) ;
#3570 = CARTESIAN_POINT ( 'NONE',  ( 28.50000000000001066, 26.00000000000000355, -33.00000000000000000 ) ) ;
#3571 = DIRECTION ( 'NONE',  ( 0.000000000000000000, 1.000000000000000000, 0.000000000000000000 ) ) ;
#3572 = CARTESIAN_POINT ( 'NONE',  ( 4.999999999999998224, 60.00000000000000000, -4.999999999999998224 ) ) ;
#3573 = CARTESIAN_POINT ( 'NONE',  ( 7.300000000000174794, 0.000000000000000000, -19.71005050633883826 ) ) ;
#3574 = CARTESIAN_POINT ( 'NONE',  ( 22.00000000000000000, 49.00000000000000000, -56.99999999999999289 ) ) ;
#3575 = ORIENTED_EDGE ( 'NONE', *, *, #2214, .T. ) ;
#3576 = CARTESIAN_POINT ( 'NONE',  ( 20.60000000000000142, 4.000000000000000000, -18.90294372515227650 ) ) ;
#3577 = FACE_OUTER_BOUND ( 'NONE', #3725, .T. ) ;
#3578 = ORIENTED_EDGE ( 'NONE', *, *, #8533, .T. ) ;
#3579 = EDGE_CURVE ( 'NONE', #7695, #2149, #7903, .T. ) ;
#3580 = ORIENTED_EDGE ( 'NONE', *, *, #5120, .T. ) ;
#3581 = FACE_OUTER_BOUND ( 'NONE', #504, .T. ) ;
#3582 = CARTESIAN_POINT ( 'NONE',  ( 32.00000000000000000, 45.65000000000000568, 23.49999999999998579 ) ) ;
#3583 = DIRECTION ( 'NONE',  ( -1.341737624371510395E-15, 0.000000000000000000, -1.000000000000000000 ) ) ;
#3584 = EDGE_CURVE ( 'NONE', #9108, #2956, #2065, .T. ) ;
#3585 = CARTESIAN_POINT ( 'NONE',  ( 15.00000000000000000, 70.00000000000000000, -15.00000000000000355 ) ) ;
#3586 = CARTESIAN_POINT ( 'NONE',  ( 7.300000000000169464, 25.21243556529831409, -59.00000000000000000 ) ) ;
#3587 = CARTESIAN_POINT ( 'NONE',  ( 11.51715728752552792, 17.21243556529818619, -7.299999999999952749 ) ) ;
#3588 = VECTOR ( 'NONE', #8022, 1000.000000000000000 ) ;
#3589 = ADVANCED_FACE ( 'NONE', ( #9616 ), #9566, .F. ) ;
#3590 = EDGE_CURVE ( 'NONE', #6969, #3155, #6373, .T. ) ;
#3591 = ORIENTED_EDGE ( 'NONE', *, *, #1838, .T. ) ;
#3592 = ORIENTED_EDGE ( 'NONE', *, *, #6585, .T. ) ;
#3593 = AXIS2_PLACEMENT_3D ( 'NONE', #3873, #3774, #6922 ) ;
#3594 = DIRECTION ( 'NONE',  ( 1.000000000000000000, 0.000000000000000000, -0.000000000000000000 ) ) ;
#3595 = CARTESIAN_POINT ( 'NONE',  ( 0.1027671584246440950, 52.69360790422852148, 4.047559133784806029 ) ) ;
#3596 = CARTESIAN_POINT ( 'NONE',  ( 9.871832898807653578, 40.59144207717351804, -18.43111082634482045 ) ) ;
#3597 = ORIENTED_EDGE ( 'NONE', *, *, #4874, .F. ) ;
#3598 = VECTOR ( 'NONE', #6320, 1000.000000000000000 ) ;
#3599 = ORIENTED_EDGE ( 'NONE', *, *, #9592, .T. ) ;
#3600 = ORIENTED_EDGE ( 'NONE', *, *, #8190, .T. ) ;
#3601 =( BOUNDED_CURVE ( )  B_SPLINE_CURVE ( 3, ( #2892, #1506, #1402, #4446 ),
 .UNSPECIFIED., .F., .F. ) 
 B_SPLINE_CURVE_WITH_KNOTS ( ( 4, 4 ),
 ( 2.008096404397985868, 3.141592653589793116 ),
 .UNSPECIFIED. ) 
 CURVE ( )  GEOMETRIC_REPRESENTATION_ITEM ( )  RATIONAL_B_SPLINE_CURVE ( ( 1.000000000000000000, 0.8957675578916758363, 0.8957675578916758363, 1.000000000000000000 ) ) 
 REPRESENTATION_ITEM ( '' )  );
#3602 = ORIENTED_EDGE ( 'NONE', *, *, #2206, .F. ) ;
#3603 = DIRECTION ( 'NONE',  ( -0.000000000000000000, -1.000000000000000000, -0.000000000000000000 ) ) ;
#3604 = CARTESIAN_POINT ( 'NONE',  ( 30.00000000000000000, 16.00000000000000000, -23.39999999999999503 ) ) ;
#3605 = ORIENTED_EDGE ( 'NONE', *, *, #2361, .F. ) ;
#3606 = CARTESIAN_POINT ( 'NONE',  ( 8.592893218813633993, 60.00000000000000000, -19.71005050633883826 ) ) ;
#3607 = DIRECTION ( 'NONE',  ( 0.7071067811865479058, -0.000000000000000000, 0.7071067811865470176 ) ) ;
#3608 = AXIS2_PLACEMENT_3D ( 'NONE', #335, #2668, #2572 ) ;
#3609 = CARTESIAN_POINT ( 'NONE',  ( 19.99999999999999645, 32.00000000000000000, -57.99999999999999289 ) ) ;
#3610 = CARTESIAN_POINT ( 'NONE',  ( 12.00869767283500167, 41.26787350671171595, -7.116081998813545972 ) ) ;
#3611 = B_SPLINE_CURVE_WITH_KNOTS ( 'NONE', 3,
 ( #8706, #376, #7449, #622 ),
 .UNSPECIFIED., .F., .F.,
 ( 4, 4 ),
 ( 0.000000000000000000, 1.000000000000000000 ),
 .UNSPECIFIED. ) ;
#3612 = DIRECTION ( 'NONE',  ( 1.000000000000000000, 0.000000000000000000, 0.000000000000000000 ) ) ;
#3613 = EDGE_LOOP ( 'NONE', ( #3629, #5813, #5781, #2893, #185, #6733 ) ) ;
#3614 = CIRCLE ( 'NONE', #7761, 1.399999999999998579 ) ;
#3615 = VERTEX_POINT ( 'NONE', #7114 ) ;
#3616 = CARTESIAN_POINT ( 'NONE',  ( 6.599999999999996980, 4.000000000000000000, -17.78284271247457227 ) ) ;
#3617 = DIRECTION ( 'NONE',  ( 1.000000000000000000, -0.000000000000000000, -0.000000000000000000 ) ) ;
#3618 = CARTESIAN_POINT ( 'NONE',  ( 1.499999999999997780, 55.43947368421052602, 1.197686559409050444 ) ) ;
#3619 = CARTESIAN_POINT ( 'NONE',  ( 0.000000000000000000, 45.65000000000000568, -1.500000000000001332 ) ) ;
#3620 = CARTESIAN_POINT ( 'NONE',  ( 8.592893218813628664, 2.731742285225587707, -10.28994949366115996 ) ) ;
#3621 = CARTESIAN_POINT ( 'NONE',  ( 19.20328457960573232, 37.03135154185272171, -9.099659145546540984 ) ) ;
#3622 = EDGE_CURVE ( 'NONE', #7889, #2053, #2718, .T. ) ;
#3623 = CARTESIAN_POINT ( 'NONE',  ( 28.49999999999999645, 60.00000000000000000, 0.000000000000000000 ) ) ;
#3624 = AXIS2_PLACEMENT_3D ( 'NONE', #8335, #7537, #8380 ) ;
#3625 = ORIENTED_EDGE ( 'NONE', *, *, #9312, .F. ) ;
#3626 = CARTESIAN_POINT ( 'NONE',  ( 20.03757671534106066, 49.00000000000000000, -32.74093090049634469 ) ) ;
#3627 = DIRECTION ( 'NONE',  ( 0.000000000000000000, 0.000000000000000000, -1.000000000000000000 ) ) ;
#3628 = ORIENTED_EDGE ( 'NONE', *, *, #7682, .T. ) ;
#3629 = ORIENTED_EDGE ( 'NONE', *, *, #3590, .F. ) ;
#3630 = VECTOR ( 'NONE', #6130, 1000.000000000000000 ) ;
#3631 = CARTESIAN_POINT ( 'NONE',  ( 9.099659145546636907, 2.968648458147435942, -19.20328457960583179 ) ) ;
#3632 = PLANE ( 'NONE',  #1438 ) ;
#3633 = CARTESIAN_POINT ( 'NONE',  ( 22.00000000000000000, 4.000000000000000000, -10.28994949366116707 ) ) ;
#3634 = DIRECTION ( 'NONE',  ( 0.000000000000000000, 0.000000000000000000, -1.000000000000000000 ) ) ;
#3635 = LINE ( 'NONE', #3586, #1408 ) ;
#3636 = CIRCLE ( 'NONE', #6353, 2.000000000000001776 ) ;
#3637 = EDGE_CURVE ( 'NONE', #1856, #7438, #5773, .T. ) ;
#3638 = CARTESIAN_POINT ( 'NONE',  ( 18.25092803060550750, 45.01889662711080575, -22.72806469448438094 ) ) ;
#3639 = VERTEX_POINT ( 'NONE', #7165 ) ;
#3640 = ORIENTED_EDGE ( 'NONE', *, *, #8034, .F. ) ;
#3641 = ADVANCED_FACE ( 'NONE', ( #4168 ), #5624, .F. ) ;
#3642 = AXIS2_PLACEMENT_3D ( 'NONE', #1378, #1288, #2875 ) ;
#3643 = AXIS2_PLACEMENT_3D ( 'NONE', #4677, #742, #1594 ) ;
#3644 = LINE ( 'NONE', #1195, #9682 ) ;
#3645 = EDGE_CURVE ( 'NONE', #2243, #6811, #1793, .T. ) ;
#3646 = CARTESIAN_POINT ( 'NONE',  ( 1.080594679993349239, 53.84127880046406744, 2.498850106476310451 ) ) ;
#3647 = LINE ( 'NONE', #2299, #5711 ) ;
#3648 = VERTEX_POINT ( 'NONE', #3517 ) ;
#3649 = B_SPLINE_CURVE_WITH_KNOTS ( 'NONE', 3,
 ( #4812, #8509, #1672, #4711, #7759, #3965, #182, #2037, #6692, #6640, #4383, #2783 ),
 .UNSPECIFIED., .F., .F.,
 ( 4, 2, 2, 2, 2, 4 ),
 ( 0.005475777389517952863, 0.005932063654698198005, 0.006160206787288315805, 0.006388349919878433605, 0.006844636185058667471, 0.007300922450238901337 ),
 .UNSPECIFIED. ) ;
#3650 = VECTOR ( 'NONE', #3410, 1000.000000000000000 ) ;
#3651 = CIRCLE ( 'NONE', #4917, 1.500000000000001332 ) ;
#3652 = ORIENTED_EDGE ( 'NONE', *, *, #5806, .F. ) ;
#3653 = ORIENTED_EDGE ( 'NONE', *, *, #6316, .F. ) ;
#3654 = EDGE_LOOP ( 'NONE', ( #3360, #6907, #3447, #366 ) ) ;
#3655 = CYLINDRICAL_SURFACE ( 'NONE', #2821, 0.7000000000000027311 ) ;
#3656 = VERTEX_POINT ( 'NONE', #3464 ) ;
#3657 = DIRECTION ( 'NONE',  ( 1.000000000000000000, 0.000000000000000000, 0.000000000000000000 ) ) ;
#3658 = VECTOR ( 'NONE', #5811, 1000.000000000000000 ) ;
#3659 = CARTESIAN_POINT ( 'NONE',  ( 25.29497474683051905, 16.00000000000000000, -21.99999999999999645 ) ) ;
#3660 = CIRCLE ( 'NONE', #3969, 1.399999999999998579 ) ;
#3661 = CARTESIAN_POINT ( 'NONE',  ( 7.300000000000174794, 60.00000000000000000, -18.48284271247463195 ) ) ;
#3662 = CARTESIAN_POINT ( 'NONE',  ( 19.99999999999999645, 32.00000000000000000, -56.49999999999999289 ) ) ;
#3663 = CARTESIAN_POINT ( 'NONE',  ( 19.99999999999999645, 32.00000000000000000, -56.49999999999999289 ) ) ;
#3664 = ORIENTED_EDGE ( 'NONE', *, *, #1743, .T. ) ;
#3665 = VECTOR ( 'NONE', #5487, 1000.000000000000000 ) ;
#3666 = ORIENTED_EDGE ( 'NONE', *, *, #3691, .F. ) ;
#3667 = DIRECTION ( 'NONE',  ( 0.000000000000000000, -0.000000000000000000, 1.000000000000000000 ) ) ;
#3668 = DIRECTION ( 'NONE',  ( -0.000000000000000000, -1.000000000000000000, -0.000000000000000000 ) ) ;
#3669 = FACE_OUTER_BOUND ( 'NONE', #8693, .T. ) ;
#3670 = PLANE ( 'NONE',  #4995 ) ;
#3671 = CARTESIAN_POINT ( 'NONE',  ( 7.999999999999998224, 24.00000000000000000, -59.00000000000000000 ) ) ;
#3672 = DIRECTION ( 'NONE',  ( -1.000000000000000000, -0.000000000000000000, -0.000000000000000000 ) ) ;
#3673 = CARTESIAN_POINT ( 'NONE',  ( 18.48284271247198873, 17.21243556530020413, -22.69999999999913243 ) ) ;
#3674 = VECTOR ( 'NONE', #9258, 1000.000000000000000 ) ;
#3675 = CARTESIAN_POINT ( 'NONE',  ( -0.4072738911442275733, 53.13926563193226826, 1.878574310636015321 ) ) ;
#3676 = ORIENTED_EDGE ( 'NONE', *, *, #8091, .F. ) ;
#3677 = DIRECTION ( 'NONE',  ( 0.000000000000000000, 0.000000000000000000, -1.000000000000000000 ) ) ;
#3678 = CYLINDRICAL_SURFACE ( 'NONE', #2685, 1.400000000000000133 ) ;
#3679 = ORIENTED_EDGE ( 'NONE', *, *, #5, .F. ) ;
#3680 = ADVANCED_FACE ( 'NONE', ( #428 ), #9412, .F. ) ;
#3681 = VECTOR ( 'NONE', #5222, 1000.000000000000000 ) ;
#3682 = ORIENTED_EDGE ( 'NONE', *, *, #1693, .T. ) ;
#3683 = FACE_OUTER_BOUND ( 'NONE', #5495, .T. ) ;
#3684 = DIRECTION ( 'NONE',  ( 0.000000000000000000, 0.000000000000000000, -1.000000000000000000 ) ) ;
#3685 = FACE_OUTER_BOUND ( 'NONE', #4954, .T. ) ;
#3686 = DIRECTION ( 'NONE',  ( 0.000000000000000000, 0.000000000000000000, -1.000000000000000000 ) ) ;
#3687 = LINE ( 'NONE', #5243, #8927 ) ;
#3688 = CARTESIAN_POINT ( 'NONE',  ( 6.721866218463864229, 24.59095640657488602, -12.20817980467238151 ) ) ;
#3689 = DIRECTION ( 'NONE',  ( -0.000000000000000000, -1.000000000000000000, -0.000000000000000000 ) ) ;
#3690 = ORIENTED_EDGE ( 'NONE', *, *, #5364, .T. ) ;
#3691 = EDGE_CURVE ( 'NONE', #6982, #6355, #7752, .T. ) ;
#3692 = ORIENTED_EDGE ( 'NONE', *, *, #1257, .T. ) ;
#3693 = VECTOR ( 'NONE', #6232, 1000.000000000000000 ) ;
#3694 = DIRECTION ( 'NONE',  ( -1.000000000000000000, 0.000000000000000000, 0.000000000000000000 ) ) ;
#3695 = DIRECTION ( 'NONE',  ( 1.000000000000000000, 0.000000000000000000, 0.000000000000000000 ) ) ;
#3696 = CARTESIAN_POINT ( 'NONE',  ( 1.141807599478749768, 53.95491837493599263, 2.380270204884071372 ) ) ;
#3697 = CARTESIAN_POINT ( 'NONE',  ( 11.51715728752552970, 41.09162458354359870, -7.299999999999952749 ) ) ;
#3698 = ORIENTED_EDGE ( 'NONE', *, *, #2907, .F. ) ;
#3699 = CIRCLE ( 'NONE', #7049, 1.399999999999998579 ) ;
#3700 = ORIENTED_EDGE ( 'NONE', *, *, #2562, .T. ) ;
#3701 = ORIENTED_EDGE ( 'NONE', *, *, #2070, .T. ) ;
#3702 = EDGE_CURVE ( 'NONE', #9575, #2105, #8548, .T. ) ;
#3703 = DIRECTION ( 'NONE',  ( -0.000000000000000000, 1.000000000000000000, -0.000000000000000000 ) ) ;
#3704 = ORIENTED_EDGE ( 'NONE', *, *, #8589, .T. ) ;
#3705 = CARTESIAN_POINT ( 'NONE',  ( 30.00000000000000000, 60.00000000000000000, 0.000000000000000000 ) ) ;
#3706 = AXIS2_PLACEMENT_3D ( 'NONE', #1176, #7265, #3469 ) ;
#3707 = CARTESIAN_POINT ( 'NONE',  ( 21.40710678118649568, 25.26825771477447091, -10.28994949366116529 ) ) ;
#3708 = LINE ( 'NONE', #5918, #8330 ) ;
#3709 = DIRECTION ( 'NONE',  ( -0.000000000000000000, -0.000000000000000000, 1.000000000000000000 ) ) ;
#3710 = CYLINDRICAL_SURFACE ( 'NONE', #6691, 1.500000000000046407 ) ;
#3711 = ORIENTED_EDGE ( 'NONE', *, *, #9581, .T. ) ;
#3712 = EDGE_CURVE ( 'NONE', #9862, #7762, #9463, .T. ) ;
#3713 = AXIS2_PLACEMENT_3D ( 'NONE', #5331, #2121, #6023 ) ;
#3714 = ORIENTED_EDGE ( 'NONE', *, *, #5189, .T. ) ;
#3715 = CARTESIAN_POINT ( 'NONE',  ( 0.000000000000000000, 51.64999999999999858, 0.000000000000000000 ) ) ;
#3716 = DIRECTION ( 'NONE',  ( 0.000000000000000000, 0.000000000000000000, 1.000000000000000000 ) ) ;
#3717 = DIRECTION ( 'NONE',  ( -0.000000000000000000, -1.000000000000000000, -0.000000000000000000 ) ) ;
#3718 = DIRECTION ( 'NONE',  ( 0.000000000000000000, 0.000000000000000000, -1.000000000000000000 ) ) ;
#3719 = CARTESIAN_POINT ( 'NONE',  ( 15.00000000000000000, 60.00000000000000000, -15.00000000000000355 ) ) ;
#3720 = CARTESIAN_POINT ( 'NONE',  ( 6.928313270737646690, 3.096181576168639094, -12.13729150727298034 ) ) ;
#3721 = CARTESIAN_POINT ( 'NONE',  ( 28.50000000000001066, 52.00000000000000711, -30.00000000000000000 ) ) ;
#3722 = EDGE_LOOP ( 'NONE', ( #4104, #7 ) ) ;
#3723 = PLANE ( 'NONE',  #9724 ) ;
#3724 = LINE ( 'NONE', #8121, #9542 ) ;
#3725 = EDGE_LOOP ( 'NONE', ( #974, #8894, #5645, #2950 ) ) ;
#3726 = EDGE_CURVE ( 'NONE', #1629, #5434, #8712, .T. ) ;
#3727 = ORIENTED_EDGE ( 'NONE', *, *, #1499, .T. ) ;
#3728 = CARTESIAN_POINT ( 'NONE',  ( 32.00000000000000000, 51.64999999999999858, 54.49999999999998579 ) ) ;
#3729 = CARTESIAN_POINT ( 'NONE',  ( 22.69999999999994955, 60.00000000000000000, -19.71005050633884181 ) ) ;
#3730 = CARTESIAN_POINT ( 'NONE',  ( 19.50000000000017053, 46.22502268604427655, -12.19705627484766630 ) ) ;
#3731 = CARTESIAN_POINT ( 'NONE',  ( 1.000000000000004663, 45.65000000000000568, 21.99999999999998579 ) ) ;
#3732 = ORIENTED_EDGE ( 'NONE', *, *, #5946, .F. ) ;
#3733 = DIRECTION ( 'NONE',  ( -0.7071067811865441310, 0.000000000000000000, -0.7071067811865507924 ) ) ;
#3734 = CYLINDRICAL_SURFACE ( 'NONE', #3643, 1.399999999999998579 ) ;
#3735 = CARTESIAN_POINT ( 'NONE',  ( 18.48284271247456090, 45.22796722212303422, -22.69999999999998863 ) ) ;
#3736 = VERTEX_POINT ( 'NONE', #3415 ) ;
#3737 = ORIENTED_EDGE ( 'NONE', *, *, #7683, .F. ) ;
#3738 = CARTESIAN_POINT ( 'NONE',  ( 25.29497474683052261, 60.00000000000000000, -19.38786796564398074 ) ) ;
#3739 = CARTESIAN_POINT ( 'NONE',  ( 23.27813378153613755, 3.409043593425133523, -17.79182019532754921 ) ) ;
#3740 = CARTESIAN_POINT ( 'NONE',  ( 6.625243008437319503, 24.30467826185406821, -17.78161599332536724 ) ) ;
#3741 = EDGE_CURVE ( 'NONE', #8369, #1608, #1070, .T. ) ;
#3742 = CARTESIAN_POINT ( 'NONE',  ( -1.453614748626500752, 51.88076210015476875, 6.092347294089618615 ) ) ;
#3743 = CARTESIAN_POINT ( 'NONE',  ( 5.368576346218604023, 40.00000000000000000, -11.27568312740493894 ) ) ;
#3744 = ORIENTED_EDGE ( 'NONE', *, *, #4932, .F. ) ;
#3745 = ORIENTED_EDGE ( 'NONE', *, *, #4186, .T. ) ;
#3746 = ORIENTED_EDGE ( 'NONE', *, *, #4764, .F. ) ;
#3747 = AXIS2_PLACEMENT_3D ( 'NONE', #1943, #4881, #5144 ) ;
#3748 = LINE ( 'NONE', #810, #8237 ) ;
#3749 = ORIENTED_EDGE ( 'NONE', *, *, #883, .F. ) ;
#3750 = PLANE ( 'NONE',  #7747 ) ;
#3751 = DIRECTION ( 'NONE',  ( 1.000000000000000000, -0.000000000000000000, -0.000000000000000000 ) ) ;
#3752 = CARTESIAN_POINT ( 'NONE',  ( 28.55819841056882069, 54.81281182981597766, 1.625280619630224077 ) ) ;
#3753 = VECTOR ( 'NONE', #3519, 1000.000000000000000 ) ;
#3754 = EDGE_CURVE ( 'NONE', #7493, #4048, #1704, .T. ) ;
#3755 = CARTESIAN_POINT ( 'NONE',  ( 11.82189949490631342, 17.18374338678323809, -22.75461693721832290 ) ) ;
#3756 = ORIENTED_EDGE ( 'NONE', *, *, #4852, .F. ) ;
#3757 = ORIENTED_EDGE ( 'NONE', *, *, #2512, .F. ) ;
#3758 = CARTESIAN_POINT ( 'NONE',  ( 22.00000000000000000, 24.00000000000000000, -4.705025253169417887 ) ) ;
#3759 = AXIS2_PLACEMENT_3D ( 'NONE', #7558, #724, #3763 ) ;
#3760 = APPLICATION_PROTOCOL_DEFINITION ( 'draft international standard', 'automotive_design', 1998, #5499 ) ;
#3761 = CARTESIAN_POINT ( 'NONE',  ( 4.705025253169599964, 16.00000000000000000, -21.99999999999999645 ) ) ;
#3762 = CARTESIAN_POINT ( 'NONE',  ( 30.00000000000000000, 54.65000000000000568, -2.999999999999996447 ) ) ;
#3763 = DIRECTION ( 'NONE',  ( 0.000000000000000000, 0.000000000000000000, -1.000000000000000000 ) ) ;
#3764 = CARTESIAN_POINT ( 'NONE',  ( 19.71005050633881339, 46.44956037241001212, -8.592893218813411949 ) ) ;
#3765 = FACE_OUTER_BOUND ( 'NONE', #3613, .T. ) ;
#3766 = ADVANCED_FACE ( 'NONE', ( #5223 ), #9766, .F. ) ;
#3767 = EDGE_CURVE ( 'NONE', #5218, #4854, #7364, .T. ) ;
#3768 = ORIENTED_EDGE ( 'NONE', *, *, #5421, .T. ) ;
#3769 = CARTESIAN_POINT ( 'NONE',  ( 30.00000000000006040, 60.00000000000000711, -14.99999999999989342 ) ) ;
#3770 = DIRECTION ( 'NONE',  ( -0.7071067811865474617, 0.000000000000000000, 0.7071067811865474617 ) ) ;
#3771 = CIRCLE ( 'NONE', #1698, 2.000000000000001776 ) ;
#3772 = ORIENTED_EDGE ( 'NONE', *, *, #8522, .F. ) ;
#3773 = ORIENTED_EDGE ( 'NONE', *, *, #9667, .T. ) ;
#3774 = DIRECTION ( 'NONE',  ( -1.000000000000000000, 0.000000000000000000, 0.000000000000000000 ) ) ;
#3775 = DIRECTION ( 'NONE',  ( 0.000000000000000000, 0.000000000000000000, 1.000000000000000000 ) ) ;
#3776 = VECTOR ( 'NONE', #7351, 1000.000000000000000 ) ;
#3777 = DIRECTION ( 'NONE',  ( -1.000000000000000000, 0.000000000000000000, 0.000000000000000000 ) ) ;
#3778 = CARTESIAN_POINT ( 'NONE',  ( 22.00000000000000000, 29.00000000000000000, -30.00000000000000355 ) ) ;
#3779 = EDGE_CURVE ( 'NONE', #9652, #8794, #6170, .T. ) ;
#3780 = VERTEX_POINT ( 'NONE', #1474 ) ;
#3781 = CARTESIAN_POINT ( 'NONE',  ( 17.98786796564402124, 44.79094724491371693, -6.105025253169378274 ) ) ;
#3782 =( BOUNDED_CURVE ( )  B_SPLINE_CURVE ( 3, ( #7400, #666, #2061, #6564 ),
 .UNSPECIFIED., .F., .T. ) 
 B_SPLINE_CURVE_WITH_KNOTS ( ( 4, 4 ),
 ( 5.149689057987607121, 6.283185307179586232 ),
 .UNSPECIFIED. ) 
 CURVE ( )  GEOMETRIC_REPRESENTATION_ITEM ( )  RATIONAL_B_SPLINE_CURVE ( ( 1.000000000000000000, 0.8957675578916451942, 0.8957675578916451942, 1.000000000000000000 ) ) 
 REPRESENTATION_ITEM ( '' )  );
#3783 = DIRECTION ( 'NONE',  ( 0.000000000000000000, -1.000000000000000000, 0.000000000000000000 ) ) ;
#3784 = DIRECTION ( 'NONE',  ( 0.000000000000000000, 0.000000000000000000, -1.000000000000000000 ) ) ;
#3785 = AXIS2_PLACEMENT_3D ( 'NONE', #9843, #67, #760 ) ;
#3786 = ORIENTED_EDGE ( 'NONE', *, *, #1509, .F. ) ;
#3787 = ORIENTED_EDGE ( 'NONE', *, *, #4587, .F. ) ;
#3788 = CARTESIAN_POINT ( 'NONE',  ( 19.71005050633881339, 0.000000000000000000, -8.592893218813411949 ) ) ;
#3789 = DIRECTION ( 'NONE',  ( 0.000000000000000000, 0.000000000000000000, -1.000000000000000000 ) ) ;
#3790 = LINE ( 'NONE', #3037, #3493 ) ;
#3791 = CARTESIAN_POINT ( 'NONE',  ( 30.50000000000000355, 45.65000000000000568, 55.99999999999998579 ) ) ;
#3792 = VECTOR ( 'NONE', #6177, 1000.000000000000000 ) ;
#3793 = CARTESIAN_POINT ( 'NONE',  ( -1.256921527240537406, 51.94502042175572853, 5.844724884068076776 ) ) ;
#3794 = CARTESIAN_POINT ( 'NONE',  ( 7.072720925184913021, 22.94899934570234024, -12.03692773866444199 ) ) ;
#3795 = ORIENTED_EDGE ( 'NONE', *, *, #4544, .F. ) ;
#3796 = ORIENTED_EDGE ( 'NONE', *, *, #5694, .F. ) ;
#3797 = AXIS2_PLACEMENT_3D ( 'NONE', #7030, #7914, #4675 ) ;
#3798 = VERTEX_POINT ( 'NONE', #529 ) ;
#3799 = AXIS2_PLACEMENT_3D ( 'NONE', #9593, #8139, #3494 ) ;
#3800 = EDGE_CURVE ( 'NONE', #6749, #8635, #901, .T. ) ;
#3801 = CARTESIAN_POINT ( 'NONE',  ( 22.00000000000000000, 32.00000000000000711, -41.49999999999999289 ) ) ;
#3802 = VERTEX_POINT ( 'NONE', #2816 ) ;
#3803 = DIRECTION ( 'NONE',  ( 0.000000000000000000, 0.000000000000000000, 1.000000000000000000 ) ) ;
#3804 = CARTESIAN_POINT ( 'NONE',  ( 14.99999999999987566, 60.00000000000000711, 1.500000000000031530 ) ) ;
#3805 = CIRCLE ( 'NONE', #1254, 1.500000000000001332 ) ;
#3806 = VECTOR ( 'NONE', #4663, 1000.000000000000000 ) ;
#3807 = CARTESIAN_POINT ( 'NONE',  ( 32.15267834543218584, 51.77085428655529853, 6.143528329421328316 ) ) ;
#3808 = ORIENTED_EDGE ( 'NONE', *, *, #4195, .T. ) ;
#3809 = ADVANCED_FACE ( 'NONE', ( #4466 ), #9713, .T. ) ;
#3810 = AXIS2_PLACEMENT_3D ( 'NONE', #9264, #1673, #2468 ) ;
#3811 = ORIENTED_EDGE ( 'NONE', *, *, #229, .F. ) ;
#3812 = FACE_BOUND ( 'NONE', #3100, .T. ) ;
#3813 = AXIS2_PLACEMENT_3D ( 'NONE', #9678, #7423, #5840 ) ;
#3814 = CARTESIAN_POINT ( 'NONE',  ( 1.000000000000004663, 45.65000000000000568, 23.49999999999998579 ) ) ;
#3815 = LINE ( 'NONE', #5975, #6908 ) ;
#3816 = CYLINDRICAL_SURFACE ( 'NONE', #5370, 1.399999999999998579 ) ;
#3817 = ADVANCED_FACE ( 'NONE', ( #9057 ), #6813, .F. ) ;
#3818 = FACE_OUTER_BOUND ( 'NONE', #2096, .T. ) ;
#3819 = LINE ( 'NONE', #680, #2587 ) ;
#3820 = ORIENTED_EDGE ( 'NONE', *, *, #277, .T. ) ;
#3821 = DIRECTION ( 'NONE',  ( 1.000000000000000000, 0.000000000000000000, 0.000000000000000000 ) ) ;
#3822 = AXIS2_PLACEMENT_3D ( 'NONE', #843, #5356, #5307 ) ;
#3823 = DIRECTION ( 'NONE',  ( 1.000000000000000000, 0.000000000000000000, 0.000000000000000000 ) ) ;
#3824 = ORIENTED_EDGE ( 'NONE', *, *, #1670, .T. ) ;
#3825 = ADVANCED_FACE ( 'NONE', ( #8917 ), #4515, .F. ) ;
#3826 = EDGE_CURVE ( 'NONE', #2956, #8191, #5130, .T. ) ;
#3827 = EDGE_CURVE ( 'NONE', #920, #6743, #2177, .T. ) ;
#3828 = ORIENTED_EDGE ( 'NONE', *, *, #2605, .F. ) ;
#3829 = LINE ( 'NONE', #9268, #4064 ) ;
#3830 = AXIS2_PLACEMENT_3D ( 'NONE', #9220, #6735, #9173 ) ;
#3831 = SURFACE_STYLE_FILL_AREA ( #8472 ) ;
#3832 = DIRECTION ( 'NONE',  ( -0.000000000000000000, -1.000000000000000000, -0.000000000000000000 ) ) ;
#3833 = DIRECTION ( 'NONE',  ( 0.000000000000000000, 1.000000000000000000, 0.000000000000000000 ) ) ;
#3834 = ORIENTED_EDGE ( 'NONE', *, *, #9643, .T. ) ;
#3835 = FACE_OUTER_BOUND ( 'NONE', #9434, .T. ) ;
#3836 = PLANE ( 'NONE',  #1583 ) ;
#3837 = CARTESIAN_POINT ( 'NONE',  ( 0.6967822193905952588, 53.27482597175593781, 3.163893239314699901 ) ) ;
#3838 = VECTOR ( 'NONE', #9811, 1000.000000000000000 ) ;
#3839 = ADVANCED_FACE ( 'NONE', ( #3669 ), #7556, .F. ) ;
#3840 = ORIENTED_EDGE ( 'NONE', *, *, #8395, .T. ) ;
#3841 = ORIENTED_EDGE ( 'NONE', *, *, #8634, .T. ) ;
#3842 = LINE ( 'NONE', #6286, #2631 ) ;
#3843 = CARTESIAN_POINT ( 'NONE',  ( -6.999999999999999112, 36.00000000000000711, -21.99999999999999645 ) ) ;
#3844 = DIRECTION ( 'NONE',  ( -0.7071067811865162644, 0.000000000000000000, -0.7071067811865787700 ) ) ;
#3845 = CARTESIAN_POINT ( 'NONE',  ( 19.50000000000015987, 46.22502268604426945, -17.80294372515233547 ) ) ;
#3846 = CARTESIAN_POINT ( 'NONE',  ( -1.164930725355546981, 51.97897119188316140, 5.728071865836015242 ) ) ;
#3847 = CARTESIAN_POINT ( 'NONE',  ( 6.599999999999578648, 40.06410272899638869, -12.21715728753089891 ) ) ;
#3848 = ORIENTED_EDGE ( 'NONE', *, *, #3207, .F. ) ;
#3849 = ORIENTED_EDGE ( 'NONE', *, *, #3234, .T. ) ;
#3850 = VERTEX_POINT ( 'NONE', #2166 ) ;
#3851 = EDGE_CURVE ( 'NONE', #6419, #7953, #6493, .T. ) ;
#3852 = CARTESIAN_POINT ( 'NONE',  ( 12.11735222048577576, 16.96291095198317223, -6.973131547181486312 ) ) ;
#3853 = ORIENTED_EDGE ( 'NONE', *, *, #6588, .F. ) ;
#3854 = CARTESIAN_POINT ( 'NONE',  ( -6.000000000000005329, 45.65000000000000568, 56.50000000000000000 ) ) ;
#3855 = VECTOR ( 'NONE', #1048, 1000.000000000000000 ) ;
#3856 = CARTESIAN_POINT ( 'NONE',  ( 30.34733171501831706, 53.24777439593540862, 1.690957611845214759 ) ) ;
#3857 = EDGE_CURVE ( 'NONE', #1259, #8359, #3614, .T. ) ;
#3858 = ORIENTED_EDGE ( 'NONE', *, *, #4430, .F. ) ;
#3859 = CIRCLE ( 'NONE', #6251, 2.500000000000002220 ) ;
#3860 = ORIENTED_EDGE ( 'NONE', *, *, #9343, .T. ) ;
#3861 = LINE ( 'NONE', #2315, #9299 ) ;
#3862 = CARTESIAN_POINT ( 'NONE',  ( 23.27813378153615176, 24.59095640657483273, -12.20817980467236197 ) ) ;
#3863 = ORIENTED_EDGE ( 'NONE', *, *, #9289, .T. ) ;
#3864 = CYLINDRICAL_SURFACE ( 'NONE', #3115, 2.499999999999996891 ) ;
#3865 = DIRECTION ( 'NONE',  ( 0.000000000000000000, 0.000000000000000000, -1.000000000000000000 ) ) ;
#3866 = DIRECTION ( 'NONE',  ( 0.7071067811865474617, 0.000000000000000000, 0.7071067811865474617 ) ) ;
#3867 = VERTEX_POINT ( 'NONE', #8864 ) ;
#3868 = EDGE_CURVE ( 'NONE', #744, #453, #8112, .T. ) ;
#3869 = CARTESIAN_POINT ( 'NONE',  ( 7.300000000000174794, 22.78756443470168236, -59.00000000000000000 ) ) ;
#3870 = CARTESIAN_POINT ( 'NONE',  ( 11.87814818815651385, 14.84735084955300088, -22.79627221797503012 ) ) ;
#3871 = EDGE_LOOP ( 'NONE', ( #6670, #4583 ) ) ;
#3872 = ORIENTED_EDGE ( 'NONE', *, *, #8434, .T. ) ;
#3873 = CARTESIAN_POINT ( 'NONE',  ( 22.69999999999994955, 60.00000000000000000, -18.48284271247463550 ) ) ;
#3874 = VECTOR ( 'NONE', #3557, 1000.000000000000000 ) ;
#3875 = DIRECTION ( 'NONE',  ( -1.000000000000000000, 0.000000000000000000, 0.000000000000000000 ) ) ;
#3876 = CARTESIAN_POINT ( 'NONE',  ( 10.50000000000013500, 40.77111547697062832, -12.19705627484766453 ) ) ;
#3877 = DIRECTION ( 'NONE',  ( 0.000000000000000000, -1.000000000000000000, 0.000000000000000000 ) ) ;
#3878 = ORIENTED_EDGE ( 'NONE', *, *, #2957, .T. ) ;
#3879 = DIRECTION ( 'NONE',  ( 0.000000000000000000, 1.000000000000000000, 0.000000000000000000 ) ) ;
#3880 = CARTESIAN_POINT ( 'NONE',  ( 7.999999999999998224, 4.000000000000000000, -10.28994949366115996 ) ) ;
#3881 = DIRECTION ( 'NONE',  ( 0.7071067811865471286, 0.000000000000000000, -0.7071067811865480168 ) ) ;
#3882 = EDGE_CURVE ( 'NONE', #1912, #1353, #8966, .T. ) ;
#3883 = VERTEX_POINT ( 'NONE', #1370 ) ;
#3884 = VERTEX_POINT ( 'NONE', #629 ) ;
#3885 = DIRECTION ( 'NONE',  ( 0.000000000000000000, 1.000000000000000000, 0.000000000000000000 ) ) ;
#3886 = CARTESIAN_POINT ( 'NONE',  ( 21.40710678118649568, 2.731742285225533085, -10.28994949366116529 ) ) ;
#3887 = CARTESIAN_POINT ( 'NONE',  ( 4.705025253169600852, 16.00000000000000000, -20.59999999999999787 ) ) ;
#3888 = CARTESIAN_POINT ( 'NONE',  ( 31.24264068711928743, 51.64999999999999858, 7.153102072105761473E-15 ) ) ;
#3889 = EDGE_CURVE ( 'NONE', #4150, #6921, #6958, .T. ) ;
#3890 = ADVANCED_FACE ( 'NONE', ( #1621 ), #7012, .F. ) ;
#3891 = CARTESIAN_POINT ( 'NONE',  ( -0.07693772375228395688, 52.55831721893297726, 4.297547189424547831 ) ) ;
#3892 = CARTESIAN_POINT ( 'NONE',  ( 11.51715728752555989, 0.000000000000000000, -22.69999999999998863 ) ) ;
#3893 = ORIENTED_EDGE ( 'NONE', *, *, #5073, .T. ) ;
#3894 = ORIENTED_EDGE ( 'NONE', *, *, #7612, .T. ) ;
#3895 = ORIENTED_EDGE ( 'NONE', *, *, #4377, .F. ) ;
#3896 = CARTESIAN_POINT ( 'NONE',  ( 23.39999999999999858, 24.00000000000000000, -59.00000000000000000 ) ) ;
#3897 = ORIENTED_EDGE ( 'NONE', *, *, #9334, .T. ) ;
#3898 = LINE ( 'NONE', #7839, #4640 ) ;
#3899 = EDGE_CURVE ( 'NONE', #8005, #6404, #9041, .T. ) ;
#3900 = CARTESIAN_POINT ( 'NONE',  ( -0.2720492805987098639, 53.39657884408917710, 1.445273965661724169 ) ) ;
#3901 = CARTESIAN_POINT ( 'NONE',  ( 32.74358546292117467, 51.65461244393002005, 7.686264043226089804 ) ) ;
#3902 = CIRCLE ( 'NONE', #2151, 1.500000000000001332 ) ;
#3903 = VERTEX_POINT ( 'NONE', #3154 ) ;
#3904 = ORIENTED_EDGE ( 'NONE', *, *, #4444, .F. ) ;
#3905 = CARTESIAN_POINT ( 'NONE',  ( 18.90294372515236176, 36.00000000000000711, -20.59999999999999787 ) ) ;
#3906 = EDGE_CURVE ( 'NONE', #2236, #2411, #755, .T. ) ;
#3907 = DIRECTION ( 'NONE',  ( 1.000000000000000000, 0.000000000000000000, -6.195440985631453345E-16 ) ) ;
#3908 = ORIENTED_EDGE ( 'NONE', *, *, #9141, .F. ) ;
#3909 = CARTESIAN_POINT ( 'NONE',  ( 18.18805367692703712, 37.17565222974573658, -22.76068177330001419 ) ) ;
#3910 = DIRECTION ( 'NONE',  ( -0.000000000000000000, -0.000000000000000000, 1.000000000000000000 ) ) ;
#3911 = VECTOR ( 'NONE', #2282, 1000.000000000000114 ) ;
#3912 = CARTESIAN_POINT ( 'NONE',  ( 17.89767044525892459, 44.71431858186097941, -6.209044635669900281 ) ) ;
#3913 = VERTEX_POINT ( 'NONE', #4559 ) ;
#3914 = DIRECTION ( 'NONE',  ( 0.000000000000000000, 0.000000000000000000, 1.000000000000000000 ) ) ;
#3915 = DIRECTION ( 'NONE',  ( 0.000000000000000000, 1.000000000000000000, -0.000000000000000000 ) ) ;
#3916 = ORIENTED_EDGE ( 'NONE', *, *, #3509, .F. ) ;
#3917 = EDGE_LOOP ( 'NONE', ( #2813, #464, #4523, #1812, #3908 ) ) ;
#3918 = CARTESIAN_POINT ( 'NONE',  ( -0.4999999999999970024, 45.65000000000000568, 54.49999999999998579 ) ) ;
#3919 = DIRECTION ( 'NONE',  ( 0.000000000000000000, 1.000000000000000000, 0.000000000000000000 ) ) ;
#3920 = PLANE ( 'NONE',  #7177 ) ;
#3921 = DIRECTION ( 'NONE',  ( 0.000000000000000000, 0.000000000000000000, 1.000000000000000000 ) ) ;
#3922 = CARTESIAN_POINT ( 'NONE',  ( 12.21715728752552010, 36.00000000000000711, -6.599999999999994316 ) ) ;
#3923 = VERTEX_POINT ( 'NONE', #2461 ) ;
#3924 = CARTESIAN_POINT ( 'NONE',  ( 1.500000000000001332, 0.000000000000000000, 0.000000000000000000 ) ) ;
#3925 = VECTOR ( 'NONE', #9834, 1000.000000000000000 ) ;
#3926 = DIRECTION ( 'NONE',  ( 0.000000000000000000, 0.000000000000000000, -1.000000000000000000 ) ) ;
#3927 = CARTESIAN_POINT ( 'NONE',  ( 0.1729647430213868964, 52.75164251852761765, 3.947851885284854756 ) ) ;
#3928 = ORIENTED_EDGE ( 'NONE', *, *, #4836, .F. ) ;
#3929 = AXIS2_PLACEMENT_3D ( 'NONE', #5974, #9662, #2914 ) ;
#3930 = ORIENTED_EDGE ( 'NONE', *, *, #7565, .T. ) ;
#3931 = CARTESIAN_POINT ( 'NONE',  ( 15.00000000000000000, 70.00000000000000000, -34.97500000000000853 ) ) ;
#3932 = EDGE_CURVE ( 'NONE', #4253, #2888, #7435, .T. ) ;
#3933 = LINE ( 'NONE', #3182, #7161 ) ;
#3934 = CARTESIAN_POINT ( 'NONE',  ( 26.50000000000000355, 51.64999999999999858, 38.99999999999998579 ) ) ;
#3935 = ADVANCED_FACE ( 'NONE', ( #76 ), #9255, .F. ) ;
#3936 = CARTESIAN_POINT ( 'NONE',  ( -2.606894755755818416, 51.66448634058871647, 7.518773446007882555 ) ) ;
#3937 = CARTESIAN_POINT ( 'NONE',  ( 16.76533987054574837, 27.65553791882561541, -30.46983088944901397 ) ) ;
#3938 = VECTOR ( 'NONE', #5500, 1000.000000000000000 ) ;
#3939 = VERTEX_POINT ( 'NONE', #3058 ) ;
#3940 = VERTEX_POINT ( 'NONE', #2364 ) ;
#3941 = VERTEX_POINT ( 'NONE', #3957 ) ;
#3942 = ADVANCED_FACE ( 'NONE', ( #6864 ), #7607, .T. ) ;
#3943 = VECTOR ( 'NONE', #5294, 1000.000000000000000 ) ;
#3944 = LINE ( 'NONE', #163, #9689 ) ;
#3945 = DIRECTION ( 'NONE',  ( 0.000000000000000000, 0.000000000000000000, 1.000000000000000000 ) ) ;
#3946 = CARTESIAN_POINT ( 'NONE',  ( 8.592893218813633993, 25.26825771477441407, -19.71005050633883826 ) ) ;
#3947 = CARTESIAN_POINT ( 'NONE',  ( -1.065531369494411962, 52.35699544789702742, 3.638246432758610815 ) ) ;
#3948 = CARTESIAN_POINT ( 'NONE',  ( 12.19624459397636862, 36.72851922219879839, -23.20447749176883079 ) ) ;
#3949 = ORIENTED_EDGE ( 'NONE', *, *, #5453, .T. ) ;
#3950 = CIRCLE ( 'NONE', #5246, 1.399999999999998579 ) ;
#3951 = VECTOR ( 'NONE', #8985, 1000.000000000000000 ) ;
#3952 = EDGE_LOOP ( 'NONE', ( #5361, #5339, #955, #6048 ) ) ;
#3953 = EDGE_CURVE ( 'NONE', #2501, #4964, #275, .T. ) ;
#3954 = ADVANCED_FACE ( 'NONE', ( #6260 ), #1713, .F. ) ;
#3955 = VERTEX_POINT ( 'NONE', #9854 ) ;
#3956 = FACE_BOUND ( 'NONE', #822, .T. ) ;
#3957 = CARTESIAN_POINT ( 'NONE',  ( 19.09289321881340484, 45.80879283770676125, -4.999999999999996447 ) ) ;
#3958 = VERTEX_POINT ( 'NONE', #9204 ) ;
#3959 = CARTESIAN_POINT ( 'NONE',  ( 7.300000000000174794, 60.00000000000000000, -18.48284271247463195 ) ) ;
#3960 = CIRCLE ( 'NONE', #144, 1.400000000000000133 ) ;
#3961 = DIRECTION ( 'NONE',  ( 1.000000000000000000, 0.000000000000000000, 0.000000000000000000 ) ) ;
#3962 = AXIS2_PLACEMENT_3D ( 'NONE', #7463, #7414, #3473 ) ;
#3963 = CARTESIAN_POINT ( 'NONE',  ( 22.00000000000000000, 24.00000000000000000, 0.000000000000000000 ) ) ;
#3964 = ORIENTED_EDGE ( 'NONE', *, *, #8386, .F. ) ;
#3965 = CARTESIAN_POINT ( 'NONE',  ( 17.81062461192457036, 16.72271101082510825, -6.798598713709889552 ) ) ;
#3966 = LINE ( 'NONE', #5338, #3488 ) ;
#3967 = VERTEX_POINT ( 'NONE', #962 ) ;
#3968 = CIRCLE ( 'NONE', #1582, 1.400000000000000133 ) ;
#3969 = AXIS2_PLACEMENT_3D ( 'NONE', #3258, #6223, #6313 ) ;
#3970 = VERTEX_POINT ( 'NONE', #3104 ) ;
#3971 = CARTESIAN_POINT ( 'NONE',  ( 22.74563177516743906, 50.77536227013711567, -18.22682294674698511 ) ) ;
#3972 = CARTESIAN_POINT ( 'NONE',  ( 27.00000000000000000, 29.00000000000000000, -33.00000000000000000 ) ) ;
#3973 = CARTESIAN_POINT ( 'NONE',  ( 6.782552566627242818, 40.07875389330755667, -12.21715728752557517 ) ) ;
#3974 = EDGE_CURVE ( 'NONE', #1544, #8451, #8549, .T. ) ;
#3975 = FACE_OUTER_BOUND ( 'NONE', #4486, .T. ) ;
#3976 = CARTESIAN_POINT ( 'NONE',  ( 30.41929163292146043, 53.11685127545786145, 1.916642105508264970 ) ) ;
#3977 = AXIS2_PLACEMENT_3D ( 'NONE', #990, #6287, #7036 ) ;
#3978 = VECTOR ( 'NONE', #4951, 1000.000000000000000 ) ;
#3979 = CARTESIAN_POINT ( 'NONE',  ( 0.000000000000000000, 36.00000000000000711, -6.599999999999994316 ) ) ;
#3980 = DIRECTION ( 'NONE',  ( 0.7071067811865165975, 0.000000000000000000, 0.7071067811865784369 ) ) ;
#3981 = CARTESIAN_POINT ( 'NONE',  ( 19.71005050633884181, 36.00000000000000711, -21.99999999999999645 ) ) ;
#3982 = EDGE_CURVE ( 'NONE', #1531, #6586, #5428, .T. ) ;
#3983 = VECTOR ( 'NONE', #9318, 1000.000000000000000 ) ;
#3984 = EDGE_LOOP ( 'NONE', ( #9406, #2602, #6058, #4111 ) ) ;
#3985 = DIRECTION ( 'NONE',  ( -0.000000000000000000, -1.000000000000000000, -0.000000000000000000 ) ) ;
#3986 = DIRECTION ( 'NONE',  ( 1.000000000000000000, 0.000000000000000000, -2.683475248743013296E-15 ) ) ;
#3987 = DIRECTION ( 'NONE',  ( 0.000000000000000000, 0.000000000000000000, -1.000000000000000000 ) ) ;
#3988 = VECTOR ( 'NONE', #679, 1000.000000000000000 ) ;
#3989 = CARTESIAN_POINT ( 'NONE',  ( 18.48284271247459642, 14.78756443470181559, -7.299999999999950973 ) ) ;
#3990 = LINE ( 'NONE', #7040, #9857 ) ;
#3991 = ORIENTED_EDGE ( 'NONE', *, *, #3503, .T. ) ;
#3992 = EDGE_CURVE ( 'NONE', #440, #9047, #1553, .T. ) ;
#3993 = ORIENTED_EDGE ( 'NONE', *, *, #8460, .T. ) ;
#3994 = ORIENTED_EDGE ( 'NONE', *, *, #7075, .F. ) ;
#3995 = VECTOR ( 'NONE', #8048, 1000.000000000000000 ) ;
#3996 = CARTESIAN_POINT ( 'NONE',  ( 1.499999999999997780, 60.00000000000000000, 0.000000000000000000 ) ) ;
#3997 = ORIENTED_EDGE ( 'NONE', *, *, #2663, .F. ) ;
#3998 = PLANE ( 'NONE',  #8783 ) ;
#3999 = CARTESIAN_POINT ( 'NONE',  ( -1.090287448053981034, 52.33629936502303792, 3.698757791136146444 ) ) ;
#4000 = CARTESIAN_POINT ( 'NONE',  ( 29.82703525697861124, 52.75164251852761055, 3.947851885284856532 ) ) ;
#4001 = ORIENTED_EDGE ( 'NONE', *, *, #6803, .F. ) ;
#4002 = ORIENTED_EDGE ( 'NONE', *, *, #898, .T. ) ;
#4003 = EDGE_CURVE ( 'NONE', #9067, #8135, #6444, .T. ) ;
#4004 = ORIENTED_EDGE ( 'NONE', *, *, #7565, .F. ) ;
#4005 = CARTESIAN_POINT ( 'NONE',  ( 4.999999999999997335, 60.00000000000000000, -4.999999999999996447 ) ) ;
#4006 = CARTESIAN_POINT ( 'NONE',  ( 30.50000000000000355, 51.64999999999999858, 54.49999999999998579 ) ) ;
#4007 = ORIENTED_EDGE ( 'NONE', *, *, #305, .F. ) ;
#4008 = LINE ( 'NONE', #2463, #9342 ) ;
#4009 = CARTESIAN_POINT ( 'NONE',  ( 30.00000000000000000, 45.65000000000000568, 0.000000000000000000 ) ) ;
#4010 = CYLINDRICAL_SURFACE ( 'NONE', #1316, 1.399999999999998579 ) ;
#4011 = VERTEX_POINT ( 'NONE', #5011 ) ;
#4012 = ADVANCED_FACE ( 'NONE', ( #7248 ), #1966, .F. ) ;
#4013 = DIRECTION ( 'NONE',  ( -1.000000000000000000, 0.000000000000000000, 0.000000000000000000 ) ) ;
#4014 = EDGE_CURVE ( 'NONE', #7728, #8903, #1920, .T. ) ;
#4015 = DIRECTION ( 'NONE',  ( 0.000000000000000000, 1.000000000000000000, -0.000000000000000000 ) ) ;
#4016 = ORIENTED_EDGE ( 'NONE', *, *, #8124, .F. ) ;
#4017 = VECTOR ( 'NONE', #915, 1000.000000000000000 ) ;
#4018 = EDGE_LOOP ( 'NONE', ( #5174, #4319 ) ) ;
#4019 = CARTESIAN_POINT ( 'NONE',  ( 0.000000000000000000, 60.00000000000000000, -1.499999999999988898 ) ) ;
#4020 = LINE ( 'NONE', #137, #9446 ) ;
#4021 = DIRECTION ( 'NONE',  ( -0.000000000000000000, -1.000000000000000000, -0.000000000000000000 ) ) ;
#4022 = CARTESIAN_POINT ( 'NONE',  ( 4.999999999999998224, 63.00000000000000000, -4.999999999999998224 ) ) ;
#4023 = CARTESIAN_POINT ( 'NONE',  ( 23.39999999999999858, 4.000000000000000000, -4.705025253169416999 ) ) ;
#4024 = CARTESIAN_POINT ( 'NONE',  ( 12.17646188943737329, 35.21249103547631876, -6.840161767598192277 ) ) ;
#4025 = AXIS2_PLACEMENT_3D ( 'NONE', #1976, #578, #3416 ) ;
#4026 = DIRECTION ( 'NONE',  ( -1.000000000000000000, 0.000000000000000000, -9.257989608163444543E-14 ) ) ;
#4027 = ORIENTED_EDGE ( 'NONE', *, *, #5938, .T. ) ;
#4028 = EDGE_CURVE ( 'NONE', #8508, #3311, #6810, .T. ) ;
#4029 = CARTESIAN_POINT ( 'NONE',  ( 17.78928979793711207, 36.52004614416154737, -6.697923523693150472 ) ) ;
#4030 = DIRECTION ( 'NONE',  ( 0.000000000000000000, -1.000000000000000000, 0.000000000000000000 ) ) ;
#4031 = VECTOR ( 'NONE', #7296, 1000.000000000000114 ) ;
#4032 = EDGE_LOOP ( 'NONE', ( #7311, #5820 ) ) ;
#4033 = DIRECTION ( 'NONE',  ( 0.000000000000000000, 0.000000000000000000, 1.000000000000000000 ) ) ;
#4034 = CARTESIAN_POINT ( 'NONE',  ( 19.20328457960580337, 34.96864845814732092, -20.90034085445342882 ) ) ;
#4035 = ADVANCED_FACE ( 'NONE', ( #9698 ), #8097, .F. ) ;
#4036 = DIRECTION ( 'NONE',  ( 1.000000000000000000, -0.000000000000000000, -0.000000000000000000 ) ) ;
#4037 = CARTESIAN_POINT ( 'NONE',  ( 7.300000000000169464, 0.000000000000000000, -10.28994949366116352 ) ) ;
#4038 = DIRECTION ( 'NONE',  ( 0.000000000000000000, -1.000000000000000000, 0.000000000000000000 ) ) ;
#4039 = ORIENTED_EDGE ( 'NONE', *, *, #4952, .F. ) ;
#4040 = ORIENTED_EDGE ( 'NONE', *, *, #194, .F. ) ;
#4041 = LINE ( 'NONE', #256, #5070 ) ;
#4042 = VERTEX_POINT ( 'NONE', #2009 ) ;
#4043 = CARTESIAN_POINT ( 'NONE',  ( 26.50000000000000355, 45.65000000000000568, 0.000000000000000000 ) ) ;
#4044 = CARTESIAN_POINT ( 'NONE',  ( 10.79671542039432452, 34.96864845814732092, -20.90034085445342882 ) ) ;
#4045 = CARTESIAN_POINT ( 'NONE',  ( 29.30321778060941540, 53.27482597175593781, 3.163893239314707007 ) ) ;
#4046 = ORIENTED_EDGE ( 'NONE', *, *, #3399, .T. ) ;
#4047 = ORIENTED_EDGE ( 'NONE', *, *, #3288, .T. ) ;
#4048 = VERTEX_POINT ( 'NONE', #3604 ) ;
#4049 = CARTESIAN_POINT ( 'NONE',  ( 23.39999999999995595, 60.00000000000000000, -12.21715728752533359 ) ) ;
#4050 = CARTESIAN_POINT ( 'NONE',  ( 30.18033433107446584, 52.48593228632015695, 4.439263137711114027 ) ) ;
#4051 = VERTEX_POINT ( 'NONE', #7442 ) ;
#4052 = DIRECTION ( 'NONE',  ( 0.000000000000000000, 0.000000000000000000, -1.000000000000000000 ) ) ;
#4053 = CARTESIAN_POINT ( 'NONE',  ( 17.79374833993717431, 35.40964700673844590, -6.728328237988693949 ) ) ;
#4054 = DIRECTION ( 'NONE',  ( 1.000000000000000000, 0.000000000000000000, 0.000000000000000000 ) ) ;
#4055 = EDGE_CURVE ( 'NONE', #157, #7695, #2900, .T. ) ;
#4056 = AXIS2_PLACEMENT_3D ( 'NONE', #5092, #8416, #7673 ) ;
#4057 = ORIENTED_EDGE ( 'NONE', *, *, #3267, .T. ) ;
#4058 = DIRECTION ( 'NONE',  ( -1.652117596168387263E-16, 0.000000000000000000, 1.000000000000000000 ) ) ;
#4059 = LINE ( 'NONE', #6516, #8278 ) ;
#4060 = ORIENTED_EDGE ( 'NONE', *, *, #5545, .T. ) ;
#4061 = ADVANCED_FACE ( 'NONE', ( #6611 ), #3655, .F. ) ;
#4062 = ORIENTED_EDGE ( 'NONE', *, *, #4827, .F. ) ;
#4063 = LINE ( 'NONE', #2667, #4714 ) ;
#4064 = VECTOR ( 'NONE', #88, 1000.000000000000000 ) ;
#4065 = ADVANCED_FACE ( 'NONE', ( #467 ), #8902, .F. ) ;
#4066 = CARTESIAN_POINT ( 'NONE',  ( 11.51715728752555989, 0.000000000000000000, -23.39999999999999147 ) ) ;
#4067 = CARTESIAN_POINT ( 'NONE',  ( 23.71542204254491182, 52.94261508935431237, -17.84928644017919552 ) ) ;
#4068 = CARTESIAN_POINT ( 'NONE',  ( 22.00000000000000000, 32.00000000000000000, -54.99999999999999289 ) ) ;
#4069 = EDGE_CURVE ( 'NONE', #8240, #8962, #2852, .T. ) ;
#4070 = DIRECTION ( 'NONE',  ( 1.166200656118861960E-16, 0.000000000000000000, 1.000000000000000000 ) ) ;
#4071 = CARTESIAN_POINT ( 'NONE',  ( -3.000000000000011990, 51.64999999999999858, 3.469446951953614189E-15 ) ) ;
#4072 = CARTESIAN_POINT ( 'NONE',  ( 26.50000000000000355, 45.65000000000000568, 38.99999999999998579 ) ) ;
#4073 = CARTESIAN_POINT ( 'NONE',  ( 17.78154655945943929, 15.69748595581873651, -23.37546196595818770 ) ) ;
#4074 = CARTESIAN_POINT ( 'NONE',  ( 7.300000000000174794, 60.00000000000000000, -19.71005050633883826 ) ) ;
#4075 = VERTEX_POINT ( 'NONE', #2755 ) ;
#4076 = DIRECTION ( 'NONE',  ( 0.000000000000000000, 1.000000000000000000, 0.000000000000000000 ) ) ;
#4077 = CARTESIAN_POINT ( 'NONE',  ( -3.000000000000000000, 51.64999999999999147, 7.999999999999998224 ) ) ;
#4078 = AXIS2_PLACEMENT_3D ( 'NONE', #6420, #7211, #9462 ) ;
#4079 = ORIENTED_EDGE ( 'NONE', *, *, #5182, .F. ) ;
#4080 = DIRECTION ( 'NONE',  ( 1.000000000000000000, 0.000000000000000000, -2.478176394252584099E-15 ) ) ;
#4081 = CARTESIAN_POINT ( 'NONE',  ( -1.999999999999998224, 45.65000000000000568, 0.000000000000000000 ) ) ;
#4082 = AXIS2_PLACEMENT_3D ( 'NONE', #7816, #1822, #975 ) ;
#4083 = DIRECTION ( 'NONE',  ( 0.000000000000000000, 0.000000000000000000, -1.000000000000000000 ) ) ;
#4084 = DIRECTION ( 'NONE',  ( 0.000000000000000000, 0.000000000000000000, -1.000000000000000000 ) ) ;
#4085 = DIRECTION ( 'NONE',  ( 0.000000000000000000, 0.000000000000000000, 1.000000000000000000 ) ) ;
#4086 = EDGE_LOOP ( 'NONE', ( #254, #6517, #5805, #3714, #895 ) ) ;
#4087 = EDGE_LOOP ( 'NONE', ( #8064, #9699, #3388, #674 ) ) ;
#4088 = DIRECTION ( 'NONE',  ( 1.000000000000000000, 0.000000000000000000, -0.000000000000000000 ) ) ;
#4089 = DIRECTION ( 'NONE',  ( 2.683475248743013296E-15, -0.000000000000000000, 1.000000000000000000 ) ) ;
#4090 = DIRECTION ( 'NONE',  ( -0.000000000000000000, -1.000000000000000000, -0.000000000000000000 ) ) ;
#4091 = VECTOR ( 'NONE', #7907, 1000.000000000000000 ) ;
#4092 = EDGE_CURVE ( 'NONE', #4042, #943, #1057, .T. ) ;
#4093 = CARTESIAN_POINT ( 'NONE',  ( 30.00000000000000000, 0.000000000000000000, -1.500000000000001332 ) ) ;
#4094 = CARTESIAN_POINT ( 'NONE',  ( 11.67024852255189948, 37.21243556529821461, -22.69999999999998863 ) ) ;
#4095 = ORIENTED_EDGE ( 'NONE', *, *, #4624, .F. ) ;
#4096 = ORIENTED_EDGE ( 'NONE', *, *, #499, .T. ) ;
#4097 = EDGE_CURVE ( 'NONE', #441, #4792, #2339, .T. ) ;
#4098 = ADVANCED_FACE ( 'NONE', ( #5962 ), #4310, .F. ) ;
#4099 = AXIS2_PLACEMENT_3D ( 'NONE', #2694, #1701, #4088 ) ;
#4100 = VERTEX_POINT ( 'NONE', #4452 ) ;
#4101 = CARTESIAN_POINT ( 'NONE',  ( 19.71005050633878142, 60.00000000000000000, -22.69999999999998863 ) ) ;
#4102 = DIRECTION ( 'NONE',  ( 0.000000000000000000, 1.000000000000000000, -0.000000000000000000 ) ) ;
#4103 = CARTESIAN_POINT ( 'NONE',  ( 29.50695908214103014, 53.05039582902548290, 3.478348858640798902 ) ) ;
#4104 = ORIENTED_EDGE ( 'NONE', *, *, #8777, .T. ) ;
#4105 = FACE_OUTER_BOUND ( 'NONE', #7564, .T. ) ;
#4106 = CARTESIAN_POINT ( 'NONE',  ( 8.592893218813633993, 60.00000000000000000, -19.71005050633883826 ) ) ;
#4107 = CARTESIAN_POINT ( 'NONE',  ( 7.244715120724582569, 2.816720744691612044, -11.82296937001096282 ) ) ;
#4108 = VECTOR ( 'NONE', #8130, 1000.000000000000000 ) ;
#4109 = ORIENTED_EDGE ( 'NONE', *, *, #9153, .F. ) ;
#4110 = CARTESIAN_POINT ( 'NONE',  ( 11.59353726138919782, 14.78756443470161486, -22.69999999999969731 ) ) ;
#4111 = ORIENTED_EDGE ( 'NONE', *, *, #8522, .T. ) ;
#4112 = EDGE_CURVE ( 'NONE', #6706, #2230, #7495, .T. ) ;
#4113 = VECTOR ( 'NONE', #4435, 1000.000000000000000 ) ;
#4114 = EDGE_LOOP ( 'NONE', ( #1153, #198 ) ) ;
#4115 = DIRECTION ( 'NONE',  ( 0.000000000000000000, 0.000000000000000000, 1.000000000000000000 ) ) ;
#4116 = CARTESIAN_POINT ( 'NONE',  ( 11.51715728752555989, 41.09162458354361291, -22.69999999999998863 ) ) ;
#4117 = DIRECTION ( 'NONE',  ( 0.000000000000000000, 1.000000000000000000, 0.000000000000000000 ) ) ;
#4118 = CARTESIAN_POINT ( 'NONE',  ( 30.50000000000000355, 51.64999999999999858, 55.99999999999998579 ) ) ;
#4119 = CARTESIAN_POINT ( 'NONE',  ( 22.69999999999995666, 60.00000000000000000, -10.28994949366116707 ) ) ;
#4120 = DIRECTION ( 'NONE',  ( -1.000000000000000000, 0.000000000000000000, 0.000000000000000000 ) ) ;
#4121 = CARTESIAN_POINT ( 'NONE',  ( 30.00000000000000000, 10.00000000000000178, -15.00000000000000000 ) ) ;
#4122 = CARTESIAN_POINT ( 'NONE',  ( 17.95336636976998790, 14.94049016225869586, -22.92104570883245884 ) ) ;
#4123 = DIRECTION ( 'NONE',  ( 0.000000000000000000, 0.000000000000000000, -1.000000000000000000 ) ) ;
#4124 = EDGE_CURVE ( 'NONE', #6969, #5297, #3748, .T. ) ;
#4125 = ORIENTED_EDGE ( 'NONE', *, *, #4913, .T. ) ;
#4126 = DIRECTION ( 'NONE',  ( -0.000000000000000000, -0.000000000000000000, 1.000000000000000000 ) ) ;
#4127 = VECTOR ( 'NONE', #8412, 1000.000000000000000 ) ;
#4128 = DIRECTION ( 'NONE',  ( -0.000000000000000000, -0.000000000000000000, 1.000000000000000000 ) ) ;
#4129 = AXIS2_PLACEMENT_3D ( 'NONE', #3274, #1081, #1032 ) ;
#4130 = EDGE_CURVE ( 'NONE', #2302, #2104, #2998, .T. ) ;
#4131 = ADVANCED_FACE ( 'NONE', ( #8492 ), #7649, .F. ) ;
#4132 = EDGE_CURVE ( 'NONE', #53, #7889, #907, .T. ) ;
#4133 = ORIENTED_EDGE ( 'NONE', *, *, #5664, .T. ) ;
#4134 = CARTESIAN_POINT ( 'NONE',  ( -6.999999999999999112, 36.00000000000000711, -20.59999999999999787 ) ) ;
#4135 = AXIS2_PLACEMENT_3D ( 'NONE', #3382, #7874, #3230 ) ;
#4136 = CARTESIAN_POINT ( 'NONE',  ( 29.51349388612021940, 28.70570121645439698, -30.02876189792047512 ) ) ;
#4137 = CIRCLE ( 'NONE', #6057, 2.999999999999999112 ) ;
#4138 = DIRECTION ( 'NONE',  ( 0.000000000000000000, 0.000000000000000000, 1.000000000000000000 ) ) ;
#4139 = DIRECTION ( 'NONE',  ( 0.000000000000000000, 0.000000000000000000, -1.000000000000000000 ) ) ;
#4140 = CARTESIAN_POINT ( 'NONE',  ( 7.999999999999998224, 4.000000000000000000, -30.00000000000000000 ) ) ;
#4141 = EDGE_CURVE ( 'NONE', #217, #7290, #2981, .T. ) ;
#4142 = AXIS2_PLACEMENT_3D ( 'NONE', #3024, #8366, #6085 ) ;
#4143 = ORIENTED_EDGE ( 'NONE', *, *, #8832, .T. ) ;
#4144 = ORIENTED_EDGE ( 'NONE', *, *, #447, .T. ) ;
#4145 = CARTESIAN_POINT ( 'NONE',  ( 18.90294372515230137, 15.44059295743962856, -9.399999999999998579 ) ) ;
#4146 = DIRECTION ( 'NONE',  ( 0.000000000000000000, 0.000000000000000000, 1.000000000000000000 ) ) ;
#4147 = AXIS2_PLACEMENT_3D ( 'NONE', #4856, #914, #6309 ) ;
#4148 = CARTESIAN_POINT ( 'NONE',  ( 12.21845279368434412, 36.30261047137149433, -6.624561353076155790 ) ) ;
#4149 = DIRECTION ( 'NONE',  ( -0.000000000000000000, -1.000000000000000000, -0.000000000000000000 ) ) ;
#4150 = VERTEX_POINT ( 'NONE', #6248 ) ;
#4151 = ORIENTED_EDGE ( 'NONE', *, *, #1780, .F. ) ;
#4152 = ORIENTED_EDGE ( 'NONE', *, *, #3932, .F. ) ;
#4153 = DIRECTION ( 'NONE',  ( 0.000000000000000000, 0.000000000000000000, -1.000000000000000000 ) ) ;
#4154 = LINE ( 'NONE', #4851, #9560 ) ;
#4155 = DIRECTION ( 'NONE',  ( -0.000000000000000000, -0.000000000000000000, 1.000000000000000000 ) ) ;
#4156 = VERTEX_POINT ( 'NONE', #6800 ) ;
#4157 = FACE_BOUND ( 'NONE', #3387, .T. ) ;
#4158 = CARTESIAN_POINT ( 'NONE',  ( 20.60000000000000142, 24.00000000000000000, -59.00000000000000000 ) ) ;
#4159 =( BOUNDED_CURVE ( )  B_SPLINE_CURVE ( 3, ( #5966, #2111, #5170, #9703 ),
 .UNSPECIFIED., .F., .T. ) 
 B_SPLINE_CURVE_WITH_KNOTS ( ( 4, 4 ),
 ( 0.000000000000000000, 1.133496249191936256 ),
 .UNSPECIFIED. ) 
 CURVE ( )  GEOMETRIC_REPRESENTATION_ITEM ( )  RATIONAL_B_SPLINE_CURVE ( ( 1.000000000000000000, 0.8957675578916527437, 0.8957675578916527437, 1.000000000000000000 ) ) 
 REPRESENTATION_ITEM ( '' )  );
#4160 = DIRECTION ( 'NONE',  ( 0.000000000000000000, -1.000000000000000000, 0.000000000000000000 ) ) ;
#4161 = EDGE_CURVE ( 'NONE', #6563, #4861, #3944, .T. ) ;
#4162 = VECTOR ( 'NONE', #5066, 1000.000000000000000 ) ;
#4163 = ORIENTED_EDGE ( 'NONE', *, *, #318, .F. ) ;
#4164 = CARTESIAN_POINT ( 'NONE',  ( 33.00000000000000000, 51.64999999999999858, 8.000000000000000000 ) ) ;
#4165 = ORIENTED_EDGE ( 'NONE', *, *, #2731, .F. ) ;
#4166 = ORIENTED_EDGE ( 'NONE', *, *, #9685, .F. ) ;
#4167 = CARTESIAN_POINT ( 'NONE',  ( 10.28994949366131095, 0.000000000000000000, -7.299999999999952749 ) ) ;
#4168 = FACE_OUTER_BOUND ( 'NONE', #3984, .T. ) ;
#4169 = CARTESIAN_POINT ( 'NONE',  ( 36.00000000000000711, 45.65000000000000568, 56.50000000000000711 ) ) ;
#4170 = CARTESIAN_POINT ( 'NONE',  ( 11.51715728752552970, 60.00000000000000000, -7.299999999999952749 ) ) ;
#4171 = PLANE ( 'NONE',  #6077 ) ;
#4172 = EDGE_CURVE ( 'NONE', #53, #9692, #8388, .T. ) ;
#4173 = CARTESIAN_POINT ( 'NONE',  ( 31.49967906078677515, 52.05210230355566381, 4.668891681421183826 ) ) ;
#4174 = CARTESIAN_POINT ( 'NONE',  ( 7.300000000000174794, 0.000000000000000000, -18.48284271247463195 ) ) ;
#4175 = CARTESIAN_POINT ( 'NONE',  ( 21.40710678118648502, 0.000000000000000000, -19.71005050633883826 ) ) ;
#4176 = CARTESIAN_POINT ( 'NONE',  ( 18.17866153819489838, 37.18406426729977454, -7.245809037724933788 ) ) ;
#4177 = CARTESIAN_POINT ( 'NONE',  ( -0.4248294682516594589, 53.11011389280604789, 1.931432457121707635 ) ) ;
#4178 = ORIENTED_EDGE ( 'NONE', *, *, #1877, .T. ) ;
#4179 = EDGE_LOOP ( 'NONE', ( #4681, #5100, #6145, #8511 ) ) ;
#4180 = CARTESIAN_POINT ( 'NONE',  ( 10.28994949366122214, 40.71227244192532169, -21.40710678118653121 ) ) ;
#4181 = VECTOR ( 'NONE', #5028, 1000.000000000000000 ) ;
#4182 = DIRECTION ( 'NONE',  ( 0.000000000000000000, 0.000000000000000000, 1.000000000000000000 ) ) ;
#4183 = FACE_OUTER_BOUND ( 'NONE', #4265, .T. ) ;
#4184 =( BOUNDED_CURVE ( )  B_SPLINE_CURVE ( 3, ( #5956, #3743, #63, #4393 ),
 .UNSPECIFIED., .F., .T. ) 
 B_SPLINE_CURVE_WITH_KNOTS ( ( 4, 4 ),
 ( 1.570796326794894116, 1.626075739080374172 ),
 .UNSPECIFIED. ) 
 CURVE ( )  GEOMETRIC_REPRESENTATION_ITEM ( )  RATIONAL_B_SPLINE_CURVE ( ( 1.000000000000000000, 0.9997453650928328495, 0.9997453650928328495, 1.000000000000000000 ) ) 
 REPRESENTATION_ITEM ( '' )  );
#4185 = CARTESIAN_POINT ( 'NONE',  ( 30.00000000000000000, 30.00000000000000355, -15.00000000000000178 ) ) ;
#4186 = EDGE_CURVE ( 'NONE', #6088, #9775, #2189, .T. ) ;
#4187 = CARTESIAN_POINT ( 'NONE',  ( 22.69999999999995666, 22.78756443470176407, -11.51715728752537871 ) ) ;
#4188 = B_SPLINE_CURVE_WITH_KNOTS ( 'NONE', 3,
 ( #7276, #2734, #3480, #6540, #5791, #8932, #8829, #2089, #1988, #5038 ),
 .UNSPECIFIED., .F., .F.,
 ( 4, 2, 2, 2, 4 ),
 ( 0.000000000000000000, 0.0004563601286242633141, 0.0009127202572485266282, 0.001369080385872789834, 0.001825440514497053256 ),
 .UNSPECIFIED. ) ;
#4189 = AXIS2_PLACEMENT_3D ( 'NONE', #7315, #7960, #6622 ) ;
#4190 = ORIENTED_EDGE ( 'NONE', *, *, #2502, .T. ) ;
#4191 = ORIENTED_EDGE ( 'NONE', *, *, #5057, .F. ) ;
#4192 = ADVANCED_FACE ( 'NONE', ( #3192 ), #4597, .F. ) ;
#4193 = CARTESIAN_POINT ( 'NONE',  ( -1.999999999999998224, 45.65000000000000568, 0.000000000000000000 ) ) ;
#4194 = CARTESIAN_POINT ( 'NONE',  ( 10.28994949366122214, 60.00000000000000000, -21.40710678118653121 ) ) ;
#4195 = EDGE_CURVE ( 'NONE', #1120, #5173, #9149, .T. ) ;
#4196 = AXIS2_PLACEMENT_3D ( 'NONE', #6406, #1008, #961 ) ;
#4197 = EDGE_CURVE ( 'NONE', #3396, #8135, #7591, .T. ) ;
#4198 = CARTESIAN_POINT ( 'NONE',  ( 11.82133846180522774, 37.18406426729978875, -7.245809037724940893 ) ) ;
#4199 = CARTESIAN_POINT ( 'NONE',  ( 14.99999999999987566, 60.00000000000000711, 3.196819863353100386E-14 ) ) ;
#4200 = ORIENTED_EDGE ( 'NONE', *, *, #5653, .F. ) ;
#4201 = ORIENTED_EDGE ( 'NONE', *, *, #2785, .T. ) ;
#4202 = ORIENTED_EDGE ( 'NONE', *, *, #4353, .T. ) ;
#4203 = LINE ( 'NONE', #747, #6114 ) ;
#4204 = LINE ( 'NONE', #7993, #4299 ) ;
#4205 = CARTESIAN_POINT ( 'NONE',  ( 30.09830064934171645, 52.54304450748342248, 4.326948724988148420 ) ) ;
#4206 = ORIENTED_EDGE ( 'NONE', *, *, #3544, .F. ) ;
#4207 = DIRECTION ( 'NONE',  ( -0.000000000000000000, 1.000000000000000000, 0.000000000000000000 ) ) ;
#4208 = EDGE_CURVE ( 'NONE', #4861, #7712, #8891, .T. ) ;
#4209 = LINE ( 'NONE', #5014, #9586 ) ;
#4210 = FACE_OUTER_BOUND ( 'NONE', #2060, .T. ) ;
#4211 = EDGE_LOOP ( 'NONE', ( #2716, #4095 ) ) ;
#4212 = CARTESIAN_POINT ( 'NONE',  ( 7.300000000000174794, 25.21243556529831764, -18.48284271247463550 ) ) ;
#4213 = ORIENTED_EDGE ( 'NONE', *, *, #9726, .T. ) ;
#4214 = EDGE_CURVE ( 'NONE', #5949, #1458, #5868, .T. ) ;
#4215 = VERTEX_POINT ( 'NONE', #2352 ) ;
#4216 = PLANE ( 'NONE',  #3438 ) ;
#4217 =( BOUNDED_CURVE ( )  B_SPLINE_CURVE ( 3, ( #1146, #9388, #9483, #7932 ),
 .UNSPECIFIED., .F., .T. ) 
 B_SPLINE_CURVE_WITH_KNOTS ( ( 4, 4 ),
 ( 1.751421550650278380, 1.849386029186554259 ),
 .UNSPECIFIED. ) 
 CURVE ( )  GEOMETRIC_REPRESENTATION_ITEM ( )  RATIONAL_B_SPLINE_CURVE ( ( 1.000000000000000000, 0.9992004066339555957, 0.9992004066339555957, 1.000000000000000000 ) ) 
 REPRESENTATION_ITEM ( '' )  );
#4218 = DIRECTION ( 'NONE',  ( 0.000000000000000000, 1.000000000000000000, 0.000000000000000000 ) ) ;
#4219 = CARTESIAN_POINT ( 'NONE',  ( 22.00000000000000000, 4.000000000000000000, 0.000000000000000000 ) ) ;
#4220 = CARTESIAN_POINT ( 'NONE',  ( 33.00000000000000000, 51.64999999999999858, 8.000000000000000000 ) ) ;
#4221 = CARTESIAN_POINT ( 'NONE',  ( 30.00000000000000000, 59.64999999999999858, 8.000000000000000000 ) ) ;
#4222 = CARTESIAN_POINT ( 'NONE',  ( 11.51715728752555989, 17.21243556529821461, -22.69999999999998863 ) ) ;
#4223 = CARTESIAN_POINT ( 'NONE',  ( 31.05659761830370158, 52.36456410104089088, 3.616353406306910490 ) ) ;
#4224 = CARTESIAN_POINT ( 'NONE',  ( -1.696959600125145462, 51.94740561479779473, 5.121497523683303577 ) ) ;
#4225 = ORIENTED_EDGE ( 'NONE', *, *, #1381, .T. ) ;
#4226 = FACE_OUTER_BOUND ( 'NONE', #3444, .T. ) ;
#4227 = CARTESIAN_POINT ( 'NONE',  ( -0.2755792219516952080, 53.39279029415613564, 1.454209670852649960 ) ) ;
#4228 = ORIENTED_EDGE ( 'NONE', *, *, #4459, .T. ) ;
#4229 = CIRCLE ( 'NONE', #4056, 1.399999999999998579 ) ;
#4230 = VERTEX_POINT ( 'NONE', #5415 ) ;
#4231 = CARTESIAN_POINT ( 'NONE',  ( 1.000000000000004663, 51.64999999999999858, 0.000000000000000000 ) ) ;
#4232 = LINE ( 'NONE', #3582, #3342 ) ;
#4233 = CARTESIAN_POINT ( 'NONE',  ( 6.600000000000168399, 60.00000000000000000, -12.21715728752533359 ) ) ;
#4234 = CARTESIAN_POINT ( 'NONE',  ( 32.00000000000000000, 45.65000000000000568, 54.49999999999998579 ) ) ;
#4235 = CIRCLE ( 'NONE', #3276, 19.99999999999999645 ) ;
#4236 = B_SPLINE_CURVE_WITH_KNOTS ( 'NONE', 3,
 ( #29, #6957, #4656, #3056, #3153, #859, #6214, #8503, #4701, #6021 ),
 .UNSPECIFIED., .F., .F.,
 ( 4, 2, 2, 2, 4 ),
 ( 3.602423855278283897E-18, 0.0004563601286242930212, 0.0009127202572485824646, 0.001369080385872872016, 0.001825440514497161460 ),
 .UNSPECIFIED. ) ;
#4237 = LINE ( 'NONE', #1345, #1725 ) ;
#4238 = CARTESIAN_POINT ( 'NONE',  ( 30.00000000000000000, 16.00000000000000000, -6.600000000000001421 ) ) ;
#4239 = ORIENTED_EDGE ( 'NONE', *, *, #8950, .T. ) ;
#4240 = ORIENTED_EDGE ( 'NONE', *, *, #532, .T. ) ;
#4241 = VECTOR ( 'NONE', #2709, 1000.000000000000000 ) ;
#4242 = EDGE_CURVE ( 'NONE', #3798, #744, #5392, .T. ) ;
#4243 = DIRECTION ( 'NONE',  ( -1.000000000000000000, 0.000000000000000000, 8.810015834663948693E-16 ) ) ;
#4244 = DIRECTION ( 'NONE',  ( -0.000000000000000000, -0.000000000000000000, 1.000000000000000000 ) ) ;
#4245 = LINE ( 'NONE', #7934, #2205 ) ;
#4246 = CARTESIAN_POINT ( 'NONE',  ( 30.00000000000000000, 36.00000000000000711, -21.99999999999999645 ) ) ;
#4247 = AXIS2_PLACEMENT_3D ( 'NONE', #8057, #6522, #4818 ) ;
#4248 = ORIENTED_EDGE ( 'NONE', *, *, #3234, .F. ) ;
#4249 = ORIENTED_EDGE ( 'NONE', *, *, #8215, .F. ) ;
#4250 = EDGE_CURVE ( 'NONE', #6256, #1666, #2347, .T. ) ;
#4251 = EDGE_CURVE ( 'NONE', #7438, #2618, #9365, .T. ) ;
#4252 = EDGE_LOOP ( 'NONE', ( #4839, #6569, #7234, #8524 ) ) ;
#4253 = VERTEX_POINT ( 'NONE', #4948 ) ;
#4254 = DIRECTION ( 'NONE',  ( -1.000000000000000000, 0.000000000000000000, 3.469446951953614682E-16 ) ) ;
#4255 = VECTOR ( 'NONE', #1278, 1000.000000000000000 ) ;
#4256 = LINE ( 'NONE', #1208, #9086 ) ;
#4257 = CARTESIAN_POINT ( 'NONE',  ( -6.999999999999999112, 10.00000000000000178, -17.49999999999999645 ) ) ;
#4258 = ORIENTED_EDGE ( 'NONE', *, *, #605, .T. ) ;
#4259 = CARTESIAN_POINT ( 'NONE',  ( 7.999999999999998224, 4.000000000000000000, -59.00000000000000000 ) ) ;
#4260 = CARTESIAN_POINT ( 'NONE',  ( 17.78155425862451366, 35.69620152389374823, -6.624845885521410516 ) ) ;
#4261 = DIRECTION ( 'NONE',  ( 0.000000000000000000, -0.000000000000000000, 1.000000000000000000 ) ) ;
#4262 = EDGE_LOOP ( 'NONE', ( #8562, #9491, #1806, #5654 ) ) ;
#4263 = CARTESIAN_POINT ( 'NONE',  ( -6.999999999999999112, 16.00000000000000000, -6.600000000000001421 ) ) ;
#4264 = AXIS2_PLACEMENT_3D ( 'NONE', #2404, #4693, #2495 ) ;
#4265 = EDGE_LOOP ( 'NONE', ( #4040, #2603, #5958, #7375 ) ) ;
#4266 = EDGE_CURVE ( 'NONE', #2104, #3955, #8586, .T. ) ;
#4267 = VERTEX_POINT ( 'NONE', #8737 ) ;
#4268 = DIRECTION ( 'NONE',  ( 0.000000000000000000, 0.000000000000000000, 1.000000000000000000 ) ) ;
#4269 = DIRECTION ( 'NONE',  ( 0.000000000000000000, 0.000000000000000000, -1.000000000000000000 ) ) ;
#4270 = CARTESIAN_POINT ( 'NONE',  ( 22.69999999999995666, 5.212435565298237705, -10.28994949366116884 ) ) ;
#4271 = CARTESIAN_POINT ( 'NONE',  ( 10.28994949366134293, 0.000000000000000000, -22.69999999999998863 ) ) ;
#4272 = DIRECTION ( 'NONE',  ( -0.7071067811865475727, 0.000000000000000000, -0.7071067811865475727 ) ) ;
#4273 = VECTOR ( 'NONE', #9320, 1000.000000000000000 ) ;
#4274 = LINE ( 'NONE', #6626, #2266 ) ;
#4275 = CARTESIAN_POINT ( 'NONE',  ( 31.65708596121582374, 51.96591642027178182, 5.031058970709997524 ) ) ;
#4276 = LINE ( 'NONE', #5831, #6345 ) ;
#4277 = VERTEX_POINT ( 'NONE', #949 ) ;
#4278 = DIRECTION ( 'NONE',  ( 2.683475248743013296E-15, -0.000000000000000000, 1.000000000000000000 ) ) ;
#4279 = CARTESIAN_POINT ( 'NONE',  ( -2.658636298641612328, 51.66826000659701634, 7.255477454596649167 ) ) ;
#4280 = VERTEX_POINT ( 'NONE', #2644 ) ;
#4281 = EDGE_CURVE ( 'NONE', #8118, #228, #4217, .T. ) ;
#4282 = AXIS2_PLACEMENT_3D ( 'NONE', #5903, #7240, #7935 ) ;
#4283 = ORIENTED_EDGE ( 'NONE', *, *, #836, .T. ) ;
#4284 = DIRECTION ( 'NONE',  ( 1.000000000000000000, -0.000000000000000000, -0.000000000000000000 ) ) ;
#4285 = LINE ( 'NONE', #6637, #8134 ) ;
#4286 = PRODUCT_DEFINITION_CONTEXT ( 'detailed design', #5499, 'design' ) ;
#4287 = CARTESIAN_POINT ( 'NONE',  ( 23.37475699156268050, 24.30467826185405045, -17.78161599332537435 ) ) ;
#4288 = CIRCLE ( 'NONE', #5884, 1.400000000000000133 ) ;
#4289 = AXIS2_PLACEMENT_3D ( 'NONE', #5398, #2238, #9131 ) ;
#4290 = DIRECTION ( 'NONE',  ( -0.000000000000000000, -1.000000000000000000, -0.000000000000000000 ) ) ;
#4291 = ADVANCED_FACE ( 'NONE', ( #1047, #5554, #1752 ), #4791, .T. ) ;
#4292 = ADVANCED_FACE ( 'NONE', ( #7837 ), #6346, .F. ) ;
#4293 = CARTESIAN_POINT ( 'NONE',  ( 22.69999999999994955, 60.00000000000000000, -18.48284271247463550 ) ) ;
#4294 = CARTESIAN_POINT ( 'NONE',  ( 10.50000000000013856, 60.00000000000000000, -17.80294372515233547 ) ) ;
#4295 = VERTEX_POINT ( 'NONE', #8537 ) ;
#4296 = VERTEX_POINT ( 'NONE', #3439 ) ;
#4297 = VECTOR ( 'NONE', #5298, 1000.000000000000000 ) ;
#4298 = PLANE ( 'NONE',  #3135 ) ;
#4299 = VECTOR ( 'NONE', #1110, 1000.000000000000000 ) ;
#4300 = LINE ( 'NONE', #8295, #2679 ) ;
#4301 = DIRECTION ( 'NONE',  ( 0.000000000000000000, 0.000000000000000000, -1.000000000000000000 ) ) ;
#4302 = VERTEX_POINT ( 'NONE', #7236 ) ;
#4303 = ORIENTED_EDGE ( 'NONE', *, *, #3288, .F. ) ;
#4304 = EDGE_LOOP ( 'NONE', ( #3203, #5482, #2300, #1896 ) ) ;
#4305 =( BOUNDED_CURVE ( )  B_SPLINE_CURVE ( 3, ( #2886, #6835, #7629, #4 ),
 .UNSPECIFIED., .F., .T. ) 
 B_SPLINE_CURVE_WITH_KNOTS ( ( 4, 4 ),
 ( 2.381830721082490498, 2.532828449516496772 ),
 .UNSPECIFIED. ) 
 CURVE ( )  GEOMETRIC_REPRESENTATION_ITEM ( )  RATIONAL_B_SPLINE_CURVE ( ( 1.000000000000000000, 0.9981008761873741975, 0.9981008761873741975, 1.000000000000000000 ) ) 
 REPRESENTATION_ITEM ( '' )  );
#4306 = AXIS2_PLACEMENT_3D ( 'NONE', #3170, #6231, #9269 ) ;
#4307 = ORIENTED_EDGE ( 'NONE', *, *, #6837, .T. ) ;
#4308 = PLANE ( 'NONE',  #5637 ) ;
#4309 = CARTESIAN_POINT ( 'NONE',  ( 30.00000000000006040, 60.00000000000000711, -13.49999999999989164 ) ) ;
#4310 = PLANE ( 'NONE',  #6966 ) ;
#4311 = ORIENTED_EDGE ( 'NONE', *, *, #4801, .T. ) ;
#4312 = DIRECTION ( 'NONE',  ( 0.000000000000000000, 0.000000000000000000, 1.000000000000000000 ) ) ;
#4313 = LINE ( 'NONE', #8752, #4471 ) ;
#4314 = FACE_OUTER_BOUND ( 'NONE', #5762, .T. ) ;
#4315 = ORIENTED_EDGE ( 'NONE', *, *, #8826, .F. ) ;
#4316 = AXIS2_PLACEMENT_3D ( 'NONE', #4360, #2660, #3561 ) ;
#4317 = EDGE_CURVE ( 'NONE', #9397, #6656, #3390, .T. ) ;
#4318 = FACE_OUTER_BOUND ( 'NONE', #8400, .T. ) ;
#4319 = ORIENTED_EDGE ( 'NONE', *, *, #2684, .F. ) ;
#4320 = ORIENTED_EDGE ( 'NONE', *, *, #1005, .T. ) ;
#4321 = CARTESIAN_POINT ( 'NONE',  ( 15.00000000000000000, 70.00000000000000000, -15.00000000000000355 ) ) ;
#4322 = DIRECTION ( 'NONE',  ( -0.000000000000000000, 1.000000000000000000, -0.000000000000000000 ) ) ;
#4323 = CARTESIAN_POINT ( 'NONE',  ( 7.999999999999998224, 24.00000000000000000, -25.29497474683058300 ) ) ;
#4324 = CARTESIAN_POINT ( 'NONE',  ( 0.000000000000000000, 16.00000000000000000, -9.399999999999998579 ) ) ;
#4325 = AXIS2_PLACEMENT_3D ( 'NONE', #2210, #2552, #5607 ) ;
#4326 = CARTESIAN_POINT ( 'NONE',  ( 6.928313270737683993, 4.903818423831407536, -17.86270849272694861 ) ) ;
#4327 = LINE ( 'NONE', #7369, #6418 ) ;
#4328 = ADVANCED_FACE ( 'NONE', ( #5646 ), #405, .T. ) ;
#4329 = ADVANCED_FACE ( 'NONE', ( #9537 ), #1848, .T. ) ;
#4330 = CARTESIAN_POINT ( 'NONE',  ( 7.300000000000174794, 0.000000000000000000, -19.71005050633883826 ) ) ;
#4331 = ORIENTED_EDGE ( 'NONE', *, *, #8711, .F. ) ;
#4332 = LINE ( 'NONE', #438, #8743 ) ;
#4333 = CARTESIAN_POINT ( 'NONE',  ( 0.000000000000000000, 60.00000000000000000, -30.00000000000000000 ) ) ;
#4334 = EDGE_LOOP ( 'NONE', ( #4249, #6820, #4880, #4865 ) ) ;
#4335 = ORIENTED_EDGE ( 'NONE', *, *, #4317, .T. ) ;
#4336 = ADVANCED_FACE ( 'NONE', ( #4891 ), #7045, .F. ) ;
#4337 = CARTESIAN_POINT ( 'NONE',  ( 10.50000000000013323, 10.00000000000000178, -12.50000000000000000 ) ) ;
#4338 = CARTESIAN_POINT ( 'NONE',  ( 0.000000000000000000, 51.64999999999999858, 8.000000000000000000 ) ) ;
#4339 = CARTESIAN_POINT ( 'NONE',  ( 22.69999999999995666, 22.78756443470176407, -11.51715728752537871 ) ) ;
#4340 = EDGE_CURVE ( 'NONE', #1995, #9249, #5256, .T. ) ;
#4341 = CARTESIAN_POINT ( 'NONE',  ( 23.20478612941868235, 4.728073580139067644, -17.80364041439975153 ) ) ;
#4342 = CARTESIAN_POINT ( 'NONE',  ( 4.705025253169601740, 60.00000000000000000, -4.705025253169409005 ) ) ;
#4343 = CARTESIAN_POINT ( 'NONE',  ( 10.28994949366122214, 37.26825771477449223, -21.40710678118653121 ) ) ;
#4344 = VERTEX_POINT ( 'NONE', #3340 ) ;
#4345 = ORIENTED_EDGE ( 'NONE', *, *, #7486, .T. ) ;
#4346 = CARTESIAN_POINT ( 'NONE',  ( 22.92070741704783998, 5.059748412722457012, -12.04610874166977652 ) ) ;
#4347 = VECTOR ( 'NONE', #8008, 1000.000000000000000 ) ;
#4348 = CARTESIAN_POINT ( 'NONE',  ( 1.024943591121443953, 53.74478206812334236, 2.602913579346648909 ) ) ;
#4349 = LINE ( 'NONE', #9594, #945 ) ;
#4350 = EDGE_LOOP ( 'NONE', ( #6198, #2420 ) ) ;
#4351 = VERTEX_POINT ( 'NONE', #3239 ) ;
#4352 = ORIENTED_EDGE ( 'NONE', *, *, #1992, .F. ) ;
#4353 = EDGE_CURVE ( 'NONE', #3615, #40, #4041, .T. ) ;
#4354 = AXIS2_PLACEMENT_3D ( 'NONE', #8901, #9697, #8953 ) ;
#4355 = ORIENTED_EDGE ( 'NONE', *, *, #6293, .T. ) ;
#4356 = DIRECTION ( 'NONE',  ( 0.000000000000000000, 1.000000000000000000, -0.000000000000000000 ) ) ;
#4357 = CARTESIAN_POINT ( 'NONE',  ( 28.54454649978220004, 54.82387860206931407, 1.607659153696432641 ) ) ;
#4358 = ORIENTED_EDGE ( 'NONE', *, *, #8481, .T. ) ;
#4359 = LINE ( 'NONE', #2757, #5682 ) ;
#4360 = CARTESIAN_POINT ( 'NONE',  ( 7.999999999999998224, 4.000000000000000000, -19.71005050633883826 ) ) ;
#4361 = CYLINDRICAL_SURFACE ( 'NONE', #6257, 1.399999999999998579 ) ;
#4362 = CARTESIAN_POINT ( 'NONE',  ( 15.00000000000000355, 60.00000000000000000, 6.999999999999995559 ) ) ;
#4363 = DIRECTION ( 'NONE',  ( 0.000000000000000000, -0.000000000000000000, 1.000000000000000000 ) ) ;
#4364 = ORIENTED_EDGE ( 'NONE', *, *, #2785, .F. ) ;
#4365 = EDGE_CURVE ( 'NONE', #1006, #897, #5605, .T. ) ;
#4366 = VERTEX_POINT ( 'NONE', #4841 ) ;
#4367 = DIRECTION ( 'NONE',  ( -1.000000000000000000, 0.000000000000000000, 0.000000000000000000 ) ) ;
#4368 = DIRECTION ( 'NONE',  ( 0.000000000000000000, 0.000000000000000000, 1.000000000000000000 ) ) ;
#4369 = EDGE_CURVE ( 'NONE', #8141, #3249, #7883, .T. ) ;
#4370 = DIRECTION ( 'NONE',  ( 0.000000000000000000, 0.000000000000000000, 1.000000000000000000 ) ) ;
#4371 = DIRECTION ( 'NONE',  ( 2.683475248743013296E-15, -0.000000000000000000, 1.000000000000000000 ) ) ;
#4372 = CARTESIAN_POINT ( 'NONE',  ( -2.943010145560298607, 51.64999999999997726, 7.875793480465387297 ) ) ;
#4373 = VERTEX_POINT ( 'NONE', #9437 ) ;
#4374 = FACE_OUTER_BOUND ( 'NONE', #1518, .T. ) ;
#4375 = DIRECTION ( 'NONE',  ( -0.000000000000000000, -0.000000000000000000, 1.000000000000000000 ) ) ;
#4376 = ORIENTED_EDGE ( 'NONE', *, *, #1339, .F. ) ;
#4377 = EDGE_CURVE ( 'NONE', #7344, #7981, #1997, .T. ) ;
#4378 = ADVANCED_FACE ( 'NONE', ( #8137 ), #8234, .F. ) ;
#4379 = ORIENTED_EDGE ( 'NONE', *, *, #8468, .T. ) ;
#4380 = DIRECTION ( 'NONE',  ( 0.000000000000000000, 0.000000000000000000, 1.000000000000000000 ) ) ;
#4381 = DIRECTION ( 'NONE',  ( 1.000000000000000000, 0.000000000000000000, 0.000000000000000000 ) ) ;
#4382 = CARTESIAN_POINT ( 'NONE',  ( 22.69999999999995666, 50.68817955499563510, -11.51715728752538226 ) ) ;
#4383 = CARTESIAN_POINT ( 'NONE',  ( 18.32853418777019527, 17.21243556529817909, -7.299999999999949196 ) ) ;
#4384 = CARTESIAN_POINT ( 'NONE',  ( 7.245600887463345074, 25.18391335201466674, -11.82164130191884333 ) ) ;
#4385 = LINE ( 'NONE', #8372, #6518 ) ;
#4386 = VECTOR ( 'NONE', #5037, 1000.000000000000000 ) ;
#4387 = ORIENTED_EDGE ( 'NONE', *, *, #2249, .F. ) ;
#4388 = EDGE_CURVE ( 'NONE', #7042, #8796, #7598, .T. ) ;
#4389 = ORIENTED_EDGE ( 'NONE', *, *, #5140, .F. ) ;
#4390 = VECTOR ( 'NONE', #188, 1000.000000000000000 ) ;
#4391 = CARTESIAN_POINT ( 'NONE',  ( 10.28994949366131095, 37.26825771477451354, -8.592893218813408396 ) ) ;
#4392 = CARTESIAN_POINT ( 'NONE',  ( -0.04161927072875282185, 52.58393114058285533, 4.248797836797578498 ) ) ;
#4393 = CARTESIAN_POINT ( 'NONE',  ( 6.105025253169586108, 40.03055035335581380, -12.01213203435591659 ) ) ;
#4394 = ORIENTED_EDGE ( 'NONE', *, *, #5787, .T. ) ;
#4395 = EDGE_LOOP ( 'NONE', ( #5506, #2946, #615, #4473, #3302, #3897, #3872, #732, #1657, #6258, #4816, #5857, #3591, #6041, #6107 ) ) ;
#4396 = ORIENTED_EDGE ( 'NONE', *, *, #7158, .T. ) ;
#4397 = EDGE_LOOP ( 'NONE', ( #9042, #5998, #2400, #4016 ) ) ;
#4398 = ADVANCED_FACE ( 'NONE', ( #8184 ), #1398, .T. ) ;
#4399 = CARTESIAN_POINT ( 'NONE',  ( 29.17055792506267409, 53.44826057352351967, 2.945681158744824391 ) ) ;
#4400 = EDGE_LOOP ( 'NONE', ( #320, #1136 ) ) ;
#4401 = FACE_OUTER_BOUND ( 'NONE', #5870, .T. ) ;
#4402 = DIRECTION ( 'NONE',  ( 1.000000000000000000, 0.000000000000000000, 1.652117596168387263E-16 ) ) ;
#4403 = VECTOR ( 'NONE', #2940, 1000.000000000000000 ) ;
#4404 = DIRECTION ( 'NONE',  ( 0.000000000000000000, 0.000000000000000000, -1.000000000000000000 ) ) ;
#4405 = CARTESIAN_POINT ( 'NONE',  ( 22.94335794316704025, 51.16487475630582793, -12.05374828784255037 ) ) ;
#4406 = EDGE_CURVE ( 'NONE', #1105, #9648, #6745, .T. ) ;
#4407 = DIRECTION ( 'NONE',  ( 1.000000000000000000, 0.000000000000000000, 0.000000000000000000 ) ) ;
#4408 = ORIENTED_EDGE ( 'NONE', *, *, #6951, .T. ) ;
#4409 = AXIS2_PLACEMENT_3D ( 'NONE', #4702, #7753, #8354 ) ;
#4410 = ORIENTED_EDGE ( 'NONE', *, *, #6803, .T. ) ;
#4411 = CARTESIAN_POINT ( 'NONE',  ( -6.999999999999999112, 16.00000000000000000, -9.399999999999998579 ) ) ;
#4412 = DIRECTION ( 'NONE',  ( 0.000000000000000000, 1.000000000000000000, 0.000000000000000000 ) ) ;
#4413 = CARTESIAN_POINT ( 'NONE',  ( 6.600000000000172840, 60.00000000000000000, -18.48284271247457511 ) ) ;
#4414 = CARTESIAN_POINT ( 'NONE',  ( 22.00000000000000000, 47.00000000000000000, -56.99999999999999289 ) ) ;
#4415 = CARTESIAN_POINT ( 'NONE',  ( 30.00000000000000000, 60.00000000000000000, -1.499999999999988898 ) ) ;
#4416 = CARTESIAN_POINT ( 'NONE',  ( 0.000000000000000000, 54.65000000000000568, -0.07774721070174446524 ) ) ;
#4417 = CARTESIAN_POINT ( 'NONE',  ( -6.999999999999999112, 16.00000000000000000, -21.99999999999999645 ) ) ;
#4418 = CARTESIAN_POINT ( 'NONE',  ( 15.00000000000008171, 60.00000000000000711, -28.50000000000003197 ) ) ;
#4419 = VECTOR ( 'NONE', #5849, 1000.000000000000000 ) ;
#4420 = ORIENTED_EDGE ( 'NONE', *, *, #1577, .F. ) ;
#4421 = CARTESIAN_POINT ( 'NONE',  ( 0.000000000000000000, 60.00000000000000000, 0.000000000000000000 ) ) ;
#4422 = LINE ( 'NONE', #8317, #3323 ) ;
#4423 = EDGE_LOOP ( 'NONE', ( #9276, #6659, #5925, #5352 ) ) ;
#4424 = ORIENTED_EDGE ( 'NONE', *, *, #3767, .T. ) ;
#4425 = VECTOR ( 'NONE', #6242, 1000.000000000000000 ) ;
#4426 = PRODUCT_DEFINITION_SHAPE ( 'NONE', 'NONE',  #4646 ) ;
#4427 = FACE_OUTER_BOUND ( 'NONE', #9122, .T. ) ;
#4428 = DIRECTION ( 'NONE',  ( -1.000000000000000000, -0.000000000000000000, 0.000000000000000000 ) ) ;
#4429 = CARTESIAN_POINT ( 'NONE',  ( 6.598052076017276057, 40.06348977667676792, -17.76952277392735979 ) ) ;
#4430 = EDGE_CURVE ( 'NONE', #1352, #7632, #3644, .T. ) ;
#4431 = CARTESIAN_POINT ( 'NONE',  ( 22.00000000000000000, 31.00000000000000000, -56.99999999999999289 ) ) ;
#4432 = CARTESIAN_POINT ( 'NONE',  ( 23.27821405490507800, 4.590723673928831516, -17.79181137837960947 ) ) ;
#4433 = FACE_OUTER_BOUND ( 'NONE', #8802, .T. ) ;
#4434 = CIRCLE ( 'NONE', #135, 1.500000000000001332 ) ;
#4435 = DIRECTION ( 'NONE',  ( 1.000000000000000000, 0.000000000000000000, 0.000000000000000000 ) ) ;
#4436 = VECTOR ( 'NONE', #4084, 1000.000000000000000 ) ;
#4437 = EDGE_CURVE ( 'NONE', #5137, #9285, #4894, .T. ) ;
#4438 = ORIENTED_EDGE ( 'NONE', *, *, #9498, .T. ) ;
#4439 = ORIENTED_EDGE ( 'NONE', *, *, #436, .F. ) ;
#4440 = CIRCLE ( 'NONE', #3157, 3.000000000000002665 ) ;
#4441 = DIRECTION ( 'NONE',  ( 1.000000000000000000, 0.000000000000000000, 0.000000000000000000 ) ) ;
#4442 = AXIS2_PLACEMENT_3D ( 'NONE', #8212, #5833, #5729 ) ;
#4443 = CARTESIAN_POINT ( 'NONE',  ( 12.01213203435610666, 41.26954340298248525, -6.105025253169378274 ) ) ;
#4444 = EDGE_CURVE ( 'NONE', #5561, #1967, #8889, .T. ) ;
#4445 = CARTESIAN_POINT ( 'NONE',  ( 30.00000000000000000, 30.00000000000000355, -17.49999999999999645 ) ) ;
#4446 = CARTESIAN_POINT ( 'NONE',  ( 9.399999999999998579, 4.000000000000000000, -11.09705627484753521 ) ) ;
#4447 = VERTEX_POINT ( 'NONE', #4391 ) ;
#4448 = VECTOR ( 'NONE', #1720, 1000.000000000000000 ) ;
#4449 = VECTOR ( 'NONE', #6729, 1000.000000000000000 ) ;
#4450 = ORIENTED_EDGE ( 'NONE', *, *, #776, .T. ) ;
#4451 = VERTEX_POINT ( 'NONE', #2890 ) ;
#4452 = CARTESIAN_POINT ( 'NONE',  ( 7.300000000000174794, 5.212435565298317641, -18.48284271247463550 ) ) ;
#4453 = ORIENTED_EDGE ( 'NONE', *, *, #7845, .T. ) ;
#4454 = CARTESIAN_POINT ( 'NONE',  ( -3.122502256758252770E-14, 70.00000000000000000, -14.99999999999993960 ) ) ;
#4455 = AXIS2_PLACEMENT_3D ( 'NONE', #7297, #7151, #7945 ) ;
#4456 = CARTESIAN_POINT ( 'NONE',  ( 10.28994949366131095, 40.71227244192535011, -7.299999999999952749 ) ) ;
#4457 = AXIS2_PLACEMENT_3D ( 'NONE', #9321, #8570, #3320 ) ;
#4458 = PLANE ( 'NONE',  #4986 ) ;
#4459 = EDGE_CURVE ( 'NONE', #8240, #3005, #7920, .T. ) ;
#4460 = CARTESIAN_POINT ( 'NONE',  ( 30.27557922195169837, 53.39279029415613564, 1.454209670852651959 ) ) ;
#4461 = FACE_OUTER_BOUND ( 'NONE', #2267, .T. ) ;
#4462 = ORIENTED_EDGE ( 'NONE', *, *, #7243, .F. ) ;
#4463 = ORIENTED_EDGE ( 'NONE', *, *, #6719, .F. ) ;
#4464 = DIRECTION ( 'NONE',  ( 1.000000000000000000, 0.000000000000000000, -6.188934370712449836E-16 ) ) ;
#4465 = EDGE_CURVE ( 'NONE', #8467, #9053, #6439, .T. ) ;
#4466 = FACE_OUTER_BOUND ( 'NONE', #1578, .T. ) ;
#4467 = CARTESIAN_POINT ( 'NONE',  ( 7.300000000000174794, 2.787564434701682803, -19.71005050633883826 ) ) ;
#4468 = DIRECTION ( 'NONE',  ( -0.000000000000000000, -1.000000000000000000, -0.000000000000000000 ) ) ;
#4469 = CARTESIAN_POINT ( 'NONE',  ( 19.71005050633878142, 60.00000000000000000, -22.69999999999998863 ) ) ;
#4470 = DIRECTION ( 'NONE',  ( 0.000000000000000000, 0.000000000000000000, -1.000000000000000000 ) ) ;
#4471 = VECTOR ( 'NONE', #3607, 1000.000000000000114 ) ;
#4472 = DIRECTION ( 'NONE',  ( 0.000000000000000000, 0.000000000000000000, 1.000000000000000000 ) ) ;
#4473 = ORIENTED_EDGE ( 'NONE', *, *, #2908, .T. ) ;
#4474 = DIRECTION ( 'NONE',  ( 0.000000000000000000, 0.000000000000000000, 1.000000000000000000 ) ) ;
#4475 = LINE ( 'NONE', #2083, #2367 ) ;
#4476 = EDGE_LOOP ( 'NONE', ( #2010, #5951 ) ) ;
#4477 = VERTEX_POINT ( 'NONE', #5202 ) ;
#4478 = CYLINDRICAL_SURFACE ( 'NONE', #244, 8.000000000000000000 ) ;
#4479 = FILL_AREA_STYLE_COLOUR ( '', #644 ) ;
#4480 = CARTESIAN_POINT ( 'NONE',  ( 17.80294372515235679, 44.63495421514853945, -19.49999999999998224 ) ) ;
#4481 = CARTESIAN_POINT ( 'NONE',  ( 14.99999999999998757, 51.64999999999999858, 38.99999999999997868 ) ) ;
#4482 = ORIENTED_EDGE ( 'NONE', *, *, #7827, .F. ) ;
#4483 = DIRECTION ( 'NONE',  ( 0.000000000000000000, 0.000000000000000000, -1.000000000000000000 ) ) ;
#4484 = LINE ( 'NONE', #8477, #461 ) ;
#4485 = CARTESIAN_POINT ( 'NONE',  ( 20.60000000000000142, 4.000000000000000000, -59.00000000000000000 ) ) ;
#4486 = EDGE_LOOP ( 'NONE', ( #5302, #5416, #8155, #7491 ) ) ;
#4487 = ORIENTED_EDGE ( 'NONE', *, *, #3366, .F. ) ;
#4488 = VECTOR ( 'NONE', #875, 1000.000000000000114 ) ;
#4489 = CARTESIAN_POINT ( 'NONE',  ( 20.60000000000000142, 4.000000000000000000, -11.09705627484773593 ) ) ;
#4490 = CARTESIAN_POINT ( 'NONE',  ( 17.98786796564402124, 0.000000000000000000, -6.105025253169378274 ) ) ;
#4491 = DIRECTION ( 'NONE',  ( 0.000000000000000000, 0.000000000000000000, -1.000000000000000000 ) ) ;
#4492 = EDGE_CURVE ( 'NONE', #9096, #8219, #5747, .T. ) ;
#4493 = CARTESIAN_POINT ( 'NONE',  ( 19.71005050633889510, 37.26825771477449933, -21.40710678118653121 ) ) ;
#4494 = CARTESIAN_POINT ( 'NONE',  ( 12.03637771049946892, 34.94843003901032574, -22.92664606716944675 ) ) ;
#4495 = EDGE_LOOP ( 'NONE', ( #8167, #9728, #6442, #8270 ) ) ;
#4496 = CIRCLE ( 'NONE', #6742, 3.000000000000000000 ) ;
#4497 = EDGE_CURVE ( 'NONE', #809, #7738, #455, .T. ) ;
#4498 = ORIENTED_EDGE ( 'NONE', *, *, #1532, .T. ) ;
#4499 = ORIENTED_EDGE ( 'NONE', *, *, #3509, .T. ) ;
#4500 = EDGE_CURVE ( 'NONE', #2515, #8683, #4736, .T. ) ;
#4501 = EDGE_CURVE ( 'NONE', #8428, #6945, #9591, .T. ) ;
#4502 = DIRECTION ( 'NONE',  ( 0.000000000000000000, 0.000000000000000000, 1.000000000000000000 ) ) ;
#4503 = EDGE_LOOP ( 'NONE', ( #8978, #2201, #1921, #2056 ) ) ;
#4504 = DIRECTION ( 'NONE',  ( -0.000000000000000000, -0.000000000000000000, 1.000000000000000000 ) ) ;
#4505 = AXIS2_PLACEMENT_3D ( 'NONE', #5015, #6511, #7999 ) ;
#4506 = CARTESIAN_POINT ( 'NONE',  ( 0.000000000000000000, 60.00000000000000000, 0.000000000000000000 ) ) ;
#4507 = CARTESIAN_POINT ( 'NONE',  ( 30.15116908590391986, 53.70306405694006457, 0.9945815746578742234 ) ) ;
#4508 = DIRECTION ( 'NONE',  ( -1.000000000000000000, 0.000000000000000000, -6.195440985631460248E-16 ) ) ;
#4509 = ORIENTED_EDGE ( 'NONE', *, *, #1654, .F. ) ;
#4510 = VECTOR ( 'NONE', #4356, 1000.000000000000000 ) ;
#4511 = ADVANCED_FACE ( 'NONE', ( #8838 ), #4298, .T. ) ;
#4512 = ORIENTED_EDGE ( 'NONE', *, *, #5309, .T. ) ;
#4513 = CARTESIAN_POINT ( 'NONE',  ( 29.00000000000000000, 45.65000000000000568, 0.000000000000000000 ) ) ;
#4514 =( LENGTH_UNIT ( ) NAMED_UNIT ( * ) SI_UNIT ( .MILLI., .METRE. ) );
#4515 = PLANE ( 'NONE',  #8720 ) ;
#4516 = DIRECTION ( 'NONE',  ( 0.000000000000000000, 0.000000000000000000, -1.000000000000000000 ) ) ;
#4517 = CYLINDRICAL_SURFACE ( 'NONE', #3759, 22.00000000000000355 ) ;
#4518 = DIRECTION ( 'NONE',  ( 0.000000000000000000, -1.000000000000000000, 0.000000000000000000 ) ) ;
#4519 = CARTESIAN_POINT ( 'NONE',  ( 17.88289957852893153, 16.96368530282691012, -23.02628901671995720 ) ) ;
#4520 = VERTEX_POINT ( 'NONE', #6650 ) ;
#4521 = LINE ( 'NONE', #82, #7162 ) ;
#4522 = CARTESIAN_POINT ( 'NONE',  ( 7.300000000000169464, 5.212435565298317641, -11.51715728752537871 ) ) ;
#4523 = ORIENTED_EDGE ( 'NONE', *, *, #7573, .F. ) ;
#4524 = EDGE_LOOP ( 'NONE', ( #3047, #8053, #1970, #2853 ) ) ;
#4525 = CYLINDRICAL_SURFACE ( 'NONE', #561, 1.399999999999998579 ) ;
#4526 = CARTESIAN_POINT ( 'NONE',  ( 18.48284271247456090, 60.00000000000000000, -22.69999999999998863 ) ) ;
#4527 = CARTESIAN_POINT ( 'NONE',  ( 0.000000000000000000, 54.65000000000000568, -2.999999999999996447 ) ) ;
#4528 = DIRECTION ( 'NONE',  ( -0.7071067811865477948, 0.000000000000000000, 0.7071067811865473507 ) ) ;
#4529 = EDGE_LOOP ( 'NONE', ( #825, #3261, #1430, #8535, #174, #698, #3500, #347, #3744, #7543 ) ) ;
#4530 = CARTESIAN_POINT ( 'NONE',  ( 22.00000000000000000, 31.00000000000000000, -56.99999999999999289 ) ) ;
#4531 = CARTESIAN_POINT ( 'NONE',  ( 8.592893218813633993, 0.000000000000000000, -19.71005050633883826 ) ) ;
#4532 = DIRECTION ( 'NONE',  ( -1.000000000000000000, 0.000000000000000000, 0.000000000000000000 ) ) ;
#4533 = EDGE_LOOP ( 'NONE', ( #1982, #1450 ) ) ;
#4534 = VERTEX_POINT ( 'NONE', #5457 ) ;
#4535 = DIRECTION ( 'NONE',  ( -1.000000000000000000, 0.000000000000000000, -5.873343889775966453E-16 ) ) ;
#4536 = LINE ( 'NONE', #3036, #4403 ) ;
#4537 = DIRECTION ( 'NONE',  ( 1.000000000000000000, -0.000000000000000000, -0.000000000000000000 ) ) ;
#4538 =( BOUNDED_CURVE ( )  B_SPLINE_CURVE ( 3, ( #4527, #9125, #2285, #4071 ),
 .UNSPECIFIED., .F., .T. ) 
 B_SPLINE_CURVE_WITH_KNOTS ( ( 4, 4 ),
 ( 1.570796326794896780, 3.141592653589797113 ),
 .UNSPECIFIED. ) 
 CURVE ( )  GEOMETRIC_REPRESENTATION_ITEM ( )  RATIONAL_B_SPLINE_CURVE ( ( 1.000000000000000000, 0.8047378541243640493, 0.8047378541243640493, 1.000000000000000000 ) ) 
 REPRESENTATION_ITEM ( '' )  );
#4539 = CARTESIAN_POINT ( 'NONE',  ( 6.721785945094935322, 24.59072367392888836, -17.79181137837958815 ) ) ;
#4540 = CARTESIAN_POINT ( 'NONE',  ( 23.82181729938223924, 53.23324280345836712, -12.08528948180422091 ) ) ;
#4541 = DIRECTION ( 'NONE',  ( -0.000000000000000000, -1.000000000000000000, -0.000000000000000000 ) ) ;
#4542 = ORIENTED_EDGE ( 'NONE', *, *, #5938, .F. ) ;
#4543 = ORIENTED_EDGE ( 'NONE', *, *, #2721, .T. ) ;
#4544 = EDGE_CURVE ( 'NONE', #1508, #7762, #1198, .T. ) ;
#4545 = ORIENTED_EDGE ( 'NONE', *, *, #2547, .T. ) ;
#4546 = CIRCLE ( 'NONE', #8216, 1.400000000000000133 ) ;
#4547 = CARTESIAN_POINT ( 'NONE',  ( 11.51715728752552792, 17.21243556529818619, -7.299999999999952749 ) ) ;
#4548 = ORIENTED_EDGE ( 'NONE', *, *, #7062, .T. ) ;
#4549 = CARTESIAN_POINT ( 'NONE',  ( 10.28994949366122214, 60.00000000000000000, -21.40710678118653121 ) ) ;
#4550 = LINE ( 'NONE', #6858, #2248 ) ;
#4551 = CARTESIAN_POINT ( 'NONE',  ( 28.72675362881643224, 54.24334407201284591, 2.100700273311096655 ) ) ;
#4552 = AXIS2_PLACEMENT_3D ( 'NONE', #6676, #5930, #483 ) ;
#4553 = ADVANCED_FACE ( 'NONE', ( #9234 ), #9836, .F. ) ;
#4554 = EDGE_CURVE ( 'NONE', #5551, #6266, #751, .T. ) ;
#4555 = CARTESIAN_POINT ( 'NONE',  ( 10.61213203435614361, 60.00000000000000000, -4.705025253169414334 ) ) ;
#4556 = ORIENTED_EDGE ( 'NONE', *, *, #6512, .F. ) ;
#4557 = VERTEX_POINT ( 'NONE', #3791 ) ;
#4558 = FACE_BOUND ( 'NONE', #4662, .T. ) ;
#4559 = CARTESIAN_POINT ( 'NONE',  ( 27.00000000000000000, 28.99999999999999645, -56.99999999999999289 ) ) ;
#4560 = DIRECTION ( 'NONE',  ( -0.000000000000000000, -0.000000000000000000, 1.000000000000000000 ) ) ;
#4561 = DIRECTION ( 'NONE',  ( -1.000000000000000000, 0.000000000000000000, 0.000000000000000000 ) ) ;
#4562 = CARTESIAN_POINT ( 'NONE',  ( -6.000000000000012434, 45.65000000000000568, 3.000000000000003997 ) ) ;
#4563 = CARTESIAN_POINT ( 'NONE',  ( 18.33023053823689708, 17.20532511569582468, -22.71273157009484223 ) ) ;
#4564 = ORIENTED_EDGE ( 'NONE', *, *, #8293, .T. ) ;
#4565 = EDGE_CURVE ( 'NONE', #3155, #2243, #6931, .T. ) ;
#4566 = CARTESIAN_POINT ( 'NONE',  ( 6.600000000000168399, 0.000000000000000000, -12.21715728752533359 ) ) ;
#4567 = EDGE_CURVE ( 'NONE', #1236, #544, #6028, .T. ) ;
#4568 = CARTESIAN_POINT ( 'NONE',  ( -0.4999999999999970024, 45.65000000000000568, 52.99999999999998579 ) ) ;
#4569 = VECTOR ( 'NONE', #1069, 1000.000000000000000 ) ;
#4570 = ORIENTED_EDGE ( 'NONE', *, *, #7158, .F. ) ;
#4571 = ORIENTED_EDGE ( 'NONE', *, *, #5851, .T. ) ;
#4572 = CARTESIAN_POINT ( 'NONE',  ( 19.71005050633881339, 46.44956037241001212, -4.999999999999996447 ) ) ;
#4573 = DIRECTION ( 'NONE',  ( -1.000000000000000000, 0.000000000000000000, 0.000000000000000000 ) ) ;
#4574 = AXIS2_PLACEMENT_3D ( 'NONE', #8311, #5872, #3716 ) ;
#4575 = LINE ( 'NONE', #9780, #2102 ) ;
#4576 = DIRECTION ( 'NONE',  ( 0.000000000000000000, 1.000000000000000000, -0.000000000000000000 ) ) ;
#4577 = ORIENTED_EDGE ( 'NONE', *, *, #8082, .F. ) ;
#4578 = PLANE ( 'NONE',  #2693 ) ;
#4579 = CARTESIAN_POINT ( 'NONE',  ( 10.79671542039444532, 14.96864845814728007, -9.099659145546544536 ) ) ;
#4580 = DIRECTION ( 'NONE',  ( 0.000000000000000000, -1.000000000000000000, 0.000000000000000000 ) ) ;
#4581 = VECTOR ( 'NONE', #6445, 1000.000000000000000 ) ;
#4582 = ORIENTED_EDGE ( 'NONE', *, *, #6432, .T. ) ;
#4583 = ORIENTED_EDGE ( 'NONE', *, *, #6839, .F. ) ;
#4584 = CYLINDRICAL_SURFACE ( 'NONE', #6940, 2.499999999999998668 ) ;
#4585 = CARTESIAN_POINT ( 'NONE',  ( 21.40710678118648502, 2.731742285225534861, -19.71005050633883826 ) ) ;
#4586 = CARTESIAN_POINT ( 'NONE',  ( -1.999999999999998224, 45.65000000000000568, 21.99999999999998579 ) ) ;
#4587 = EDGE_CURVE ( 'NONE', #4595, #9108, #9090, .T. ) ;
#4588 = DIRECTION ( 'NONE',  ( -1.000000000000000000, 0.000000000000000000, 0.000000000000000000 ) ) ;
#4589 = AXIS2_PLACEMENT_3D ( 'NONE', #4481, #3877, #3686 ) ;
#4590 = CARTESIAN_POINT ( 'NONE',  ( -0.6576281788779527737, 52.20361373692030327, 5.075193264774410906 ) ) ;
#4591 = CARTESIAN_POINT ( 'NONE',  ( 19.71005050634034816, 46.44956037241168190, -21.40710678118653121 ) ) ;
#4592 = VERTEX_POINT ( 'NONE', #11 ) ;
#4593 = EDGE_LOOP ( 'NONE', ( #2546, #5880 ) ) ;
#4594 = AXIS2_PLACEMENT_3D ( 'NONE', #5043, #399, #503 ) ;
#4595 = VERTEX_POINT ( 'NONE', #8485 ) ;
#4596 = VECTOR ( 'NONE', #7489, 1000.000000000000000 ) ;
#4597 = PLANE ( 'NONE',  #8726 ) ;
#4598 = VERTEX_POINT ( 'NONE', #844 ) ;
#4599 = CARTESIAN_POINT ( 'NONE',  ( 10.28994949366134293, 60.00000000000000000, -22.69999999999998863 ) ) ;
#4600 = CARTESIAN_POINT ( 'NONE',  ( 30.50000000000000355, 45.65000000000000568, 54.49999999999998579 ) ) ;
#4601 = CIRCLE ( 'NONE', #5101, 1.499999999999999556 ) ;
#4602 = VECTOR ( 'NONE', #7269, 1000.000000000000000 ) ;
#4603 = CARTESIAN_POINT ( 'NONE',  ( 30.59455589523471630, 52.85453502627751021, 2.422684130814401371 ) ) ;
#4604 = EDGE_LOOP ( 'NONE', ( #3411, #7299 ) ) ;
#4605 = AXIS2_PLACEMENT_3D ( 'NONE', #5767, #6367, #7206 ) ;
#4606 = ORIENTED_EDGE ( 'NONE', *, *, #4621, .T. ) ;
#4607 = CARTESIAN_POINT ( 'NONE',  ( 10.61213203435614361, 60.00000000000000000, -4.705025253169414334 ) ) ;
#4608 = CIRCLE ( 'NONE', #314, 1.500000000000001332 ) ;
#4609 = CARTESIAN_POINT ( 'NONE',  ( 22.92070741704783998, 25.05974841272244547, -12.04610874166977652 ) ) ;
#4610 = CARTESIAN_POINT ( 'NONE',  ( 10.50000000000013856, 30.00000000000000355, -15.00000000000000178 ) ) ;
#4611 = FACE_OUTER_BOUND ( 'NONE', #8595, .T. ) ;
#4612 = CARTESIAN_POINT ( 'NONE',  ( 26.50000000000000355, 45.65000000000000568, 0.000000000000000000 ) ) ;
#4613 = CARTESIAN_POINT ( 'NONE',  ( 6.599999999999996980, 4.000000000000003553, -12.21715728752533359 ) ) ;
#4614 = EDGE_CURVE ( 'NONE', #2439, #1248, #2583, .T. ) ;
#4615 = ORIENTED_EDGE ( 'NONE', *, *, #7882, .T. ) ;
#4616 = DIRECTION ( 'NONE',  ( 0.000000000000000000, 0.000000000000000000, -1.000000000000000000 ) ) ;
#4617 = AXIS2_PLACEMENT_3D ( 'NONE', #2246, #5254, #9185 ) ;
#4618 = CARTESIAN_POINT ( 'NONE',  ( 12.19646929119500989, 15.27185780553684502, -23.20484424281079328 ) ) ;
#4619 = EDGE_LOOP ( 'NONE', ( #5757, #659, #7274, #6113 ) ) ;
#4620 = EDGE_LOOP ( 'NONE', ( #9202, #7395 ) ) ;
#4621 = EDGE_CURVE ( 'NONE', #4280, #920, #102, .T. ) ;
#4622 = FACE_OUTER_BOUND ( 'NONE', #15, .T. ) ;
#4623 = AXIS2_PLACEMENT_3D ( 'NONE', #6038, #2381, #3775 ) ;
#4624 = EDGE_CURVE ( 'NONE', #6753, #6808, #599, .T. ) ;
#4625 = CARTESIAN_POINT ( 'NONE',  ( 4.999999999999998224, 63.00000000000000000, -4.999999999999998224 ) ) ;
#4626 = CARTESIAN_POINT ( 'NONE',  ( 7.300000000000169464, 22.78756443470168591, -10.28994949366116707 ) ) ;
#4627 = FACE_OUTER_BOUND ( 'NONE', #4619, .T. ) ;
#4628 = ORIENTED_EDGE ( 'NONE', *, *, #401, .F. ) ;
#4629 = CARTESIAN_POINT ( 'NONE',  ( 7.300000000000169464, 5.212435565298314089, -59.00000000000000000 ) ) ;
#4630 = CARTESIAN_POINT ( 'NONE',  ( 0.000000000000000000, 59.64999999999999858, 8.000000000000000000 ) ) ;
#4631 = CARTESIAN_POINT ( 'NONE',  ( 10.61213203435614005, 60.00000000000000000, -25.29497474683057945 ) ) ;
#4632 = ADVANCED_FACE ( 'NONE', ( #5357, #5308 ), #3038, .T. ) ;
#4633 = ORIENTED_EDGE ( 'NONE', *, *, #3367, .F. ) ;
#4634 = EDGE_LOOP ( 'NONE', ( #5987, #5479 ) ) ;
#4635 = EDGE_CURVE ( 'NONE', #7527, #215, #8435, .T. ) ;
#4636 = CARTESIAN_POINT ( 'NONE',  ( 29.51161292608454900, 49.29680444201368772, -30.02896690986372619 ) ) ;
#4637 = FACE_OUTER_BOUND ( 'NONE', #6292, .T. ) ;
#4638 = CARTESIAN_POINT ( 'NONE',  ( 28.50000000000001066, 0.000000000000000000, -30.00000000000000000 ) ) ;
#4639 = DIRECTION ( 'NONE',  ( -0.000000000000000000, -1.000000000000000000, -0.000000000000000000 ) ) ;
#4640 = VECTOR ( 'NONE', #5556, 1000.000000000000000 ) ;
#4641 = CARTESIAN_POINT ( 'NONE',  ( -0.7583189236862646343, 52.15365224822818391, 5.206282693999394695 ) ) ;
#4642 = CARTESIAN_POINT ( 'NONE',  ( 18.48284271247456090, 0.000000000000000000, -22.69999999999998863 ) ) ;
#4643 = EDGE_LOOP ( 'NONE', ( #2371, #4239, #7721, #5387 ) ) ;
#4644 = ORIENTED_EDGE ( 'NONE', *, *, #1073, .F. ) ;
#4645 = ORIENTED_EDGE ( 'NONE', *, *, #6528, .T. ) ;
#4646 = PRODUCT_DEFINITION ( 'UNKNOWN', '', #3191, #4286 ) ;
#4647 = DIRECTION ( 'NONE',  ( 1.000000000000000000, 0.000000000000000000, -2.602085213965211036E-15 ) ) ;
#4648 = EDGE_LOOP ( 'NONE', ( #6368, #1459, #5766, #422, #4738 ) ) ;
#4649 = DIRECTION ( 'NONE',  ( 0.000000000000000000, -0.000000000000000000, 1.000000000000000000 ) ) ;
#4650 = CARTESIAN_POINT ( 'NONE',  ( 30.00000000000000000, 36.00000000000000711, -20.59999999999999787 ) ) ;
#4651 = CARTESIAN_POINT ( 'NONE',  ( 30.45186549764634165, 53.06581292467350863, 2.012402293927784580 ) ) ;
#4652 = VERTEX_POINT ( 'NONE', #3934 ) ;
#4653 = ADVANCED_FACE ( 'NONE', ( #7638 ), #1452, .F. ) ;
#4654 = AXIS2_PLACEMENT_3D ( 'NONE', #1128, #4371, #7218 ) ;
#4655 = EDGE_LOOP ( 'NONE', ( #9740, #9156, #7900, #807 ) ) ;
#4656 = CARTESIAN_POINT ( 'NONE',  ( 7.245600887463388595, 2.816086647985307501, -18.17835869808113358 ) ) ;
#4657 = CARTESIAN_POINT ( 'NONE',  ( 23.02727375321244097, 24.96245464532830738, -12.11757758554539599 ) ) ;
#4658 = VERTEX_POINT ( 'NONE', #3845 ) ;
#4659 = CARTESIAN_POINT ( 'NONE',  ( 22.69999999999994955, 0.000000000000000000, -18.48284271247463550 ) ) ;
#4660 = CARTESIAN_POINT ( 'NONE',  ( -6.999999999999999112, 36.00000000000000711, -20.59999999999999787 ) ) ;
#4661 = DIRECTION ( 'NONE',  ( 0.000000000000000000, 0.000000000000000000, -1.000000000000000000 ) ) ;
#4662 = EDGE_LOOP ( 'NONE', ( #3209, #1302, #2081, #4027, #9190 ) ) ;
#4663 = DIRECTION ( 'NONE',  ( -0.000000000000000000, -1.000000000000000000, -0.000000000000000000 ) ) ;
#4664 = CARTESIAN_POINT ( 'NONE',  ( 11.67051310635671157, 14.79479777756031922, -22.71293606494813488 ) ) ;
#4665 = VERTEX_POINT ( 'NONE', #2195 ) ;
#4666 = EDGE_CURVE ( 'NONE', #9285, #6081, #350, .T. ) ;
#4667 = ORIENTED_EDGE ( 'NONE', *, *, #3546, .T. ) ;
#4668 = CARTESIAN_POINT ( 'NONE',  ( 23.89497474683053824, 53.44409202957852045, -17.98786796564399637 ) ) ;
#4669 = DIRECTION ( 'NONE',  ( 0.7071067811865455743, 0.000000000000000000, -0.7071067811865493491 ) ) ;
#4670 = DIRECTION ( 'NONE',  ( 0.000000000000000000, 0.000000000000000000, 1.000000000000000000 ) ) ;
#4671 = DIRECTION ( 'NONE',  ( 0.000000000000000000, 0.000000000000000000, -1.000000000000000000 ) ) ;
#4672 = B_SPLINE_CURVE_WITH_KNOTS ( 'NONE', 3,
 ( #6074, #1623, #6218, #3909, #3060, #9257, #178, #1476, #4704, #8506, #1667, #3013 ),
 .UNSPECIFIED., .F., .F.,
 ( 4, 2, 2, 2, 2, 4 ),
 ( 0.005440390932442403481, 0.005666553901429987466, 0.005892716870417571452, 0.006345042808392742026, 0.006797368746367912599, 0.007249694684343083173 ),
 .UNSPECIFIED. ) ;
#4673 = CYLINDRICAL_SURFACE ( 'NONE', #6678, 2.500000000000002220 ) ;
#4674 = VERTEX_POINT ( 'NONE', #6288 ) ;
#4675 = DIRECTION ( 'NONE',  ( 0.000000000000000000, 0.000000000000000000, -1.000000000000000000 ) ) ;
#4676 = EDGE_CURVE ( 'NONE', #588, #2105, #9378, .T. ) ;
#4677 = CARTESIAN_POINT ( 'NONE',  ( 22.00000000000000000, 24.00000000000000000, -59.00000000000000000 ) ) ;
#4678 = CARTESIAN_POINT ( 'NONE',  ( -6.999999999999999112, 14.78756443470178361, -22.69999999999998863 ) ) ;
#4679 = EDGE_CURVE ( 'NONE', #4351, #3452, #4783, .T. ) ;
#4680 = EDGE_CURVE ( 'NONE', #8596, #4674, #5236, .T. ) ;
#4681 = ORIENTED_EDGE ( 'NONE', *, *, #7827, .T. ) ;
#4682 = VERTEX_POINT ( 'NONE', #3383 ) ;
#4683 = CARTESIAN_POINT ( 'NONE',  ( 30.00000000000006040, 60.00000000000000711, -14.99999999999989342 ) ) ;
#4684 = PLANE ( 'NONE',  #3822 ) ;
#4685 = CARTESIAN_POINT ( 'NONE',  ( 8.592893218813633993, 60.00000000000000000, -19.71005050633883826 ) ) ;
#4686 = B_SPLINE_CURVE_WITH_KNOTS ( 'NONE', 3,
 ( #1363, #2530, #7173, #3375, #7967, #4405, #9470, #387, #3273, #2808, #9369, #2627 ),
 .UNSPECIFIED., .F., .F.,
 ( 4, 2, 2, 2, 2, 4 ),
 ( 0.001389944873531744280, 0.001863553543060114453, 0.002337162212588484844, 0.002810770882116855017, 0.003047575216881032514, 0.003284379551645210012 ),
 .UNSPECIFIED. ) ;
#4687 = CARTESIAN_POINT ( 'NONE',  ( -2.215613591655457348, 51.70801057409324386, 7.038317180196243861 ) ) ;
#4688 = DIRECTION ( 'NONE',  ( -0.000000000000000000, 2.168404344971008375E-16, 1.000000000000000000 ) ) ;
#4689 = VERTEX_POINT ( 'NONE', #4939 ) ;
#4690 = EDGE_CURVE ( 'NONE', #74, #8557, #1692, .T. ) ;
#4691 = ORIENTED_EDGE ( 'NONE', *, *, #6285, .T. ) ;
#4692 = ORIENTED_EDGE ( 'NONE', *, *, #9749, .T. ) ;
#4693 = DIRECTION ( 'NONE',  ( 0.000000000000000000, 1.000000000000000000, 0.000000000000000000 ) ) ;
#4694 = ORIENTED_EDGE ( 'NONE', *, *, #8218, .F. ) ;
#4695 = CARTESIAN_POINT ( 'NONE',  ( 20.60000000000000142, 4.559407042560330581, -11.09705627484773416 ) ) ;
#4696 = CARTESIAN_POINT ( 'NONE',  ( 11.09705627484776080, 15.44059295743965166, -20.59999999999999787 ) ) ;
#4697 = DIRECTION ( 'NONE',  ( 1.000000000000000000, -0.000000000000000000, -0.000000000000000000 ) ) ;
#4698 = ORIENTED_EDGE ( 'NONE', *, *, #1393, .T. ) ;
#4699 = ORIENTED_EDGE ( 'NONE', *, *, #9680, .T. ) ;
#4700 = ORIENTED_EDGE ( 'NONE', *, *, #5463, .F. ) ;
#4701 = CARTESIAN_POINT ( 'NONE',  ( 6.599999999999997868, 3.848716349334726505, -17.78284271247457582 ) ) ;
#4702 = CARTESIAN_POINT ( 'NONE',  ( 32.00000000000000000, 45.65000000000000568, 0.000000000000000000 ) ) ;
#4703 = EDGE_LOOP ( 'NONE', ( #5162, #850, #1674, #5127 ) ) ;
#4704 = CARTESIAN_POINT ( 'NONE',  ( 17.79184219656478305, 36.59144235812141943, -23.27795430778627406 ) ) ;
#4705 = CARTESIAN_POINT ( 'NONE',  ( 18.48284271247459642, 34.78756443470181381, -7.299999999999950973 ) ) ;
#4706 = AXIS2_PLACEMENT_3D ( 'NONE', #9810, #8059, #4368 ) ;
#4707 = LINE ( 'NONE', #7757, #4017 ) ;
#4708 = EDGE_CURVE ( 'NONE', #5561, #9168, #1891, .T. ) ;
#4709 = EDGE_CURVE ( 'NONE', #2835, #1080, #3332, .T. ) ;
#4710 = EDGE_LOOP ( 'NONE', ( #6239, #8080, #3849, #5768, #2926, #7625 ) ) ;
#4711 = CARTESIAN_POINT ( 'NONE',  ( 17.78928979793711562, 16.52004614416154027, -6.697923523693161130 ) ) ;
#4712 = CARTESIAN_POINT ( 'NONE',  ( -3.000000000000006217, 45.65000000000000568, 59.50000000000000711 ) ) ;
#4713 = VERTEX_POINT ( 'NONE', #7832 ) ;
#4714 = VECTOR ( 'NONE', #5669, 1000.000000000000000 ) ;
#4715 = ORIENTED_EDGE ( 'NONE', *, *, #9726, .F. ) ;
#4716 = CARTESIAN_POINT ( 'NONE',  ( 22.90024227615793606, 51.07821108667165788, -17.98713630104825612 ) ) ;
#4717 = DIRECTION ( 'NONE',  ( 0.7071067811865509034, 0.000000000000000000, -0.7071067811865442421 ) ) ;
#4718 = FACE_OUTER_BOUND ( 'NONE', #8502, .T. ) ;
#4719 = DIRECTION ( 'NONE',  ( 0.000000000000000000, 0.000000000000000000, -1.000000000000000000 ) ) ;
#4720 = LINE ( 'NONE', #1829, #4273 ) ;
#4721 = ADVANCED_FACE ( 'NONE', ( #2488 ), #300, .F. ) ;
#4722 = CARTESIAN_POINT ( 'NONE',  ( 22.69999999999994955, 5.212435565298242146, -19.71005050633883826 ) ) ;
#4723 = AXIS2_PLACEMENT_3D ( 'NONE', #7214, #1776, #1022 ) ;
#4724 = DIRECTION ( 'NONE',  ( -1.000000000000000000, 0.000000000000000000, -0.000000000000000000 ) ) ;
#4725 = PLANE ( 'NONE',  #781 ) ;
#4726 = VERTEX_POINT ( 'NONE', #7976 ) ;
#4727 = AXIS2_PLACEMENT_3D ( 'NONE', #7407, #3617, #577 ) ;
#4728 = EDGE_LOOP ( 'NONE', ( #3512, #2715, #7241, #6126 ) ) ;
#4729 = DIRECTION ( 'NONE',  ( -1.000000000000000000, 0.000000000000000000, 1.239088197126292050E-15 ) ) ;
#4730 = FACE_BOUND ( 'NONE', #8068, .T. ) ;
#4731 = FACE_OUTER_BOUND ( 'NONE', #5251, .T. ) ;
#4732 = ADVANCED_FACE ( 'NONE', ( #4731 ), #4884, .F. ) ;
#4733 = CARTESIAN_POINT ( 'NONE',  ( -2.445301565146058564, 51.67880327041810773, 7.320613129930122476 ) ) ;
#4734 = EDGE_CURVE ( 'NONE', #5855, #1105, #203, .T. ) ;
#4735 = CARTESIAN_POINT ( 'NONE',  ( 9.399999999999998579, 24.00000000000000000, -59.00000000000000000 ) ) ;
#4736 = CIRCLE ( 'NONE', #1237, 1.500000000000001332 ) ;
#4737 = ORIENTED_EDGE ( 'NONE', *, *, #9581, .F. ) ;
#4738 = ORIENTED_EDGE ( 'NONE', *, *, #3267, .F. ) ;
#4739 = ORIENTED_EDGE ( 'NONE', *, *, #1294, .F. ) ;
#4740 = AXIS2_PLACEMENT_3D ( 'NONE', #4121, #192, #5585 ) ;
#4741 = CARTESIAN_POINT ( 'NONE',  ( 7.999999999999998224, 24.00000000000000000, -59.00000000000000000 ) ) ;
#4742 = ORIENTED_EDGE ( 'NONE', *, *, #9079, .F. ) ;
#4743 = CARTESIAN_POINT ( 'NONE',  ( 10.28994949366134293, 0.000000000000000000, -22.69999999999998863 ) ) ;
#4744 = CARTESIAN_POINT ( 'NONE',  ( 10.79671542039432452, 14.96864845814731559, -20.90034085445342882 ) ) ;
#4745 = CARTESIAN_POINT ( 'NONE',  ( 30.99754359106210089, 52.03836868166585816, 5.516708908543466627 ) ) ;
#4746 = EDGE_LOOP ( 'NONE', ( #5452, #6029, #7443, #3167, #2690, #1762 ) ) ;
#4747 = AXIS2_PLACEMENT_3D ( 'NONE', #8893, #1200, #2001 ) ;
#4748 = AXIS2_PLACEMENT_3D ( 'NONE', #3434, #4940, #7085 ) ;
#4749 = ORIENTED_EDGE ( 'NONE', *, *, #7875, .T. ) ;
#4750 = ORIENTED_EDGE ( 'NONE', *, *, #4614, .F. ) ;
#4751 = LINE ( 'NONE', #6454, #5327 ) ;
#4752 = DIRECTION ( 'NONE',  ( 0.000000000000000000, 1.000000000000000000, -0.000000000000000000 ) ) ;
#4753 = ORIENTED_EDGE ( 'NONE', *, *, #2684, .T. ) ;
#4754 = CARTESIAN_POINT ( 'NONE',  ( 23.27821405490509221, 3.409276326071200902, -12.20818862162029816 ) ) ;
#4755 = AXIS2_PLACEMENT_3D ( 'NONE', #5301, #2290, #5150 ) ;
#4756 = CARTESIAN_POINT ( 'NONE',  ( 18.01027003025337692, 34.90902160477779859, -7.121106594678296986 ) ) ;
#4757 = AXIS2_PLACEMENT_3D ( 'NONE', #2187, #1445, #1496 ) ;
#4758 = CARTESIAN_POINT ( 'NONE',  ( 17.80294372515235679, 60.00000000000000000, -19.49999999999998224 ) ) ;
#4759 = ORIENTED_EDGE ( 'NONE', *, *, #4790, .F. ) ;
#4760 = CARTESIAN_POINT ( 'NONE',  ( 0.000000000000000000, 30.00000000000000355, -15.00000000000000178 ) ) ;
#4761 = CARTESIAN_POINT ( 'NONE',  ( 12.13690112637268648, 15.09521926421069082, -23.07090242148504089 ) ) ;
#4762 = ORIENTED_EDGE ( 'NONE', *, *, #7487, .F. ) ;
#4763 = AXIS2_PLACEMENT_3D ( 'NONE', #3663, #2160, #8105 ) ;
#4764 = EDGE_CURVE ( 'NONE', #65, #7108, #3231, .T. ) ;
#4765 = ORIENTED_EDGE ( 'NONE', *, *, #5023, .T. ) ;
#4766 = CARTESIAN_POINT ( 'NONE',  ( 30.00000000000000000, 59.64999999999999858, 0.000000000000000000 ) ) ;
#4767 = FACE_BOUND ( 'NONE', #8940, .T. ) ;
#4768 = CARTESIAN_POINT ( 'NONE',  ( 27.54903810567666156, 28.45096189432334199, -30.95096189432333489 ) ) ;
#4769 = CARTESIAN_POINT ( 'NONE',  ( 29.50000000000000355, 45.65000000000000568, 59.50000000000001421 ) ) ;
#4770 = CARTESIAN_POINT ( 'NONE',  ( -1.999999999999998224, 45.65000000000000568, 0.000000000000000000 ) ) ;
#4771 = CARTESIAN_POINT ( 'NONE',  ( 30.87934811634486110, 52.52745925894463142, 3.174527874916667436 ) ) ;
#4772 = CIRCLE ( 'NONE', #8439, 3.000000000000000000 ) ;
#4773 = DIRECTION ( 'NONE',  ( 0.000000000000000000, -1.000000000000000000, 0.000000000000000000 ) ) ;
#4774 = VERTEX_POINT ( 'NONE', #6387 ) ;
#4775 = FACE_OUTER_BOUND ( 'NONE', #2050, .T. ) ;
#4776 = DIRECTION ( 'NONE',  ( 0.000000000000000000, 0.000000000000000000, 1.000000000000000000 ) ) ;
#4777 = ADVANCED_FACE ( 'NONE', ( #4183 ), #4835, .T. ) ;
#4778 = ADVANCED_FACE ( 'NONE', ( #9477 ), #5641, .T. ) ;
#4779 = AXIS2_PLACEMENT_3D ( 'NONE', #7131, #2588, #4882 ) ;
#4780 = ORIENTED_EDGE ( 'NONE', *, *, #2441, .T. ) ;
#4781 = CARTESIAN_POINT ( 'NONE',  ( 30.00000000000000000, 60.00000000000000000, -28.49999999999999645 ) ) ;
#4782 = LINE ( 'NONE', #4081, #1596 ) ;
#4783 = LINE ( 'NONE', #8729, #2514 ) ;
#4784 = CIRCLE ( 'NONE', #5286, 22.00000000000000000 ) ;
#4785 = LINE ( 'NONE', #351, #301 ) ;
#4786 = LINE ( 'NONE', #7834, #7483 ) ;
#4787 = ORIENTED_EDGE ( 'NONE', *, *, #7499, .F. ) ;
#4788 = ORIENTED_EDGE ( 'NONE', *, *, #8265, .T. ) ;
#4789 = CIRCLE ( 'NONE', #1454, 2.499999999999998668 ) ;
#4790 = EDGE_CURVE ( 'NONE', #3278, #8369, #3282, .T. ) ;
#4791 = PLANE ( 'NONE',  #2033 ) ;
#4792 = VERTEX_POINT ( 'NONE', #6338 ) ;
#4793 = CARTESIAN_POINT ( 'NONE',  ( 17.80294372515235679, 60.00000000000000000, -19.49999999999998224 ) ) ;
#4794 = CARTESIAN_POINT ( 'NONE',  ( 4.999999999999999112, 60.00000000000000000, -24.99999999999999645 ) ) ;
#4795 = CARTESIAN_POINT ( 'NONE',  ( 19.71005050633881339, 60.00000000000000000, -8.592893218813411949 ) ) ;
#4796 = EDGE_CURVE ( 'NONE', #7196, #4253, #7924, .T. ) ;
#4797 =( BOUNDED_CURVE ( )  B_SPLINE_CURVE ( 3, ( #5763, #8851, #8803, #8194 ),
 .UNSPECIFIED., .F., .T. ) 
 B_SPLINE_CURVE_WITH_KNOTS ( ( 4, 4 ),
 ( 0.000000000000000000, 1.133496249191897620 ),
 .UNSPECIFIED. ) 
 CURVE ( )  GEOMETRIC_REPRESENTATION_ITEM ( )  RATIONAL_B_SPLINE_CURVE ( ( 1.000000000000000000, 0.8957675578916598491, 0.8957675578916598491, 1.000000000000000000 ) ) 
 REPRESENTATION_ITEM ( '' )  );
#4798 = ORIENTED_EDGE ( 'NONE', *, *, #403, .F. ) ;
#4799 = AXIS2_PLACEMENT_3D ( 'NONE', #1196, #456, #6497 ) ;
#4800 = ORIENTED_EDGE ( 'NONE', *, *, #5189, .F. ) ;
#4801 = EDGE_CURVE ( 'NONE', #9432, #2652, #2635, .T. ) ;
#4802 = EDGE_CURVE ( 'NONE', #3396, #263, #8450, .T. ) ;
#4803 = EDGE_LOOP ( 'NONE', ( #5326, #6537 ) ) ;
#4804 = LINE ( 'NONE', #175, #8337 ) ;
#4805 = CARTESIAN_POINT ( 'NONE',  ( 32.24743942800117225, 51.70336615881088704, 7.077487150024805551 ) ) ;
#4806 = EDGE_LOOP ( 'NONE', ( #5610, #6070 ) ) ;
#4807 = PLANE ( 'NONE',  #1845 ) ;
#4808 = VECTOR ( 'NONE', #5393, 1000.000000000000000 ) ;
#4809 = CARTESIAN_POINT ( 'NONE',  ( 18.17866964474671221, 34.81600271418746928, -7.245745179513606082 ) ) ;
#4810 = DIRECTION ( 'NONE',  ( -0.000000000000000000, -1.000000000000000000, -0.000000000000000000 ) ) ;
#4811 = VERTEX_POINT ( 'NONE', #4382 ) ;
#4812 = CARTESIAN_POINT ( 'NONE',  ( 17.78284271247460424, 16.00000000000000000, -6.600000000000000533 ) ) ;
#4813 = CARTESIAN_POINT ( 'NONE',  ( 8.592893218813628664, 5.268257714774412293, -10.28994949366115996 ) ) ;
#4814 = ORIENTED_EDGE ( 'NONE', *, *, #3345, .T. ) ;
#4815 = CIRCLE ( 'NONE', #2434, 1.500000000000001332 ) ;
#4816 = ORIENTED_EDGE ( 'NONE', *, *, #7257, .F. ) ;
#4817 = CARTESIAN_POINT ( 'NONE',  ( 22.69999999999993179, 22.78756443470175341, -18.32850920836596842 ) ) ;
#4818 = DIRECTION ( 'NONE',  ( -1.000000000000000000, 0.000000000000000000, 1.239088197126292050E-15 ) ) ;
#4819 = CARTESIAN_POINT ( 'NONE',  ( 23.18760488267185949, 51.67958323751599181, -17.81297812082154408 ) ) ;
#4820 = DIRECTION ( 'NONE',  ( 1.000000000000000000, -0.000000000000000000, -0.000000000000000000 ) ) ;
#4821 = CARTESIAN_POINT ( 'NONE',  ( 21.40710678118649568, 60.00000000000000000, -10.28994949366116529 ) ) ;
#4822 = DIRECTION ( 'NONE',  ( 0.000000000000000000, 0.000000000000000000, -1.000000000000000000 ) ) ;
#4823 = CARTESIAN_POINT ( 'NONE',  ( 30.00000000000000000, 54.65000000000000568, -0.07774721070174327175 ) ) ;
#4824 = CIRCLE ( 'NONE', #4189, 22.00000000000000000 ) ;
#4825 = CARTESIAN_POINT ( 'NONE',  ( 23.39999999999999858, 24.00000000000000000, 0.000000000000000000 ) ) ;
#4826 = DIRECTION ( 'NONE',  ( 0.000000000000000000, 0.000000000000000000, -1.000000000000000000 ) ) ;
#4827 = EDGE_CURVE ( 'NONE', #1708, #1194, #7294, .T. ) ;
#4828 = VERTEX_POINT ( 'NONE', #4339 ) ;
#4829 = CARTESIAN_POINT ( 'NONE',  ( 4.705025253169599964, 39.99999999999999289, -24.99999999999999645 ) ) ;
#4830 = FACE_OUTER_BOUND ( 'NONE', #6860, .T. ) ;
#4831 = VECTOR ( 'NONE', #9109, 1000.000000000000000 ) ;
#4832 = ORIENTED_EDGE ( 'NONE', *, *, #570, .F. ) ;
#4833 = CYLINDRICAL_SURFACE ( 'NONE', #5198, 1.400000000000000133 ) ;
#4834 = LINE ( 'NONE', #1037, #1902 ) ;
#4835 = PLANE ( 'NONE',  #7450 ) ;
#4836 = EDGE_CURVE ( 'NONE', #9609, #4534, #1295, .T. ) ;
#4837 = DIRECTION ( 'NONE',  ( 0.000000000000000000, 0.000000000000000000, 1.000000000000000000 ) ) ;
#4838 = LINE ( 'NONE', #993, #8260 ) ;
#4839 = ORIENTED_EDGE ( 'NONE', *, *, #2617, .F. ) ;
#4840 = ORIENTED_EDGE ( 'NONE', *, *, #9503, .F. ) ;
#4841 = CARTESIAN_POINT ( 'NONE',  ( 22.69999999999994955, 22.78756443470176052, -19.71005050633883826 ) ) ;
#4842 = CARTESIAN_POINT ( 'NONE',  ( 6.105025253169586108, 60.00000000000000000, -17.98786796564399282 ) ) ;
#4843 = FACE_OUTER_BOUND ( 'NONE', #4897, .T. ) ;
#4844 = DIRECTION ( 'NONE',  ( -0.7071067811865474617, 0.000000000000000000, -0.7071067811865474617 ) ) ;
#4845 = DIRECTION ( 'NONE',  ( 1.000000000000000000, 0.000000000000000000, 0.000000000000000000 ) ) ;
#4846 = EDGE_LOOP ( 'NONE', ( #5600, #2014, #7187, #5454, #9669, #3246, #790, #2800, #5869 ) ) ;
#4847 = ADVANCED_FACE ( 'NONE', ( #5792 ), #8075, .F. ) ;
#4848 = ORIENTED_EDGE ( 'NONE', *, *, #4963, .F. ) ;
#4849 = ORIENTED_EDGE ( 'NONE', *, *, #752, .T. ) ;
#4850 = CARTESIAN_POINT ( 'NONE',  ( 15.00000000000008171, 70.00000000000000000, -28.50000000000003197 ) ) ;
#4851 = CARTESIAN_POINT ( 'NONE',  ( 10.28994949366131095, 0.000000000000000000, -8.592893218813408396 ) ) ;
#4852 = EDGE_CURVE ( 'NONE', #5044, #1544, #2137, .T. ) ;
#4853 = CARTESIAN_POINT ( 'NONE',  ( 32.83973774330291917, 51.65201973981056227, 7.803877244709104488 ) ) ;
#4854 = VERTEX_POINT ( 'NONE', #5194 ) ;
#4855 = CARTESIAN_POINT ( 'NONE',  ( 11.09705627484776080, 16.00000000000000000, -20.59999999999999787 ) ) ;
#4856 = CARTESIAN_POINT ( 'NONE',  ( 25.29497474683052616, 16.00000000000000000, -8.000000000000000000 ) ) ;
#4857 = CARTESIAN_POINT ( 'NONE',  ( 7.072720925184909468, 2.948999345702338903, -12.03692773866443844 ) ) ;
#4858 = EDGE_CURVE ( 'NONE', #9501, #5561, #6669, .T. ) ;
#4859 = EDGE_CURVE ( 'NONE', #6536, #3941, #1887, .T. ) ;
#4860 = VECTOR ( 'NONE', #1789, 1000.000000000000000 ) ;
#4861 = VERTEX_POINT ( 'NONE', #4989 ) ;
#4862 = ADVANCED_FACE ( 'NONE', ( #2882 ), #396, .T. ) ;
#4863 = DIRECTION ( 'NONE',  ( -1.000000000000000000, -0.000000000000000000, -0.000000000000000000 ) ) ;
#4864 = ORIENTED_EDGE ( 'NONE', *, *, #2357, .F. ) ;
#4865 = ORIENTED_EDGE ( 'NONE', *, *, #264, .T. ) ;
#4866 = CARTESIAN_POINT ( 'NONE',  ( 29.00000000000000000, 45.65000000000000568, 23.49999999999998579 ) ) ;
#4867 = VECTOR ( 'NONE', #1535, 1000.000000000000000 ) ;
#4868 = CARTESIAN_POINT ( 'NONE',  ( 12.00934179705585336, 41.26811409882873960, -22.88449125101489656 ) ) ;
#4869 = DIRECTION ( 'NONE',  ( 0.000000000000000000, -1.000000000000000000, 0.000000000000000000 ) ) ;
#4870 = LINE ( 'NONE', #1072, #1202 ) ;
#4871 = LINE ( 'NONE', #7911, #2390 ) ;
#4872 = DIRECTION ( 'NONE',  ( -0.000000000000000000, 1.000000000000000000, -0.000000000000000000 ) ) ;
#4873 = CARTESIAN_POINT ( 'NONE',  ( 30.00750963490910905, 54.40522785254725591, 0.1582511448637062834 ) ) ;
#4874 = EDGE_CURVE ( 'NONE', #4592, #2338, #8253, .T. ) ;
#4875 = DIRECTION ( 'NONE',  ( 0.000000000000000000, 0.000000000000000000, -1.000000000000000000 ) ) ;
#4876 = CARTESIAN_POINT ( 'NONE',  ( 12.20815691069839026, 16.59136714554077940, -23.27796789512370168 ) ) ;
#4877 = DIRECTION ( 'NONE',  ( -0.7071067811865784369, 0.000000000000000000, 0.7071067811865165975 ) ) ;
#4878 = CARTESIAN_POINT ( 'NONE',  ( 5.000000000000000000, 39.99999999999999289, -19.09289321881357893 ) ) ;
#4879 = VECTOR ( 'NONE', #2272, 1000.000000000000000 ) ;
#4880 = ORIENTED_EDGE ( 'NONE', *, *, #7302, .T. ) ;
#4881 = DIRECTION ( 'NONE',  ( -1.413553177098500055E-15, 0.000000000000000000, -1.000000000000000000 ) ) ;
#4882 = DIRECTION ( 'NONE',  ( -1.000000000000000000, 0.000000000000000000, 0.000000000000000000 ) ) ;
#4883 = VECTOR ( 'NONE', #4269, 1000.000000000000000 ) ;
#4884 = CYLINDRICAL_SURFACE ( 'NONE', #9695, 2.499999999999998668 ) ;
#4885 = PLANE ( 'NONE',  #774 ) ;
#4886 = CARTESIAN_POINT ( 'NONE',  ( 23.07168672926240660, 23.09618157616870704, -12.13729150727294126 ) ) ;
#4887 = AXIS2_PLACEMENT_3D ( 'NONE', #3011, #9303, #910 ) ;
#4888 = VERTEX_POINT ( 'NONE', #5039 ) ;
#4889 = VERTEX_POINT ( 'NONE', #8781 ) ;
#4890 = EDGE_CURVE ( 'NONE', #4964, #6873, #1945, .T. ) ;
#4891 = FACE_OUTER_BOUND ( 'NONE', #2790, .T. ) ;
#4892 = DIRECTION ( 'NONE',  ( -1.413553177098500055E-15, 0.000000000000000000, -1.000000000000000000 ) ) ;
#4893 = FACE_BOUND ( 'NONE', #7697, .T. ) ;
#4894 = CIRCLE ( 'NONE', #9045, 3.000000000000002665 ) ;
#4895 = CARTESIAN_POINT ( 'NONE',  ( 12.20631664820126616, 36.58960378116879042, -6.727976557960163362 ) ) ;
#4896 = DIRECTION ( 'NONE',  ( 0.000000000000000000, 0.000000000000000000, -1.000000000000000000 ) ) ;
#4897 = EDGE_LOOP ( 'NONE', ( #7803, #22, #6632, #409 ) ) ;
#4898 = ORIENTED_EDGE ( 'NONE', *, *, #4734, .T. ) ;
#4899 = VECTOR ( 'NONE', #91, 1000.000000000000114 ) ;
#4900 = ORIENTED_EDGE ( 'NONE', *, *, #1959, .T. ) ;
#4901 = FACE_BOUND ( 'NONE', #6178, .T. ) ;
#4902 = DIRECTION ( 'NONE',  ( -1.000000000000000000, 0.000000000000000000, 0.000000000000000000 ) ) ;
#4903 = CARTESIAN_POINT ( 'NONE',  ( 30.52256093481375387, 52.27389790720913254, 4.898397656832787384 ) ) ;
#4904 = ORIENTED_EDGE ( 'NONE', *, *, #475, .F. ) ;
#4905 = FACE_BOUND ( 'NONE', #4476, .T. ) ;
#4906 = DIRECTION ( 'NONE',  ( 1.000000000000000000, -0.000000000000000000, -0.000000000000000000 ) ) ;
#4907 = DIRECTION ( 'NONE',  ( -0.000000000000000000, -1.000000000000000000, -0.000000000000000000 ) ) ;
#4908 = VECTOR ( 'NONE', #6004, 1000.000000000000000 ) ;
#4909 = AXIS2_PLACEMENT_3D ( 'NONE', #2832, #2885, #8077 ) ;
#4910 = ORIENTED_EDGE ( 'NONE', *, *, #3851, .T. ) ;
#4911 = CARTESIAN_POINT ( 'NONE',  ( 8.592893218813628664, 0.000000000000000000, -10.28994949366116352 ) ) ;
#4912 = ORIENTED_EDGE ( 'NONE', *, *, #5110, .T. ) ;
#4913 = EDGE_CURVE ( 'NONE', #2610, #1007, #8881, .T. ) ;
#4914 = VECTOR ( 'NONE', #8078, 1000.000000000000000 ) ;
#4915 = ORIENTED_EDGE ( 'NONE', *, *, #448, .T. ) ;
#4916 = CARTESIAN_POINT ( 'NONE',  ( 32.00000000000000000, 51.64999999999999858, 21.99999999999998579 ) ) ;
#4917 = AXIS2_PLACEMENT_3D ( 'NONE', #6682, #5783, #5085 ) ;
#4918 = CARTESIAN_POINT ( 'NONE',  ( 4.999999999999997335, 60.00000000000000000, -4.999999999999996447 ) ) ;
#4919 = DIRECTION ( 'NONE',  ( -0.000000000000000000, -1.000000000000000000, -0.000000000000000000 ) ) ;
#4920 = DIRECTION ( 'NONE',  ( 0.000000000000000000, 0.000000000000000000, 1.000000000000000000 ) ) ;
#4921 = ADVANCED_FACE ( 'NONE', ( #3481 ), #5094, .F. ) ;
#4922 = CARTESIAN_POINT ( 'NONE',  ( 19.50000000000016342, 10.00000000000000178, -15.00000000000000000 ) ) ;
#4923 = CARTESIAN_POINT ( 'NONE',  ( 19.71005050633881339, 60.00000000000000000, -8.592893218813411949 ) ) ;
#4924 = CARTESIAN_POINT ( 'NONE',  ( 32.72322939326038238, 51.66278414299543442, 7.396454680650013103 ) ) ;
#4925 = DIRECTION ( 'NONE',  ( 0.000000000000000000, 1.000000000000000000, 0.000000000000000000 ) ) ;
#4926 = LINE ( 'NONE', #4074, #478 ) ;
#4927 = DIRECTION ( 'NONE',  ( 0.000000000000000000, 0.000000000000000000, 1.000000000000000000 ) ) ;
#4928 = AXIS2_PLACEMENT_3D ( 'NONE', #8252, #1273, #5217 ) ;
#4929 = CARTESIAN_POINT ( 'NONE',  ( -0.9891780069590709878, 52.42314296804916296, 3.450304877837750972 ) ) ;
#4930 = AXIS2_PLACEMENT_3D ( 'NONE', #9211, #5288, #38 ) ;
#4931 = VERTEX_POINT ( 'NONE', #6639 ) ;
#4932 = EDGE_CURVE ( 'NONE', #4447, #4280, #5979, .T. ) ;
#4933 = EDGE_CURVE ( 'NONE', #7953, #8397, #9584, .T. ) ;
#4934 = ORIENTED_EDGE ( 'NONE', *, *, #341, .F. ) ;
#4935 = DIRECTION ( 'NONE',  ( 1.000000000000000000, 0.000000000000000000, 0.000000000000000000 ) ) ;
#4936 = VECTOR ( 'NONE', #1451, 1000.000000000000000 ) ;
#4937 = DIRECTION ( 'NONE',  ( -0.000000000000000000, -1.000000000000000000, -0.000000000000000000 ) ) ;
#4938 = VECTOR ( 'NONE', #9585, 1000.000000000000000 ) ;
#4939 = CARTESIAN_POINT ( 'NONE',  ( 23.39999999999999858, 24.00000000000000000, -25.29497474683058300 ) ) ;
#4940 = DIRECTION ( 'NONE',  ( 1.000000000000000000, -0.000000000000000000, -0.000000000000000000 ) ) ;
#4941 = CARTESIAN_POINT ( 'NONE',  ( 23.40000000000000213, 23.84865076666668315, -12.21715728752533359 ) ) ;
#4942 = EDGE_CURVE ( 'NONE', #3068, #1652, #5345, .T. ) ;
#4943 = AXIS2_PLACEMENT_3D ( 'NONE', #4922, #3268, #8516 ) ;
#4944 = VERTEX_POINT ( 'NONE', #8323 ) ;
#4945 = ADVANCED_FACE ( 'NONE', ( #6087 ), #8368, .F. ) ;
#4946 = ORIENTED_EDGE ( 'NONE', *, *, #4014, .F. ) ;
#4947 =( BOUNDED_CURVE ( )  B_SPLINE_CURVE ( 3, ( #166, #3194, #5417, #9390 ),
 .UNSPECIFIED., .F., .T. ) 
 B_SPLINE_CURVE_WITH_KNOTS ( ( 4, 4 ),
 ( 2.008096404397817114, 3.141592653589793116 ),
 .UNSPECIFIED. ) 
 CURVE ( )  GEOMETRIC_REPRESENTATION_ITEM ( )  RATIONAL_B_SPLINE_CURVE ( ( 1.000000000000000000, 0.8957675578916456383, 0.8957675578916456383, 1.000000000000000000 ) ) 
 REPRESENTATION_ITEM ( '' )  );
#4948 = CARTESIAN_POINT ( 'NONE',  ( 6.599999999999996980, 4.000000000000000000, 0.000000000000000000 ) ) ;
#4949 = LINE ( 'NONE', #5942, #3855 ) ;
#4950 = CYLINDRICAL_SURFACE ( 'NONE', #1574, 1.500000000000001332 ) ;
#4951 = DIRECTION ( 'NONE',  ( 0.000000000000000000, 0.000000000000000000, -1.000000000000000000 ) ) ;
#4952 = EDGE_CURVE ( 'NONE', #4156, #5937, #9222, .T. ) ;
#4953 = VERTEX_POINT ( 'NONE', #5992 ) ;
#4954 = EDGE_LOOP ( 'NONE', ( #911, #2032, #7098, #8490 ) ) ;
#4955 = EDGE_LOOP ( 'NONE', ( #777, #3682, #9627, #1144 ) ) ;
#4956 = DIRECTION ( 'NONE',  ( 0.000000000000000000, 0.000000000000000000, 1.000000000000000000 ) ) ;
#4957 = CARTESIAN_POINT ( 'NONE',  ( -6.999999999999998224, 34.78756443470183513, -7.299999999999916334 ) ) ;
#4958 = CARTESIAN_POINT ( 'NONE',  ( 31.35047793327724008, 51.91179580506006630, 5.963058514722651360 ) ) ;
#4959 = ORIENTED_EDGE ( 'NONE', *, *, #6750, .F. ) ;
#4960 = FACE_BOUND ( 'NONE', #8352, .T. ) ;
#4961 = DIRECTION ( 'NONE',  ( 0.000000000000000000, -0.000000000000000000, 1.000000000000000000 ) ) ;
#4962 = CARTESIAN_POINT ( 'NONE',  ( 18.90294372515230492, 36.00000000000000711, -9.399999999999995026 ) ) ;
#4963 = EDGE_CURVE ( 'NONE', #3489, #8094, #6925, .T. ) ;
#4964 = VERTEX_POINT ( 'NONE', #6830 ) ;
#4965 = EDGE_CURVE ( 'NONE', #9775, #6549, #7624, .T. ) ;
#4966 = CARTESIAN_POINT ( 'NONE',  ( 9.399999999999998579, 4.000000000000000000, -11.09705627484753521 ) ) ;
#4967 = ORIENTED_EDGE ( 'NONE', *, *, #8705, .T. ) ;
#4968 = ORIENTED_EDGE ( 'NONE', *, *, #5249, .F. ) ;
#4969 = LINE ( 'NONE', #4866, #3598 ) ;
#4970 = CARTESIAN_POINT ( 'NONE',  ( 12.23111186690802654, 41.35296681181051781, -23.39554635864056209 ) ) ;
#4971 = DIRECTION ( 'NONE',  ( 0.000000000000000000, -1.284980352575412946E-16, -1.000000000000000000 ) ) ;
#4972 = DIRECTION ( 'NONE',  ( -0.000000000000000000, -1.000000000000000000, -0.000000000000000000 ) ) ;
#4973 = FACE_OUTER_BOUND ( 'NONE', #4746, .T. ) ;
#4974 = DIRECTION ( 'NONE',  ( 1.000000000000000000, -0.000000000000000000, -0.000000000000000000 ) ) ;
#4975 = CARTESIAN_POINT ( 'NONE',  ( 32.32842899053473928, 51.72550891944798224, 6.531563209588483687 ) ) ;
#4976 = CARTESIAN_POINT ( 'NONE',  ( -2.809559797917343005, 51.65599770342038966, 7.584853911936280113 ) ) ;
#4977 = ORIENTED_EDGE ( 'NONE', *, *, #4890, .T. ) ;
#4978 = VECTOR ( 'NONE', #9164, 1000.000000000000000 ) ;
#4979 = EDGE_CURVE ( 'NONE', #3955, #6125, #5445, .T. ) ;
#4980 = DIRECTION ( 'NONE',  ( 0.000000000000000000, 0.000000000000000000, 1.000000000000000000 ) ) ;
#4981 = CARTESIAN_POINT ( 'NONE',  ( 7.300000000000169464, 22.78756443470168591, -59.00000000000000000 ) ) ;
#4982 = VERTEX_POINT ( 'NONE', #6737 ) ;
#4983 = EDGE_CURVE ( 'NONE', #5801, #858, #8474, .T. ) ;
#4984 = ORIENTED_EDGE ( 'NONE', *, *, #6673, .T. ) ;
#4985 = CARTESIAN_POINT ( 'NONE',  ( 4.705025253169601740, 16.00000000000000000, -9.399999999999998579 ) ) ;
#4986 = AXIS2_PLACEMENT_3D ( 'NONE', #6759, #6374, #9267 ) ;
#4987 = DIRECTION ( 'NONE',  ( 0.000000000000000000, 0.000000000000000000, -1.000000000000000000 ) ) ;
#4988 = EDGE_CURVE ( 'NONE', #494, #9501, #1441, .T. ) ;
#4989 = CARTESIAN_POINT ( 'NONE',  ( 4.705025253169601740, 36.00000000000000711, -6.599999999999994316 ) ) ;
#4990 = CARTESIAN_POINT ( 'NONE',  ( 21.40710678118649568, 60.00000000000000000, -10.28994949366116529 ) ) ;
#4991 = ADVANCED_FACE ( 'NONE', ( #7525 ), #9781, .T. ) ;
#4992 = ADVANCED_FACE ( 'NONE', ( #4627 ), #3026, .F. ) ;
#4993 = PLANE ( 'NONE',  #4909 ) ;
#4994 = DIRECTION ( 'NONE',  ( -1.000000000000000000, 0.000000000000000000, 0.000000000000000000 ) ) ;
#4995 = AXIS2_PLACEMENT_3D ( 'NONE', #6675, #6814, #1475 ) ;
#4996 = ORIENTED_EDGE ( 'NONE', *, *, #7437, .T. ) ;
#4997 = ORIENTED_EDGE ( 'NONE', *, *, #4500, .T. ) ;
#4998 = CARTESIAN_POINT ( 'NONE',  ( 4.705025253169601740, 60.00000000000000000, -19.38786796564397719 ) ) ;
#4999 = CARTESIAN_POINT ( 'NONE',  ( 7.300000000000186340, 40.13269016701056557, -18.34377243719323758 ) ) ;
#5000 = AXIS2_PLACEMENT_3D ( 'NONE', #9400, #8600, #4153 ) ;
#5001 = CARTESIAN_POINT ( 'NONE',  ( 12.21071020206301405, 36.52004614416154027, -6.697923523693149583 ) ) ;
#5002 = CARTESIAN_POINT ( 'NONE',  ( 8.592893218813633993, 40.32536866118699237, -19.71005050633883826 ) ) ;
#5003 = ORIENTED_EDGE ( 'NONE', *, *, #4965, .F. ) ;
#5004 = ORIENTED_EDGE ( 'NONE', *, *, #7307, .F. ) ;
#5005 = B_SPLINE_CURVE_WITH_KNOTS ( 'NONE', 3,
 ( #7264, #484, #1978, #6525, #8115, #4326, #2023, #6677, #6624, #1226, #1175, #2869 ),
 .UNSPECIFIED., .F., .F.,
 ( 4, 2, 2, 2, 2, 4 ),
 ( 0.001825440514497161460, 0.002281998478873694964, 0.002738556443250228251, 0.002966835425438497497, 0.003195114407626766743, 0.003651672372003294826 ),
 .UNSPECIFIED. ) ;
#5006 = EDGE_LOOP ( 'NONE', ( #8499, #9242 ) ) ;
#5007 = EDGE_LOOP ( 'NONE', ( #2349, #8148, #5961, #6601 ) ) ;
#5008 = CARTESIAN_POINT ( 'NONE',  ( 4.999999999999997335, 60.00000000000000000, -10.49999999999995026 ) ) ;
#5009 = LINE ( 'NONE', #9037, #8128 ) ;
#5010 = EDGE_CURVE ( 'NONE', #9096, #4931, #6040, .T. ) ;
#5011 = CARTESIAN_POINT ( 'NONE',  ( 19.71005050633881339, 17.26825771477451354, -8.592893218813411949 ) ) ;
#5012 = ORIENTED_EDGE ( 'NONE', *, *, #9235, .F. ) ;
#5013 = DIRECTION ( 'NONE',  ( 0.7071067811865483499, 0.000000000000000000, -0.7071067811865465735 ) ) ;
#5014 = CARTESIAN_POINT ( 'NONE',  ( 17.98786796564397505, 60.00000000000000000, -23.89497474683057376 ) ) ;
#5015 = CARTESIAN_POINT ( 'NONE',  ( 0.000000000000000000, 60.00000000000000000, 0.000000000000000000 ) ) ;
#5016 = ORIENTED_EDGE ( 'NONE', *, *, #9132, .F. ) ;
#5017 = DIRECTION ( 'NONE',  ( 0.000000000000000000, 1.000000000000000000, 0.000000000000000000 ) ) ;
#5018 = VERTEX_POINT ( 'NONE', #2331 ) ;
#5019 = EDGE_CURVE ( 'NONE', #241, #1907, #7677, .T. ) ;
#5020 = VERTEX_POINT ( 'NONE', #647 ) ;
#5021 = DIRECTION ( 'NONE',  ( 1.000000000000000000, 0.000000000000000000, 0.000000000000000000 ) ) ;
#5022 = EDGE_CURVE ( 'NONE', #9840, #4652, #5081, .T. ) ;
#5023 = EDGE_CURVE ( 'NONE', #3249, #3736, #2931, .T. ) ;
#5024 = CARTESIAN_POINT ( 'NONE',  ( 11.65152157179933212, 41.13793597493238963, -22.69999999999948770 ) ) ;
#5025 = CARTESIAN_POINT ( 'NONE',  ( 22.69999999999994955, 5.212435565298242146, -59.00000000000000000 ) ) ;
#5026 = LINE ( 'NONE', #977, #5363 ) ;
#5027 = PLANE ( 'NONE',  #7664 ) ;
#5028 = DIRECTION ( 'NONE',  ( 0.000000000000000000, 1.000000000000000000, -0.000000000000000000 ) ) ;
#5029 = CARTESIAN_POINT ( 'NONE',  ( 32.06073234335001132, 51.79978904149940888, 5.939364892673435037 ) ) ;
#5030 = CARTESIAN_POINT ( 'NONE',  ( -1.991007069651432149, 51.82476695115238385, 5.783657271209152739 ) ) ;
#5031 = ORIENTED_EDGE ( 'NONE', *, *, #2250, .F. ) ;
#5032 = LINE ( 'NONE', #1180, #8272 ) ;
#5033 = CARTESIAN_POINT ( 'NONE',  ( -2.743585462921166229, 51.65461244393002005, 7.686264043226085363 ) ) ;
#5034 = ORIENTED_EDGE ( 'NONE', *, *, #7127, .T. ) ;
#5035 = AXIS2_PLACEMENT_3D ( 'NONE', #2088, #8173, #4380 ) ;
#5036 = ORIENTED_EDGE ( 'NONE', *, *, #5123, .F. ) ;
#5037 = DIRECTION ( 'NONE',  ( 0.000000000000000000, 0.000000000000000000, 1.000000000000000000 ) ) ;
#5038 = CARTESIAN_POINT ( 'NONE',  ( 6.599999999999996980, 4.000000000000003553, -12.21715728752533359 ) ) ;
#5039 = CARTESIAN_POINT ( 'NONE',  ( 19.50000000000016342, 30.00000000000000355, -12.50000000000000355 ) ) ;
#5040 = DIRECTION ( 'NONE',  ( 1.000000000000000000, -0.000000000000000000, -0.000000000000000000 ) ) ;
#5041 = AXIS2_PLACEMENT_3D ( 'NONE', #2122, #9618, #8259 ) ;
#5042 = CARTESIAN_POINT ( 'NONE',  ( 20.60000000000000142, 4.000000000000000000, -11.09705627484773593 ) ) ;
#5043 = CARTESIAN_POINT ( 'NONE',  ( 28.50000000000000000, 59.64999999999999858, 8.000000000000000000 ) ) ;
#5044 = VERTEX_POINT ( 'NONE', #3731 ) ;
#5045 = ORIENTED_EDGE ( 'NONE', *, *, #1015, .F. ) ;
#5046 = VECTOR ( 'NONE', #325, 1000.000000000000000 ) ;
#5047 = EDGE_CURVE ( 'NONE', #8382, #5044, #8732, .T. ) ;
#5048 = DIRECTION ( 'NONE',  ( -9.257989608163444543E-14, 0.000000000000000000, 1.000000000000000000 ) ) ;
#5049 = EDGE_CURVE ( 'NONE', #8387, #8070, #9075, .T. ) ;
#5050 = CARTESIAN_POINT ( 'NONE',  ( 10.79671542039444532, 34.96864845814728540, -9.099659145546535655 ) ) ;
#5051 = CARTESIAN_POINT ( 'NONE',  ( 12.19705627484776933, 41.33981830268862723, -19.49999999999998579 ) ) ;
#5052 = VECTOR ( 'NONE', #7958, 1000.000000000000000 ) ;
#5053 = ORIENTED_EDGE ( 'NONE', *, *, #7363, .F. ) ;
#5054 = EDGE_CURVE ( 'NONE', #7773, #6012, #7913, .T. ) ;
#5055 = ORIENTED_EDGE ( 'NONE', *, *, #5604, .T. ) ;
#5056 = EDGE_LOOP ( 'NONE', ( #8733, #5402 ) ) ;
#5057 = EDGE_CURVE ( 'NONE', #7516, #4230, #9052, .T. ) ;
#5058 = ADVANCED_FACE ( 'NONE', ( #2478 ), #4673, .T. ) ;
#5059 = ORIENTED_EDGE ( 'NONE', *, *, #1635, .F. ) ;
#5060 = CARTESIAN_POINT ( 'NONE',  ( 19.99999999999999645, 32.00000000000000711, -38.99999999999999289 ) ) ;
#5061 = AXIS2_PLACEMENT_3D ( 'NONE', #5266, #3559, #8301 ) ;
#5062 = LINE ( 'NONE', #4957, #944 ) ;
#5063 = CARTESIAN_POINT ( 'NONE',  ( 29.38646537807718673, 53.17717309395104053, 3.295148129051954644 ) ) ;
#5064 = ORIENTED_EDGE ( 'NONE', *, *, #8293, .F. ) ;
#5065 = CARTESIAN_POINT ( 'NONE',  ( 6.599999999999996980, 4.000000000000000000, -30.00000000000000000 ) ) ;
#5066 = DIRECTION ( 'NONE',  ( -0.000000000000000000, -1.000000000000000000, -0.000000000000000000 ) ) ;
#5067 = CARTESIAN_POINT ( 'NONE',  ( 9.399999999999998579, 23.44059295743972626, -18.90294372515248256 ) ) ;
#5068 = EDGE_LOOP ( 'NONE', ( #1376, #4096, #9673, #2030 ) ) ;
#5069 = LINE ( 'NONE', #1320, #2691 ) ;
#5070 = VECTOR ( 'NONE', #3291, 1000.000000000000000 ) ;
#5071 = EDGE_LOOP ( 'NONE', ( #9262, #426 ) ) ;
#5072 = EDGE_CURVE ( 'NONE', #6571, #8298, #5121, .T. ) ;
#5073 = EDGE_CURVE ( 'NONE', #6749, #4215, #4720, .T. ) ;
#5074 = EDGE_CURVE ( 'NONE', #7153, #4652, #7074, .T. ) ;
#5075 = ORIENTED_EDGE ( 'NONE', *, *, #2942, .T. ) ;
#5076 = CARTESIAN_POINT ( 'NONE',  ( 11.51715728752552437, 60.00000000000000000, -6.599999999999957012 ) ) ;
#5077 = DIRECTION ( 'NONE',  ( -0.000000000000000000, -0.000000000000000000, 1.000000000000000000 ) ) ;
#5078 = DIRECTION ( 'NONE',  ( 0.000000000000000000, 0.000000000000000000, 1.000000000000000000 ) ) ;
#5079 = CARTESIAN_POINT ( 'NONE',  ( 22.69999999999994955, 60.00000000000000000, -19.71005050633884181 ) ) ;
#5080 = LINE ( 'NONE', #6473, #6552 ) ;
#5081 = CIRCLE ( 'NONE', #4589, 11.50000000000000355 ) ;
#5082 = CARTESIAN_POINT ( 'NONE',  ( 0.000000000000000000, 0.000000000000000000, -1.500000000000001332 ) ) ;
#5083 = CARTESIAN_POINT ( 'NONE',  ( -2.394473754450084257, 51.71018520294421705, 6.676922634465340067 ) ) ;
#5084 = ORIENTED_EDGE ( 'NONE', *, *, #1246, .T. ) ;
#5085 = DIRECTION ( 'NONE',  ( 0.000000000000000000, 0.000000000000000000, -1.000000000000000000 ) ) ;
#5086 = PLANE ( 'NONE',  #5717 ) ;
#5087 = ORIENTED_EDGE ( 'NONE', *, *, #1901, .T. ) ;
#5088 = EDGE_CURVE ( 'NONE', #956, #7728, #6775, .T. ) ;
#5089 = CIRCLE ( 'NONE', #772, 3.000000000000002665 ) ;
#5090 = AXIS2_PLACEMENT_3D ( 'NONE', #8530, #6794, #62 ) ;
#5091 = ORIENTED_EDGE ( 'NONE', *, *, #6066, .T. ) ;
#5092 = CARTESIAN_POINT ( 'NONE',  ( 25.29497474683052616, 16.00000000000000000, -8.000000000000000000 ) ) ;
#5093 = CARTESIAN_POINT ( 'NONE',  ( 0.000000000000000000, 16.00000000000000000, -6.600000000000001421 ) ) ;
#5094 = PLANE ( 'NONE',  #3306 ) ;
#5095 = AXIS2_PLACEMENT_3D ( 'NONE', #3981, #835, #7826 ) ;
#5096 = VECTOR ( 'NONE', #9670, 1000.000000000000000 ) ;
#5097 = CARTESIAN_POINT ( 'NONE',  ( -6.999999999999999112, 36.00000000000000711, -23.39999999999999503 ) ) ;
#5098 = CARTESIAN_POINT ( 'NONE',  ( 6.625172409255868367, 24.30447419218128857, -12.21839180194910846 ) ) ;
#5099 = DIRECTION ( 'NONE',  ( -0.000000000000000000, -1.000000000000000000, -0.000000000000000000 ) ) ;
#5100 = ORIENTED_EDGE ( 'NONE', *, *, #7780, .F. ) ;
#5101 = AXIS2_PLACEMENT_3D ( 'NONE', #7954, #8756, #8659 ) ;
#5102 = ORIENTED_EDGE ( 'NONE', *, *, #9637, .F. ) ;
#5103 = CIRCLE ( 'NONE', #2064, 1.500000000000001332 ) ;
#5104 = DIRECTION ( 'NONE',  ( 0.000000000000000000, 0.000000000000000000, 1.000000000000000000 ) ) ;
#5105 = AXIS2_PLACEMENT_3D ( 'NONE', #2194, #1647, #8291 ) ;
#5106 = CARTESIAN_POINT ( 'NONE',  ( 0.4271410196536141179, 52.98078600627646750, 3.578673871376185200 ) ) ;
#5107 = CARTESIAN_POINT ( 'NONE',  ( -6.999999999999999112, 36.00000000000000711, -7.999999999999994671 ) ) ;
#5108 = VERTEX_POINT ( 'NONE', #4330 ) ;
#5109 = ORIENTED_EDGE ( 'NONE', *, *, #2841, .T. ) ;
#5110 = EDGE_CURVE ( 'NONE', #558, #1531, #8770, .T. ) ;
#5111 = ORIENTED_EDGE ( 'NONE', *, *, #8395, .F. ) ;
#5112 = VECTOR ( 'NONE', #444, 1000.000000000000000 ) ;
#5113 = ORIENTED_EDGE ( 'NONE', *, *, #1141, .T. ) ;
#5114 = LINE ( 'NONE', #8332, #4031 ) ;
#5115 = CARTESIAN_POINT ( 'NONE',  ( 28.63860447278411669, 54.50616550870324772, 1.872921602289737697 ) ) ;
#5116 = ORIENTED_EDGE ( 'NONE', *, *, #7084, .F. ) ;
#5117 = DIRECTION ( 'NONE',  ( -0.000000000000000000, -1.000000000000000000, -0.000000000000000000 ) ) ;
#5118 = CARTESIAN_POINT ( 'NONE',  ( 10.28994949366134293, 60.00000000000000000, -22.69999999999998863 ) ) ;
#5119 = CARTESIAN_POINT ( 'NONE',  ( 8.592893218813633993, 25.26825771477441407, -19.71005050633883826 ) ) ;
#5120 = EDGE_CURVE ( 'NONE', #5906, #7080, #4276, .T. ) ;
#5121 = B_SPLINE_CURVE_WITH_KNOTS ( 'NONE', 3,
 ( #2625, #8668, #3270, #6233, #8620, #876, #2433, #4024, #6975, #342, #1027, #3373, #6426, #3922 ),
 .UNSPECIFIED., .F., .F.,
 ( 4, 2, 2, 2, 2, 2, 4 ),
 ( 0.003652462977962345637, 0.004108291580851243865, 0.004336205882295698401, 0.004564120183740153804, 0.004792034485184608339, 0.005019948786629063742, 0.005475777389517973680 ),
 .UNSPECIFIED. ) ;
#5122 = LINE ( 'NONE', #9706, #8758 ) ;
#5123 = EDGE_CURVE ( 'NONE', #4982, #8491, #434, .T. ) ;
#5124 = AXIS2_PLACEMENT_3D ( 'NONE', #2819, #533, #5875 ) ;
#5125 = EDGE_CURVE ( 'NONE', #5483, #5108, #6580, .T. ) ;
#5126 = CARTESIAN_POINT ( 'NONE',  ( 0.000000000000000000, 59.64999999999999858, 8.000000000000000000 ) ) ;
#5127 = ORIENTED_EDGE ( 'NONE', *, *, #8913, .F. ) ;
#5128 = ORIENTED_EDGE ( 'NONE', *, *, #9739, .T. ) ;
#5129 = CYLINDRICAL_SURFACE ( 'NONE', #6805, 1.399999999999998579 ) ;
#5130 = LINE ( 'NONE', #8159, #435 ) ;
#5131 = LINE ( 'NONE', #5025, #1481 ) ;
#5132 = CARTESIAN_POINT ( 'NONE',  ( 22.00000000000000000, 32.00000000000000711, -39.99999999999999289 ) ) ;
#5133 =( GEOMETRIC_REPRESENTATION_CONTEXT ( 3 ) GLOBAL_UNCERTAINTY_ASSIGNED_CONTEXT ( ( #8074 ) ) GLOBAL_UNIT_ASSIGNED_CONTEXT ( ( #4514, #7605, #5377 ) ) REPRESENTATION_CONTEXT ( 'NONE', 'WORKASPACE' ) );
#5134 = CARTESIAN_POINT ( 'NONE',  ( -3.000000000000011990, 45.65000000000000568, 3.000000000000003553 ) ) ;
#5135 = DIRECTION ( 'NONE',  ( 0.000000000000000000, 0.000000000000000000, -1.000000000000000000 ) ) ;
#5136 = CARTESIAN_POINT ( 'NONE',  ( 32.88600173599211018, 51.65000000000001279, 7.751546520961984932 ) ) ;
#5137 = VERTEX_POINT ( 'NONE', #7320 ) ;
#5138 = ADVANCED_FACE ( 'NONE', ( #9574 ), #1333, .F. ) ;
#5139 = CARTESIAN_POINT ( 'NONE',  ( 30.00000000000006040, 70.00000000000000000, -14.99999999999989342 ) ) ;
#5140 = EDGE_CURVE ( 'NONE', #1702, #9147, #3550, .T. ) ;
#5141 = DIRECTION ( 'NONE',  ( 1.000000000000000000, 0.000000000000000000, 1.652117596168387263E-16 ) ) ;
#5142 = ORIENTED_EDGE ( 'NONE', *, *, #7052, .T. ) ;
#5143 = ORIENTED_EDGE ( 'NONE', *, *, #17, .F. ) ;
#5144 = DIRECTION ( 'NONE',  ( -1.000000000000000000, 0.000000000000000000, 1.413553177098500055E-15 ) ) ;
#5145 = DIRECTION ( 'NONE',  ( 0.000000000000000000, 0.000000000000000000, 1.000000000000000000 ) ) ;
#5146 = CARTESIAN_POINT ( 'NONE',  ( 19.09289321881340484, 45.80879283770676125, -4.999999999999996447 ) ) ;
#5147 = AXIS2_PLACEMENT_3D ( 'NONE', #9732, #5696, #5748 ) ;
#5148 = CARTESIAN_POINT ( 'NONE',  ( 23.07168672926238884, 4.903818423831336482, -17.86270849272699124 ) ) ;
#5149 = LINE ( 'NONE', #1243, #7630 ) ;
#5150 = DIRECTION ( 'NONE',  ( -1.000000000000000000, 0.000000000000000000, 0.000000000000000000 ) ) ;
#5151 = VERTEX_POINT ( 'NONE', #8540 ) ;
#5152 = CIRCLE ( 'NONE', #7692, 1.399999999999998579 ) ;
#5153 = VERTEX_POINT ( 'NONE', #953 ) ;
#5154 = EDGE_CURVE ( 'NONE', #1666, #2936, #551, .T. ) ;
#5155 = DIRECTION ( 'NONE',  ( 1.000000000000000000, 0.000000000000000000, 0.000000000000000000 ) ) ;
#5156 = B_SPLINE_SURFACE_WITH_KNOTS ( 'NONE', 1, 3, ( 
 ( #9275, #7681, #3125, #7725, #243, #9371, #50, #95, #880, #2437, #8624, #6181, #2481, #1786, #5538, #3837, #2389, #5450, #8572, #3927, #3275, #6979, #6332, #3077, #145, #5492, #8521, #2533, #793, #6885, #6134, #9179, #2029, #8066, #439, #5033, #3474, #4077 ),
 ( #1984, #6479, #9422, #8772, #7125, #8674, #389, #3324, #6584, #4227, #9626, #2776, #292, #4177, #1133, #2582, #491, #6431, #1938, #8723, #2728, #4929, #7324, #6384, #5834, #8824, #7969, #8874, #7225, #5635, #2629, #7871, #1233, #1833, #4279, #3528, #1033, #1082 ) ),
 .UNSPECIFIED., .F., .F., .F.,
 ( 2, 2 ),
 ( 4, 2, 2, 2, 2, 2, 2, 2, 2, 2, 2, 2, 2, 2, 2, 2, 2, 2, 4 ),
 ( 0.000000000000000000, 1.000000000000000000 ),
 ( 0.000000000000000000, 0.0006721862071278880474, 0.001344372414255776095, 0.002016558621383664034, 0.002352651724947607895, 0.002688744828511552189, 0.003024837932075496484, 0.003360931035639440345, 0.004033117242767328067, 0.004705303449895215789, 0.005041396553459160518, 0.005377489657023104379, 0.006049675864150992968, 0.006721862071278880690, 0.008066234485534656135, 0.008738420692662543857, 0.009410606899790431579, 0.01008279310691832104, 0.01075497931404620876 ),
 .UNSPECIFIED. ) ;
#5157 = VECTOR ( 'NONE', #3465, 1000.000000000000000 ) ;
#5158 = CARTESIAN_POINT ( 'NONE',  ( 0.9470110923777322887, 53.61498934661899085, 2.745736467809826831 ) ) ;
#5159 = DIRECTION ( 'NONE',  ( 1.000000000000000000, 0.000000000000000000, -0.000000000000000000 ) ) ;
#5160 = ORIENTED_EDGE ( 'NONE', *, *, #7184, .F. ) ;
#5161 = ORIENTED_EDGE ( 'NONE', *, *, #3184, .F. ) ;
#5162 = ORIENTED_EDGE ( 'NONE', *, *, #7292, .F. ) ;
#5163 = VECTOR ( 'NONE', #3103, 1000.000000000000114 ) ;
#5164 = ORIENTED_EDGE ( 'NONE', *, *, #6576, .F. ) ;
#5165 = DIRECTION ( 'NONE',  ( 0.000000000000000000, 0.000000000000000000, -1.000000000000000000 ) ) ;
#5166 = EDGE_LOOP ( 'NONE', ( #3560, #5693, #4424, #1179, #583, #5087, #8299, #3664, #28, #3126 ) ) ;
#5167 = DIRECTION ( 'NONE',  ( 0.000000000000000000, 0.000000000000000000, 1.000000000000000000 ) ) ;
#5168 = EDGE_CURVE ( 'NONE', #2143, #8428, #6616, .T. ) ;
#5169 = DIRECTION ( 'NONE',  ( 1.000000000000000000, 0.000000000000000000, 0.000000000000000000 ) ) ;
#5170 = CARTESIAN_POINT ( 'NONE',  ( 10.79671542039432452, 17.03135154185268263, -20.90034085445342882 ) ) ;
#5171 = PLANE ( 'NONE',  #312 ) ;
#5172 = CARTESIAN_POINT ( 'NONE',  ( 7.999999999999998224, 4.000000000000000000, -10.28994949366115996 ) ) ;
#5173 = VERTEX_POINT ( 'NONE', #4650 ) ;
#5174 = ORIENTED_EDGE ( 'NONE', *, *, #4251, .F. ) ;
#5175 = DIRECTION ( 'NONE',  ( 1.000000000000000000, -0.000000000000000000, -0.000000000000000000 ) ) ;
#5176 = EDGE_CURVE ( 'NONE', #8947, #1885, #6727, .T. ) ;
#5177 = DIRECTION ( 'NONE',  ( -0.7071067811865507924, -0.000000000000000000, 0.7071067811865441310 ) ) ;
#5178 = CARTESIAN_POINT ( 'NONE',  ( 4.705025253169599075, 16.00000000000000000, -23.39999999999999503 ) ) ;
#5179 = CARTESIAN_POINT ( 'NONE',  ( 20.60000000000000142, 23.44059295743966587, -11.09705627484773416 ) ) ;
#5180 = DIRECTION ( 'NONE',  ( 0.000000000000000000, 0.000000000000000000, 1.000000000000000000 ) ) ;
#5181 = CARTESIAN_POINT ( 'NONE',  ( 22.00000000000000000, 24.00000000000000000, -25.29497474683058300 ) ) ;
#5182 = EDGE_CURVE ( 'NONE', #9191, #9147, #5183, .T. ) ;
#5183 = LINE ( 'NONE', #8448, #5885 ) ;
#5184 = ORIENTED_EDGE ( 'NONE', *, *, #103, .T. ) ;
#5185 = DIRECTION ( 'NONE',  ( -0.7071067811865474617, 0.000000000000000000, 0.7071067811865474617 ) ) ;
#5186 = CARTESIAN_POINT ( 'NONE',  ( 11.51715728752555989, 37.21243556529822172, -22.69999999999998863 ) ) ;
#5187 = EDGE_LOOP ( 'NONE', ( #3796, #9524 ) ) ;
#5188 = ORIENTED_EDGE ( 'NONE', *, *, #570, .T. ) ;
#5189 = EDGE_CURVE ( 'NONE', #148, #1498, #1375, .T. ) ;
#5190 = CARTESIAN_POINT ( 'NONE',  ( 9.400000000000000355, 3.440592957439730704, -18.90294372515247545 ) ) ;
#5191 = ADVANCED_FACE ( 'NONE', ( #7461 ), #9770, .T. ) ;
#5192 = CARTESIAN_POINT ( 'NONE',  ( 22.00000000000000000, 4.000000000000000000, -25.29497474683058300 ) ) ;
#5193 = CARTESIAN_POINT ( 'NONE',  ( 22.69999999999994955, 60.00000000000000000, -19.71005050633884181 ) ) ;
#5194 = CARTESIAN_POINT ( 'NONE',  ( 13.99999999999999822, 52.00000000000000711, -30.00000000000000000 ) ) ;
#5195 = CARTESIAN_POINT ( 'NONE',  ( 22.00000000000000000, 49.00000000000000000, -30.00000000000000000 ) ) ;
#5196 = CARTESIAN_POINT ( 'NONE',  ( 6.795214594832010846, 24.72808133875783909, -12.19636318508766415 ) ) ;
#5197 = LINE ( 'NONE', #4485, #3482 ) ;
#5198 = AXIS2_PLACEMENT_3D ( 'NONE', #5735, #7873, #1137 ) ;
#5199 = EDGE_LOOP ( 'NONE', ( #1820, #5785, #1809, #1117 ) ) ;
#5200 = ORIENTED_EDGE ( 'NONE', *, *, #7487, .T. ) ;
#5201 = AXIS2_PLACEMENT_3D ( 'NONE', #6971, #42, #828 ) ;
#5202 = CARTESIAN_POINT ( 'NONE',  ( 25.00000000000000000, 60.00000000000000000, -24.99999999999999645 ) ) ;
#5203 = CARTESIAN_POINT ( 'NONE',  ( 1.499999999999997780, 55.43947368421052602, 1.197686559409050444 ) ) ;
#5204 = CARTESIAN_POINT ( 'NONE',  ( 27.00000000000000000, 47.00000000000000000, -56.99999999999999289 ) ) ;
#5205 = ORIENTED_EDGE ( 'NONE', *, *, #9562, .F. ) ;
#5206 = AXIS2_PLACEMENT_3D ( 'NONE', #5367, #4504, #1560 ) ;
#5207 = ORIENTED_EDGE ( 'NONE', *, *, #6939, .T. ) ;
#5208 = ORIENTED_EDGE ( 'NONE', *, *, #5505, .F. ) ;
#5209 = CARTESIAN_POINT ( 'NONE',  ( 22.69999999999995666, 60.00000000000000000, -10.28994949366116707 ) ) ;
#5210 = ORIENTED_EDGE ( 'NONE', *, *, #296, .F. ) ;
#5211 = CARTESIAN_POINT ( 'NONE',  ( -6.999999999999998224, 17.21243556529816487, -7.299999999999916334 ) ) ;
#5212 = CARTESIAN_POINT ( 'NONE',  ( 30.00000000000000000, 36.00000000000000711, -9.399999999999995026 ) ) ;
#5213 = AXIS2_PLACEMENT_3D ( 'NONE', #3081, #3694, #7580 ) ;
#5214 = CARTESIAN_POINT ( 'NONE',  ( 7.300000000000174794, 60.00000000000000000, -19.71005050633883826 ) ) ;
#5215 = DIRECTION ( 'NONE',  ( 0.000000000000000000, 0.000000000000000000, 1.000000000000000000 ) ) ;
#5216 =( BOUNDED_CURVE ( )  B_SPLINE_CURVE ( 3, ( #1968, #7950, #8150, #5815 ),
 .UNSPECIFIED., .F., .T. ) 
 B_SPLINE_CURVE_WITH_KNOTS ( ( 4, 4 ),
 ( 4.344278846115249060, 4.444706178297940014 ),
 .UNSPECIFIED. ) 
 CURVE ( )  GEOMETRIC_REPRESENTATION_ITEM ( )  RATIONAL_B_SPLINE_CURVE ( ( 1.000000000000000000, 0.9991597058288191890, 0.9991597058288191890, 1.000000000000000000 ) ) 
 REPRESENTATION_ITEM ( '' )  );
#5217 = DIRECTION ( 'NONE',  ( 0.000000000000000000, 0.000000000000000000, -1.000000000000000000 ) ) ;
#5218 = VERTEX_POINT ( 'NONE', #3721 ) ;
#5219 = AXIS2_PLACEMENT_3D ( 'NONE', #7510, #6621, #6722 ) ;
#5220 = ORIENTED_EDGE ( 'NONE', *, *, #6488, .T. ) ;
#5221 = PLANE ( 'NONE',  #2806 ) ;
#5222 = DIRECTION ( 'NONE',  ( 0.000000000000000000, 0.000000000000000000, -1.000000000000000000 ) ) ;
#5223 = FACE_OUTER_BOUND ( 'NONE', #5550, .T. ) ;
#5224 = DIRECTION ( 'NONE',  ( 0.000000000000000000, 1.000000000000000000, -0.000000000000000000 ) ) ;
#5225 = CYLINDRICAL_SURFACE ( 'NONE', #410, 1.400000000000000133 ) ;
#5226 = DIRECTION ( 'NONE',  ( 0.000000000000000000, 0.000000000000000000, -1.000000000000000000 ) ) ;
#5227 = DIRECTION ( 'NONE',  ( -0.7071067811865493491, 0.000000000000000000, -0.7071067811865456854 ) ) ;
#5228 = CARTESIAN_POINT ( 'NONE',  ( -0.03015149872034987924, 54.16083288216040614, 0.4113730176396338534 ) ) ;
#5229 = AXIS2_PLACEMENT_3D ( 'NONE', #6602, #9741, #5155 ) ;
#5230 = ORIENTED_EDGE ( 'NONE', *, *, #8647, .F. ) ;
#5231 = CARTESIAN_POINT ( 'NONE',  ( 19.71005050633881339, 0.000000000000000000, -7.299999999999954525 ) ) ;
#5232 = DIRECTION ( 'NONE',  ( 0.000000000000000000, 0.000000000000000000, -1.000000000000000000 ) ) ;
#5233 = VERTEX_POINT ( 'NONE', #1199 ) ;
#5234 = EDGE_CURVE ( 'NONE', #2921, #3055, #4245, .T. ) ;
#5235 = ORIENTED_EDGE ( 'NONE', *, *, #1085, .T. ) ;
#5236 = CIRCLE ( 'NONE', #5876, 1.399999999999998579 ) ;
#5237 = DIRECTION ( 'NONE',  ( 1.000000000000000000, 0.000000000000000000, 0.000000000000000000 ) ) ;
#5238 = FACE_OUTER_BOUND ( 'NONE', #4655, .T. ) ;
#5239 = DIRECTION ( 'NONE',  ( 0.000000000000000000, 0.000000000000000000, -1.000000000000000000 ) ) ;
#5240 = CARTESIAN_POINT ( 'NONE',  ( 10.28994949366131095, 0.000000000000000000, -7.299999999999952749 ) ) ;
#5241 = VERTEX_POINT ( 'NONE', #8791 ) ;
#5242 = EDGE_CURVE ( 'NONE', #6955, #558, #2647, .T. ) ;
#5243 = CARTESIAN_POINT ( 'NONE',  ( 0.000000000000000000, 45.65000000000000568, 3.469446951953614189E-15 ) ) ;
#5244 = EDGE_CURVE ( 'NONE', #1184, #2378, #8578, .T. ) ;
#5245 = CARTESIAN_POINT ( 'NONE',  ( 22.00000000000000000, 24.00000000000000000, -59.00000000000000000 ) ) ;
#5246 = AXIS2_PLACEMENT_3D ( 'NONE', #7086, #6990, #9331 ) ;
#5247 = CARTESIAN_POINT ( 'NONE',  ( 30.50000000000000355, 51.64999999999999858, 23.49999999999998579 ) ) ;
#5248 = ADVANCED_FACE ( 'NONE', ( #2600 ), #4950, .F. ) ;
#5249 = EDGE_CURVE ( 'NONE', #2493, #8346, #7841, .T. ) ;
#5250 = ORIENTED_EDGE ( 'NONE', *, *, #8396, .T. ) ;
#5251 = EDGE_LOOP ( 'NONE', ( #4692, #1306, #635, #8543 ) ) ;
#5252 = CIRCLE ( 'NONE', #8424, 3.000000000000000000 ) ;
#5253 = DIRECTION ( 'NONE',  ( 1.000000000000000000, 0.000000000000000000, 0.000000000000000000 ) ) ;
#5254 = DIRECTION ( 'NONE',  ( -1.000000000000000000, 0.000000000000000000, 0.000000000000000000 ) ) ;
#5255 = AXIS2_PLACEMENT_3D ( 'NONE', #6043, #3029, #6091 ) ;
#5256 =( BOUNDED_CURVE ( )  B_SPLINE_CURVE ( 3, ( #6295, #4145, #9337, #7140 ),
 .UNSPECIFIED., .F., .T. ) 
 B_SPLINE_CURVE_WITH_KNOTS ( ( 4, 4 ),
 ( 3.141592653589793116, 4.275088902781769562 ),
 .UNSPECIFIED. ) 
 CURVE ( )  GEOMETRIC_REPRESENTATION_ITEM ( )  RATIONAL_B_SPLINE_CURVE ( ( 1.000000000000000000, 0.8957675578916456383, 0.8957675578916456383, 1.000000000000000000 ) ) 
 REPRESENTATION_ITEM ( '' )  );
#5257 = CARTESIAN_POINT ( 'NONE',  ( 7.244715120724625201, 25.18327925530841682, -18.17703062998902297 ) ) ;
#5258 = CARTESIAN_POINT ( 'NONE',  ( 1.434598701863356807, 54.78773316515130887, 1.645901712516216087 ) ) ;
#5259 = PLANE ( 'NONE',  #6190 ) ;
#5260 = ORIENTED_EDGE ( 'NONE', *, *, #6570, .F. ) ;
#5261 = AXIS2_PLACEMENT_3D ( 'NONE', #2568, #2615, #5620 ) ;
#5262 = EDGE_CURVE ( 'NONE', #149, #4658, #3394, .T. ) ;
#5263 = VECTOR ( 'NONE', #3733, 1000.000000000000114 ) ;
#5264 = ORIENTED_EDGE ( 'NONE', *, *, #4003, .F. ) ;
#5265 = ORIENTED_EDGE ( 'NONE', *, *, #4388, .T. ) ;
#5266 = CARTESIAN_POINT ( 'NONE',  ( -6.999999999999999112, 30.00000000000000355, -15.00000000000000178 ) ) ;
#5267 = ORIENTED_EDGE ( 'NONE', *, *, #194, .T. ) ;
#5268 = CYLINDRICAL_SURFACE ( 'NONE', #5206, 1.399999999999998579 ) ;
#5269 = VECTOR ( 'NONE', #9519, 1000.000000000000000 ) ;
#5270 = FACE_BOUND ( 'NONE', #9541, .T. ) ;
#5271 = VECTOR ( 'NONE', #4773, 1000.000000000000000 ) ;
#5272 = CARTESIAN_POINT ( 'NONE',  ( 28.51250982714289250, 55.11797264406224173, 1.404838871086799390 ) ) ;
#5273 = LINE ( 'NONE', #9707, #9231 ) ;
#5274 = ORIENTED_EDGE ( 'NONE', *, *, #9739, .F. ) ;
#5275 = CIRCLE ( 'NONE', #7019, 1.399999999999998579 ) ;
#5276 = ORIENTED_EDGE ( 'NONE', *, *, #5019, .F. ) ;
#5277 = DIRECTION ( 'NONE',  ( 5.873343889775965467E-16, 0.000000000000000000, -1.000000000000000000 ) ) ;
#5278 = LINE ( 'NONE', #2316, #3681 ) ;
#5279 = DIRECTION ( 'NONE',  ( 0.000000000000000000, 0.000000000000000000, -1.000000000000000000 ) ) ;
#5280 = CARTESIAN_POINT ( 'NONE',  ( 6.599999999999997868, 24.00000000000000000, -30.00000000000000000 ) ) ;
#5281 = FACE_OUTER_BOUND ( 'NONE', #8707, .T. ) ;
#5282 = CARTESIAN_POINT ( 'NONE',  ( 5.000000000000000000, 39.99999999999999289, -24.99999999999999645 ) ) ;
#5283 = FACE_OUTER_BOUND ( 'NONE', #1215, .T. ) ;
#5284 = EDGE_CURVE ( 'NONE', #2340, #217, #9509, .T. ) ;
#5285 = ADVANCED_FACE ( 'NONE', ( #5751 ), #313, .F. ) ;
#5286 = AXIS2_PLACEMENT_3D ( 'NONE', #3719, #632, #8405 ) ;
#5287 = ORIENTED_EDGE ( 'NONE', *, *, #9868, .T. ) ;
#5288 = DIRECTION ( 'NONE',  ( -1.341737624371510395E-15, 0.000000000000000000, -1.000000000000000000 ) ) ;
#5289 = DIRECTION ( 'NONE',  ( -0.000000000000000000, -0.000000000000000000, 1.000000000000000000 ) ) ;
#5290 = VERTEX_POINT ( 'NONE', #2553 ) ;
#5291 = ORIENTED_EDGE ( 'NONE', *, *, #1246, .F. ) ;
#5292 = DIRECTION ( 'NONE',  ( 1.000000000000000000, 0.000000000000000000, -0.000000000000000000 ) ) ;
#5293 = CARTESIAN_POINT ( 'NONE',  ( 0.000000000000000000, 10.00000000000000178, -17.49999999999999645 ) ) ;
#5294 = DIRECTION ( 'NONE',  ( -0.000000000000000000, -1.000000000000000000, -0.000000000000000000 ) ) ;
#5295 = EDGE_CURVE ( 'NONE', #8298, #7592, #5477, .T. ) ;
#5296 = EDGE_CURVE ( 'NONE', #1554, #1972, #2898, .T. ) ;
#5297 = VERTEX_POINT ( 'NONE', #4794 ) ;
#5298 = DIRECTION ( 'NONE',  ( 0.000000000000000000, 0.000000000000000000, -1.000000000000000000 ) ) ;
#5299 = CARTESIAN_POINT ( 'NONE',  ( 21.40710678118649568, 0.000000000000000000, -10.28994949366116529 ) ) ;
#5300 = EDGE_CURVE ( 'NONE', #7376, #9432, #8103, .T. ) ;
#5301 = CARTESIAN_POINT ( 'NONE',  ( 7.999999999999998224, 24.00000000000000000, -30.00000000000000000 ) ) ;
#5302 = ORIENTED_EDGE ( 'NONE', *, *, #9070, .F. ) ;
#5303 = ORIENTED_EDGE ( 'NONE', *, *, #6709, .T. ) ;
#5304 = CARTESIAN_POINT ( 'NONE',  ( 1.500000000000001332, 60.00000000000000000, -30.00000000000000000 ) ) ;
#5305 = AXIS2_PLACEMENT_3D ( 'NONE', #1849, #4146, #7191 ) ;
#5306 = CARTESIAN_POINT ( 'NONE',  ( 22.00000000000000000, 24.00000000000000000, 0.000000000000000000 ) ) ;
#5307 = DIRECTION ( 'NONE',  ( 8.855468320851990103E-14, 0.000000000000000000, 1.000000000000000000 ) ) ;
#5308 = FACE_OUTER_BOUND ( 'NONE', #9251, .T. ) ;
#5309 = EDGE_CURVE ( 'NONE', #4280, #6261, #1183, .T. ) ;
#5310 = ADVANCED_FACE ( 'NONE', ( #6701 ), #2197, .F. ) ;
#5311 = CARTESIAN_POINT ( 'NONE',  ( -0.5528439112668465105, 52.25837337426967366, 4.937937647024465804 ) ) ;
#5312 = CARTESIAN_POINT ( 'NONE',  ( 12.10983699076715503, 35.04154480178086573, -23.02266120962083207 ) ) ;
#5313 = ORIENTED_EDGE ( 'NONE', *, *, #7473, .F. ) ;
#5314 = AXIS2_PLACEMENT_3D ( 'NONE', #7073, #979, #4822 ) ;
#5315 = ORIENTED_EDGE ( 'NONE', *, *, #7744, .T. ) ;
#5316 = VERTEX_POINT ( 'NONE', #4445 ) ;
#5317 = DIRECTION ( 'NONE',  ( -1.000000000000000000, -0.000000000000000000, -0.000000000000000000 ) ) ;
#5318 = ORIENTED_EDGE ( 'NONE', *, *, #9858, .F. ) ;
#5319 = EDGE_CURVE ( 'NONE', #3022, #9047, #6603, .T. ) ;
#5320 = CARTESIAN_POINT ( 'NONE',  ( 6.599999999999997868, 24.00000000000000000, 0.000000000000000000 ) ) ;
#5321 = AXIS2_PLACEMENT_3D ( 'NONE', #1124, #1326, #5774 ) ;
#5322 = ADVANCED_FACE ( 'NONE', ( #8944 ), #2099, .F. ) ;
#5323 = DIRECTION ( 'NONE',  ( 1.000000000000000000, 0.000000000000000000, 0.000000000000000000 ) ) ;
#5324 = CARTESIAN_POINT ( 'NONE',  ( 31.35618559555870277, 52.13877797845074724, 4.335250907584248914 ) ) ;
#5325 = FACE_BOUND ( 'NONE', #4620, .T. ) ;
#5326 = ORIENTED_EDGE ( 'NONE', *, *, #6273, .T. ) ;
#5327 = VECTOR ( 'NONE', #9449, 1000.000000000000000 ) ;
#5328 = ORIENTED_EDGE ( 'NONE', *, *, #628, .F. ) ;
#5329 = DIRECTION ( 'NONE',  ( 0.000000000000000000, -0.000000000000000000, -1.000000000000000000 ) ) ;
#5330 = CARTESIAN_POINT ( 'NONE',  ( 19.71005050633878142, 0.000000000000000000, -22.69999999999998863 ) ) ;
#5331 = CARTESIAN_POINT ( 'NONE',  ( -6.999999999999999112, 16.00000000000000000, -21.99999999999999645 ) ) ;
#5332 = EDGE_CURVE ( 'NONE', #5496, #3022, #8908, .T. ) ;
#5333 = CARTESIAN_POINT ( 'NONE',  ( 8.592893218813628664, 60.00000000000000000, -10.28994949366116352 ) ) ;
#5334 = CARTESIAN_POINT ( 'NONE',  ( 20.90034085445341816, 25.03135154185266131, -10.79671542039428900 ) ) ;
#5335 = PLANE ( 'NONE',  #9279 ) ;
#5336 = ORIENTED_EDGE ( 'NONE', *, *, #3146, .F. ) ;
#5337 = CYLINDRICAL_SURFACE ( 'NONE', #1422, 2.500000000000002220 ) ;
#5338 = CARTESIAN_POINT ( 'NONE',  ( 32.00000000000000000, 45.65000000000000568, 52.99999999999998579 ) ) ;
#5339 = ORIENTED_EDGE ( 'NONE', *, *, #2837, .F. ) ;
#5340 = EDGE_CURVE ( 'NONE', #5241, #3121, #4300, .T. ) ;
#5341 = ORIENTED_EDGE ( 'NONE', *, *, #6150, .F. ) ;
#5342 = FACE_OUTER_BOUND ( 'NONE', #6899, .T. ) ;
#5343 = DIRECTION ( 'NONE',  ( 2.683475248743013296E-15, -0.000000000000000000, 1.000000000000000000 ) ) ;
#5344 = CARTESIAN_POINT ( 'NONE',  ( 18.47805088648878424, 45.19748810642786907, -20.17510716133640969 ) ) ;
#5345 = LINE ( 'NONE', #788, #8897 ) ;
#5346 = ORIENTED_EDGE ( 'NONE', *, *, #8229, .F. ) ;
#5347 = CYLINDRICAL_SURFACE ( 'NONE', #6370, 2.999999999999999112 ) ;
#5348 = LINE ( 'NONE', #8371, #8916 ) ;
#5349 = DIRECTION ( 'NONE',  ( 0.000000000000000000, 0.000000000000000000, -1.000000000000000000 ) ) ;
#5350 = EDGE_CURVE ( 'NONE', #1418, #7376, #111, .T. ) ;
#5351 = EDGE_CURVE ( 'NONE', #2348, #1702, #8422, .T. ) ;
#5352 = ORIENTED_EDGE ( 'NONE', *, *, #3889, .T. ) ;
#5353 = ORIENTED_EDGE ( 'NONE', *, *, #277, .F. ) ;
#5354 = LINE ( 'NONE', #4781, #8845 ) ;
#5355 = CARTESIAN_POINT ( 'NONE',  ( 21.40710678118648502, 25.26825771477446381, -19.71005050633883826 ) ) ;
#5356 = DIRECTION ( 'NONE',  ( -1.000000000000000000, 0.000000000000000000, 8.855468320851990103E-14 ) ) ;
#5357 = FACE_BOUND ( 'NONE', #4018, .T. ) ;
#5358 = CARTESIAN_POINT ( 'NONE',  ( -2.111168836183452857, 51.72445194926219614, 6.909632774696207846 ) ) ;
#5359 = CARTESIAN_POINT ( 'NONE',  ( 11.51715728752555989, 41.09162458354361291, -22.69999999999998863 ) ) ;
#5360 = VERTEX_POINT ( 'NONE', #889 ) ;
#5361 = ORIENTED_EDGE ( 'NONE', *, *, #2595, .F. ) ;
#5362 = ORIENTED_EDGE ( 'NONE', *, *, #7869, .F. ) ;
#5363 = VECTOR ( 'NONE', #4021, 1000.000000000000000 ) ;
#5364 = EDGE_CURVE ( 'NONE', #6921, #8172, #923, .T. ) ;
#5365 = CARTESIAN_POINT ( 'NONE',  ( 12.20631664820126616, 16.58960378116877976, -6.727976557960169579 ) ) ;
#5366 = EDGE_LOOP ( 'NONE', ( #7034, #960 ) ) ;
#5367 = CARTESIAN_POINT ( 'NONE',  ( 22.00000000000000000, 24.00000000000000000, -59.00000000000000000 ) ) ;
#5368 = CARTESIAN_POINT ( 'NONE',  ( 28.50000000000001066, 0.000000000000000000, -30.00000000000000000 ) ) ;
#5369 = FACE_OUTER_BOUND ( 'NONE', #5746, .T. ) ;
#5370 = AXIS2_PLACEMENT_3D ( 'NONE', #8313, #5475, #6960 ) ;
#5371 = VERTEX_POINT ( 'NONE', #155 ) ;
#5372 = EDGE_CURVE ( 'NONE', #5434, #7405, #13, .T. ) ;
#5373 = ADVANCED_FACE ( 'NONE', ( #8381 ), #1695, .F. ) ;
#5374 = ORIENTED_EDGE ( 'NONE', *, *, #3513, .F. ) ;
#5375 = DIRECTION ( 'NONE',  ( -1.000000000000000000, 0.000000000000000000, 0.000000000000000000 ) ) ;
#5376 = AXIS2_PLACEMENT_3D ( 'NONE', #233, #6788, #1502 ) ;
#5377 =( NAMED_UNIT ( * ) SI_UNIT ( $, .STERADIAN. ) SOLID_ANGLE_UNIT ( ) );
#5378 = CARTESIAN_POINT ( 'NONE',  ( 22.75439911253678105, 25.18391335201458858, -11.82164130191882379 ) ) ;
#5379 = LINE ( 'NONE', #7511, #3386 ) ;
#5380 = CARTESIAN_POINT ( 'NONE',  ( -0.4999999999999970024, 45.65000000000000568, 23.49999999999998579 ) ) ;
#5381 = DIRECTION ( 'NONE',  ( 0.000000000000000000, 0.000000000000000000, 1.000000000000000000 ) ) ;
#5382 = DIRECTION ( 'NONE',  ( -0.000000000000000000, -1.000000000000000000, -0.000000000000000000 ) ) ;
#5383 = EDGE_CURVE ( 'NONE', #8428, #6247, #2939, .T. ) ;
#5384 = ORIENTED_EDGE ( 'NONE', *, *, #5847, .T. ) ;
#5385 = CARTESIAN_POINT ( 'NONE',  ( 30.00000000000000000, 36.00000000000000711, -21.99999999999999645 ) ) ;
#5386 = DIRECTION ( 'NONE',  ( 0.000000000000000000, 0.000000000000000000, 1.000000000000000000 ) ) ;
#5387 = ORIENTED_EDGE ( 'NONE', *, *, #3579, .T. ) ;
#5388 = EDGE_CURVE ( 'NONE', #4888, #9333, #1551, .T. ) ;
#5389 = EDGE_CURVE ( 'NONE', #4215, #987, #8680, .T. ) ;
#5390 = ORIENTED_EDGE ( 'NONE', *, *, #1996, .T. ) ;
#5391 = CARTESIAN_POINT ( 'NONE',  ( -0.4999999999999970024, 45.65000000000000568, 55.99999999999998579 ) ) ;
#5392 = CIRCLE ( 'NONE', #2827, 19.99999999999999645 ) ;
#5393 = DIRECTION ( 'NONE',  ( 0.000000000000000000, -1.000000000000000000, 0.000000000000000000 ) ) ;
#5394 = DIRECTION ( 'NONE',  ( -0.000000000000000000, -1.000000000000000000, -0.000000000000000000 ) ) ;
#5395 = VERTEX_POINT ( 'NONE', #1744 ) ;
#5396 = CYLINDRICAL_SURFACE ( 'NONE', #2220, 19.99999999999999645 ) ;
#5397 = ADVANCED_FACE ( 'NONE', ( #398 ), #1841, .F. ) ;
#5398 = CARTESIAN_POINT ( 'NONE',  ( 0.000000000000000000, 36.00000000000000711, -7.999999999999994671 ) ) ;
#5399 = CARTESIAN_POINT ( 'NONE',  ( 23.89497474683053824, 53.44409202957852045, -17.98786796564399637 ) ) ;
#5400 = VECTOR ( 'NONE', #7190, 1000.000000000000000 ) ;
#5401 = ORIENTED_EDGE ( 'NONE', *, *, #5057, .T. ) ;
#5402 = ORIENTED_EDGE ( 'NONE', *, *, #6391, .F. ) ;
#5403 = DIRECTION ( 'NONE',  ( 0.000000000000000000, -0.000000000000000000, -1.000000000000000000 ) ) ;
#5404 = CARTESIAN_POINT ( 'NONE',  ( 8.592893218813628664, 25.26825771477441052, -10.28994949366115996 ) ) ;
#5405 = CARTESIAN_POINT ( 'NONE',  ( 15.00000000000000355, 63.00000000000000000, 6.999999999999995559 ) ) ;
#5406 = CARTESIAN_POINT ( 'NONE',  ( -6.999999999999999112, 36.00000000000000711, -9.399999999999995026 ) ) ;
#5407 = AXIS2_PLACEMENT_3D ( 'NONE', #4431, #8419, #9872 ) ;
#5408 = ADVANCED_FACE ( 'NONE', ( #6390 ), #4885, .T. ) ;
#5409 = CARTESIAN_POINT ( 'NONE',  ( 22.00000000000000000, 32.00000000000000000, -56.49999999999999289 ) ) ;
#5410 = CARTESIAN_POINT ( 'NONE',  ( 23.89497474683053824, 0.000000000000000000, -12.01213203435592014 ) ) ;
#5411 = EDGE_LOOP ( 'NONE', ( #1655, #5362, #9265, #8550 ) ) ;
#5412 = ORIENTED_EDGE ( 'NONE', *, *, #9091, .T. ) ;
#5413 = CIRCLE ( 'NONE', #7634, 19.97500000000000142 ) ;
#5414 = ORIENTED_EDGE ( 'NONE', *, *, #103, .F. ) ;
#5415 = CARTESIAN_POINT ( 'NONE',  ( 30.00000000000000000, 10.00000000000000178, -17.49999999999999645 ) ) ;
#5416 = ORIENTED_EDGE ( 'NONE', *, *, #1705, .F. ) ;
#5417 = CARTESIAN_POINT ( 'NONE',  ( 18.90294372515230137, 16.55940704256036966, -9.399999999999998579 ) ) ;
#5418 = CIRCLE ( 'NONE', #4605, 9.499999999999987566 ) ;
#5419 = DIRECTION ( 'NONE',  ( 0.000000000000000000, 1.000000000000000000, -0.000000000000000000 ) ) ;
#5420 = CARTESIAN_POINT ( 'NONE',  ( 31.43250390798263538, 52.09052401296031576, 4.513630598480098399 ) ) ;
#5421 = EDGE_CURVE ( 'NONE', #6763, #3736, #4785, .T. ) ;
#5422 = ORIENTED_EDGE ( 'NONE', *, *, #752, .F. ) ;
#5423 = AXIS2_PLACEMENT_3D ( 'NONE', #5685, #1088, #3986 ) ;
#5424 = EDGE_LOOP ( 'NONE', ( #8951, #8846, #2826, #2405 ) ) ;
#5425 = CARTESIAN_POINT ( 'NONE',  ( -6.999999999999999112, 36.00000000000000711, -21.99999999999999645 ) ) ;
#5426 = VECTOR ( 'NONE', #3161, 1000.000000000000000 ) ;
#5427 = EDGE_CURVE ( 'NONE', #5316, #9333, #2839, .T. ) ;
#5428 = LINE ( 'NONE', #8402, #8392 ) ;
#5429 = ORIENTED_EDGE ( 'NONE', *, *, #5125, .T. ) ;
#5430 = CARTESIAN_POINT ( 'NONE',  ( 18.48284271247459642, 60.00000000000000000, -7.299999999999952749 ) ) ;
#5431 = DIRECTION ( 'NONE',  ( 0.7071067811865475727, 0.000000000000000000, -0.7071067811865475727 ) ) ;
#5432 = CARTESIAN_POINT ( 'NONE',  ( 18.03542087810356520, 44.83101017938285082, -7.152276316318925353 ) ) ;
#5433 = EDGE_CURVE ( 'NONE', #3278, #6125, #2590, .T. ) ;
#5434 = VERTEX_POINT ( 'NONE', #7133 ) ;
#5435 = CARTESIAN_POINT ( 'NONE',  ( 17.78284271247456161, 16.00000000000000000, -23.39999999999999503 ) ) ;
#5436 = AXIS2_PLACEMENT_3D ( 'NONE', #4119, #2575, #3371 ) ;
#5437 = CARTESIAN_POINT ( 'NONE',  ( 8.592893218813628664, 60.00000000000000000, -10.28994949366116352 ) ) ;
#5438 = VERTEX_POINT ( 'NONE', #4037 ) ;
#5439 = EDGE_LOOP ( 'NONE', ( #818, #9839, #4079, #2570 ) ) ;
#5440 = CARTESIAN_POINT ( 'NONE',  ( 0.000000000000000000, 60.00000000000000000, 0.000000000000000000 ) ) ;
#5441 = CARTESIAN_POINT ( 'NONE',  ( 17.80294372515235679, 0.000000000000000000, -19.49999999999998224 ) ) ;
#5442 = AXIS2_PLACEMENT_3D ( 'NONE', #431, #3418, #2770 ) ;
#5443 = CARTESIAN_POINT ( 'NONE',  ( 4.705025253169601740, 16.00000000000000000, -8.000000000000000000 ) ) ;
#5444 = DIRECTION ( 'NONE',  ( 0.000000000000000000, 0.000000000000000000, -1.000000000000000000 ) ) ;
#5445 = LINE ( 'NONE', #8277, #2989 ) ;
#5446 = ADVANCED_FACE ( 'NONE', ( #1794 ), #9478, .T. ) ;
#5447 = ORIENTED_EDGE ( 'NONE', *, *, #4801, .F. ) ;
#5448 = LINE ( 'NONE', #2288, #472 ) ;
#5449 = CYLINDRICAL_SURFACE ( 'NONE', #4757, 0.7000000000000027311 ) ;
#5450 = CARTESIAN_POINT ( 'NONE',  ( 0.4221985805875245745, 52.97557922183850820, 3.586190540279782901 ) ) ;
#5451 = VECTOR ( 'NONE', #4402, 1000.000000000000000 ) ;
#5452 = ORIENTED_EDGE ( 'NONE', *, *, #4388, .F. ) ;
#5453 = EDGE_CURVE ( 'NONE', #6081, #8285, #8426, .T. ) ;
#5454 = ORIENTED_EDGE ( 'NONE', *, *, #4708, .F. ) ;
#5455 = DIRECTION ( 'NONE',  ( 0.000000000000000000, -1.000000000000000000, 0.000000000000000000 ) ) ;
#5456 = CARTESIAN_POINT ( 'NONE',  ( 19.09289321881340484, 60.00000000000000000, -24.99999999999999645 ) ) ;
#5457 = CARTESIAN_POINT ( 'NONE',  ( 6.599999999999996980, 4.000000000000003553, -12.21715728752533359 ) ) ;
#5458 = CARTESIAN_POINT ( 'NONE',  ( -2.202410323874802511, 51.70998458206936021, 7.022061739545674364 ) ) ;
#5459 = DIRECTION ( 'NONE',  ( 1.000000000000000000, 0.000000000000000000, -6.195440985631453345E-16 ) ) ;
#5460 = EDGE_LOOP ( 'NONE', ( #5514, #162, #8363, #6932, #1798, #573, #4737, #7256, #1096, #6992 ) ) ;
#5461 = ORIENTED_EDGE ( 'NONE', *, *, #5262, .F. ) ;
#5462 = ORIENTED_EDGE ( 'NONE', *, *, #5389, .F. ) ;
#5463 = EDGE_CURVE ( 'NONE', #6684, #3967, #7370, .T. ) ;
#5464 = CARTESIAN_POINT ( 'NONE',  ( 12.17659762174006666, 16.78698697949274532, -6.839799338769519288 ) ) ;
#5465 = ORIENTED_EDGE ( 'NONE', *, *, #7089, .F. ) ;
#5466 = DIRECTION ( 'NONE',  ( 1.000000000000000000, 0.000000000000000000, 6.188934370712541542E-16 ) ) ;
#5467 = CARTESIAN_POINT ( 'NONE',  ( 12.20815691069839026, 36.59136714554077940, -23.27796789512370168 ) ) ;
#5468 = ORIENTED_EDGE ( 'NONE', *, *, #4709, .F. ) ;
#5469 = ORIENTED_EDGE ( 'NONE', *, *, #9200, .T. ) ;
#5470 = VECTOR ( 'NONE', #6377, 1000.000000000000000 ) ;
#5471 = ORIENTED_EDGE ( 'NONE', *, *, #5427, .F. ) ;
#5472 = PLANE ( 'NONE',  #2598 ) ;
#5473 = DIRECTION ( 'NONE',  ( 1.000000000000000000, -0.000000000000000000, -0.000000000000000000 ) ) ;
#5474 = VERTEX_POINT ( 'NONE', #7782 ) ;
#5475 = DIRECTION ( 'NONE',  ( -0.000000000000000000, -0.000000000000000000, 1.000000000000000000 ) ) ;
#5476 = DIRECTION ( 'NONE',  ( 0.000000000000000000, 0.000000000000000000, 1.000000000000000000 ) ) ;
#5477 = B_SPLINE_CURVE_WITH_KNOTS ( 'NONE', 3,
 ( #7192, #9485, #4148, #5001, #4895, #7094, #9441, #8739, #7985, #4198, #1151, #3441 ),
 .UNSPECIFIED., .F., .F.,
 ( 4, 2, 2, 2, 2, 4 ),
 ( 0.005475777389517973680, 0.005932063654698204944, 0.006160206787288330550, 0.006388349919878456157, 0.006844636185058693492, 0.007300922450238929960 ),
 .UNSPECIFIED. ) ;
#5478 = LINE ( 'NONE', #7898, #8324 ) ;
#5479 = ORIENTED_EDGE ( 'NONE', *, *, #3953, .F. ) ;
#5480 = DIRECTION ( 'NONE',  ( -0.7071067811865474617, 0.000000000000000000, -0.7071067811865474617 ) ) ;
#5481 = DIRECTION ( 'NONE',  ( 1.000000000000000000, -0.000000000000000000, -0.000000000000000000 ) ) ;
#5482 = ORIENTED_EDGE ( 'NONE', *, *, #5829, .T. ) ;
#5483 = VERTEX_POINT ( 'NONE', #3384 ) ;
#5484 = DIRECTION ( 'NONE',  ( 0.000000000000000000, 0.000000000000000000, 1.000000000000000000 ) ) ;
#5485 = VECTOR ( 'NONE', #5224, 1000.000000000000000 ) ;
#5486 = EDGE_CURVE ( 'NONE', #7618, #4451, #3289, .T. ) ;
#5487 = DIRECTION ( 'NONE',  ( 0.000000000000000000, 1.000000000000000000, -0.000000000000000000 ) ) ;
#5488 = CARTESIAN_POINT ( 'NONE',  ( 4.705025253169601740, 60.00000000000000000, -19.38786796564397719 ) ) ;
#5489 = CARTESIAN_POINT ( 'NONE',  ( 30.08177962908667524, 53.95413962910037498, 0.6703748934027117246 ) ) ;
#5490 = CARTESIAN_POINT ( 'NONE',  ( 30.00000000000000000, 60.00000000000000000, -1.499999999999988898 ) ) ;
#5491 = CARTESIAN_POINT ( 'NONE',  ( 17.78154720631578911, 36.30261047137149433, -6.624561353076154901 ) ) ;
#5492 = CARTESIAN_POINT ( 'NONE',  ( -0.5342783933423645992, 52.26740376225103546, 4.913895501129313281 ) ) ;
#5493 = ADVANCED_FACE ( 'NONE', ( #3283 ), #9382, .F. ) ;
#5494 = EDGE_CURVE ( 'NONE', #263, #453, #7877, .T. ) ;
#5495 = EDGE_LOOP ( 'NONE', ( #2457, #6607, #7750, #7372, #5034, #4303 ) ) ;
#5496 = VERTEX_POINT ( 'NONE', #2140 ) ;
#5497 = CARTESIAN_POINT ( 'NONE',  ( 7.300000000000169464, 5.212435565298314089, -10.28994949366116707 ) ) ;
#5498 = CARTESIAN_POINT ( 'NONE',  ( 4.705025253169599964, 16.00000000000000000, -21.99999999999999645 ) ) ;
#5499 = APPLICATION_CONTEXT ( 'automotive_design' ) ;
#5500 = DIRECTION ( 'NONE',  ( 0.000000000000000000, 1.000000000000000000, -0.000000000000000000 ) ) ;
#5501 = CARTESIAN_POINT ( 'NONE',  ( -1.368302948885380621, 51.90768568375593617, 5.985144817379395299 ) ) ;
#5502 = CARTESIAN_POINT ( 'NONE',  ( 18.61333807323631362, 28.58139937792024199, -31.45666214655433990 ) ) ;
#5503 = ORIENTED_EDGE ( 'NONE', *, *, #2778, .F. ) ;
#5504 = ORIENTED_EDGE ( 'NONE', *, *, #8634, .F. ) ;
#5505 = EDGE_CURVE ( 'NONE', #1872, #9609, #9613, .T. ) ;
#5506 = ORIENTED_EDGE ( 'NONE', *, *, #1519, .F. ) ;
#5507 = CARTESIAN_POINT ( 'NONE',  ( 18.48284271247459642, 60.00000000000000000, -7.299999999999952749 ) ) ;
#5508 = ORIENTED_EDGE ( 'NONE', *, *, #7702, .F. ) ;
#5509 = DIRECTION ( 'NONE',  ( -1.000000000000000000, 0.000000000000000000, 0.000000000000000000 ) ) ;
#5510 = CARTESIAN_POINT ( 'NONE',  ( -0.4471006580229987537, 53.07349908924796011, 1.998250501897358866 ) ) ;
#5511 = CARTESIAN_POINT ( 'NONE',  ( 12.21839856525410362, 36.30451561029347829, -23.37484082165155641 ) ) ;
#5512 = EDGE_LOOP ( 'NONE', ( #2084, #5753, #7578, #3074 ) ) ;
#5513 = VECTOR ( 'NONE', #988, 1000.000000000000000 ) ;
#5514 = ORIENTED_EDGE ( 'NONE', *, *, #5284, .T. ) ;
#5515 = ORIENTED_EDGE ( 'NONE', *, *, #5010, .T. ) ;
#5516 = DIRECTION ( 'NONE',  ( -0.000000000000000000, -1.000000000000000000, -0.000000000000000000 ) ) ;
#5517 = DIRECTION ( 'NONE',  ( -0.000000000000000000, -0.000000000000000000, 1.000000000000000000 ) ) ;
#5518 = VERTEX_POINT ( 'NONE', #9679 ) ;
#5519 = CARTESIAN_POINT ( 'NONE',  ( 23.39999999999995239, 60.00000000000000000, -18.48284271247457866 ) ) ;
#5520 = CARTESIAN_POINT ( 'NONE',  ( 21.40710678118648502, 22.73174228522553619, -19.71005050633883826 ) ) ;
#5521 = CARTESIAN_POINT ( 'NONE',  ( 18.48284271247459998, 45.22796722212306975, -7.299999999999950973 ) ) ;
#5522 = VERTEX_POINT ( 'NONE', #2094 ) ;
#5523 = CARTESIAN_POINT ( 'NONE',  ( 17.98786796564402124, 60.00000000000000000, -6.105025253169378274 ) ) ;
#5524 = DIRECTION ( 'NONE',  ( 1.000000000000000000, 0.000000000000000000, 0.000000000000000000 ) ) ;
#5525 = ORIENTED_EDGE ( 'NONE', *, *, #2994, .T. ) ;
#5526 = AXIS2_PLACEMENT_3D ( 'NONE', #771, #9162, #2319 ) ;
#5527 = EDGE_LOOP ( 'NONE', ( #7205, #1556 ) ) ;
#5528 = CARTESIAN_POINT ( 'NONE',  ( 33.00000000000000000, 60.00000000000000000, -2.999999999999996447 ) ) ;
#5529 = FACE_BOUND ( 'NONE', #7880, .T. ) ;
#5530 = CARTESIAN_POINT ( 'NONE',  ( 11.51715728752552792, 14.78756443470181559, -7.299999999999952749 ) ) ;
#5531 = DIRECTION ( 'NONE',  ( 0.000000000000000000, 0.000000000000000000, -1.000000000000000000 ) ) ;
#5532 = FACE_OUTER_BOUND ( 'NONE', #7879, .T. ) ;
#5533 = CARTESIAN_POINT ( 'NONE',  ( 30.62816202811097810, 52.81296864418560233, 2.513404333415487635 ) ) ;
#5534 = DIRECTION ( 'NONE',  ( -6.188934370712449836E-16, 0.000000000000000000, -1.000000000000000000 ) ) ;
#5535 = AXIS2_PLACEMENT_3D ( 'NONE', #2163, #574, #3568 ) ;
#5536 = ORIENTED_EDGE ( 'NONE', *, *, #183, .T. ) ;
#5537 = CARTESIAN_POINT ( 'NONE',  ( 18.48284271247456090, 34.78756443470178539, -22.69999999999998863 ) ) ;
#5538 = CARTESIAN_POINT ( 'NONE',  ( 0.8222017535358080442, 53.43839527327874350, 2.957812458035693481 ) ) ;
#5539 = EDGE_CURVE ( 'NONE', #744, #4267, #6739, .T. ) ;
#5540 = ORIENTED_EDGE ( 'NONE', *, *, #4430, .T. ) ;
#5541 = AXIS2_PLACEMENT_3D ( 'NONE', #9110, #8454, #6117 ) ;
#5542 = DIRECTION ( 'NONE',  ( 0.000000000000000000, -1.000000000000000000, 0.000000000000000000 ) ) ;
#5543 = FACE_OUTER_BOUND ( 'NONE', #8923, .T. ) ;
#5544 = CARTESIAN_POINT ( 'NONE',  ( 3.499999999999999556, 45.65000000000000568, 0.000000000000000000 ) ) ;
#5545 = EDGE_CURVE ( 'NONE', #3958, #9432, #7477, .T. ) ;
#5546 = EDGE_CURVE ( 'NONE', #8092, #8734, #7384, .T. ) ;
#5547 = DIRECTION ( 'NONE',  ( -0.000000000000000000, 1.000000000000000000, -0.000000000000000000 ) ) ;
#5548 = DIRECTION ( 'NONE',  ( -1.000000000000000000, 0.000000000000000000, 0.000000000000000000 ) ) ;
#5549 = VECTOR ( 'NONE', #3695, 1000.000000000000000 ) ;
#5550 = EDGE_LOOP ( 'NONE', ( #6862, #7519, #4959, #8946, #7844 ) ) ;
#5551 = VERTEX_POINT ( 'NONE', #8226 ) ;
#5552 = VECTOR ( 'NONE', #4528, 1000.000000000000000 ) ;
#5553 = ADVANCED_FACE ( 'NONE', ( #1298 ), #8133, .F. ) ;
#5554 = FACE_BOUND ( 'NONE', #3871, .T. ) ;
#5555 = VERTEX_POINT ( 'NONE', #5042 ) ;
#5556 = DIRECTION ( 'NONE',  ( -5.873343889775906302E-16, 0.000000000000000000, -1.000000000000000000 ) ) ;
#5557 = CARTESIAN_POINT ( 'NONE',  ( 12.21066228537320697, 15.47910812185293850, -6.698267600678406986 ) ) ;
#5558 = CARTESIAN_POINT ( 'NONE',  ( 9.399999999999998579, 4.000000000000000000, -11.09705627484753521 ) ) ;
#5559 = ORIENTED_EDGE ( 'NONE', *, *, #7363, .T. ) ;
#5560 = CIRCLE ( 'NONE', #1249, 1.399999999999998579 ) ;
#5561 = VERTEX_POINT ( 'NONE', #1390 ) ;
#5562 = EDGE_LOOP ( 'NONE', ( #3828, #8584 ) ) ;
#5563 = DIRECTION ( 'NONE',  ( 0.000000000000000000, 0.000000000000000000, -1.000000000000000000 ) ) ;
#5564 = ADVANCED_FACE ( 'NONE', ( #596 ), #4993, .F. ) ;
#5565 = CARTESIAN_POINT ( 'NONE',  ( 30.77278108928131672, 52.14668309816259040, 5.225049382275339660 ) ) ;
#5566 = ORIENTED_EDGE ( 'NONE', *, *, #6585, .F. ) ;
#5567 = CARTESIAN_POINT ( 'NONE',  ( 7.300000000000169464, 40.13269016701055847, -4.999999999999996447 ) ) ;
#5568 = CIRCLE ( 'NONE', #8907, 1.400000000000001021 ) ;
#5569 = CARTESIAN_POINT ( 'NONE',  ( 19.71005050633881339, 37.21243556529817198, -7.299999999999916334 ) ) ;
#5570 = AXIS2_PLACEMENT_3D ( 'NONE', #3769, #6871, #4474 ) ;
#5571 =( BOUNDED_CURVE ( )  B_SPLINE_CURVE ( 3, ( #8767, #3621, #6679, #9717 ),
 .UNSPECIFIED., .F., .T. ) 
 B_SPLINE_CURVE_WITH_KNOTS ( ( 4, 4 ),
 ( 2.008096404397820223, 3.141592653589793116 ),
 .UNSPECIFIED. ) 
 CURVE ( )  GEOMETRIC_REPRESENTATION_ITEM ( )  RATIONAL_B_SPLINE_CURVE ( ( 1.000000000000000000, 0.8957675578916461934, 0.8957675578916461934, 1.000000000000000000 ) ) 
 REPRESENTATION_ITEM ( '' )  );
#5572 = FACE_OUTER_BOUND ( 'NONE', #2426, .T. ) ;
#5573 = ORIENTED_EDGE ( 'NONE', *, *, #7941, .T. ) ;
#5574 = PLANE ( 'NONE',  #2857 ) ;
#5575 = DIRECTION ( 'NONE',  ( -0.000000000000000000, -1.000000000000000000, -0.000000000000000000 ) ) ;
#5576 = ORIENTED_EDGE ( 'NONE', *, *, #7802, .T. ) ;
#5577 = ORIENTED_EDGE ( 'NONE', *, *, #613, .F. ) ;
#5578 = CARTESIAN_POINT ( 'NONE',  ( 23.02727375321239478, 23.03754535467165709, -17.88242241445453473 ) ) ;
#5579 = ADVANCED_FACE ( 'NONE', ( #4433 ), #9783, .T. ) ;
#5580 = DIRECTION ( 'NONE',  ( -0.000000000000000000, -1.000000000000000000, -0.000000000000000000 ) ) ;
#5581 = CARTESIAN_POINT ( 'NONE',  ( 22.69999999999994955, 50.68817955499562089, -18.48284271247463550 ) ) ;
#5582 = CARTESIAN_POINT ( 'NONE',  ( 19.50000000000017053, 46.22502268604427655, -12.19705627484766630 ) ) ;
#5583 = DIRECTION ( 'NONE',  ( -1.000000000000000000, 0.000000000000000000, 8.673617379884034239E-17 ) ) ;
#5584 = PLANE ( 'NONE',  #2416 ) ;
#5585 = DIRECTION ( 'NONE',  ( 0.000000000000000000, 0.000000000000000000, -1.000000000000000000 ) ) ;
#5586 = VECTOR ( 'NONE', #4537, 1000.000000000000000 ) ;
#5587 = LINE ( 'NONE', #1029, #9078 ) ;
#5588 = CARTESIAN_POINT ( 'NONE',  ( 12.19624459397637040, 16.72851922219877352, -23.20447749176883079 ) ) ;
#5589 = CARTESIAN_POINT ( 'NONE',  ( 17.78284271247460779, 36.15279283707064195, -6.599999999999993427 ) ) ;
#5590 = DIRECTION ( 'NONE',  ( 1.000000000000000000, -0.000000000000000000, -0.000000000000000000 ) ) ;
#5591 = AXIS2_PLACEMENT_3D ( 'NONE', #5192, #6592, #6484 ) ;
#5592 = EDGE_LOOP ( 'NONE', ( #7588, #329, #4163, #6944 ) ) ;
#5593 = LINE ( 'NONE', #9526, #4860 ) ;
#5594 = PLANE ( 'NONE',  #5423 ) ;
#5595 = CARTESIAN_POINT ( 'NONE',  ( 0.7500000000000370814, 60.00000000000000000, -0.7499999999999590328 ) ) ;
#5596 = EDGE_CURVE ( 'NONE', #1007, #1774, #5149, .T. ) ;
#5597 = AXIS2_PLACEMENT_3D ( 'NONE', #521, #4961, #2612 ) ;
#5598 = CARTESIAN_POINT ( 'NONE',  ( 9.099659145546633354, 22.96864845814742750, -10.79671542039416998 ) ) ;
#5599 = FACE_OUTER_BOUND ( 'NONE', #3199, .T. ) ;
#5600 = ORIENTED_EDGE ( 'NONE', *, *, #6707, .F. ) ;
#5601 = ORIENTED_EDGE ( 'NONE', *, *, #4796, .F. ) ;
#5602 = EDGE_CURVE ( 'NONE', #3958, #6838, #4237, .T. ) ;
#5603 = CIRCLE ( 'NONE', #1930, 1.500000000000001332 ) ;
#5604 = EDGE_CURVE ( 'NONE', #3850, #2749, #7280, .T. ) ;
#5605 = LINE ( 'NONE', #8637, #9842 ) ;
#5606 = DIRECTION ( 'NONE',  ( -1.000000000000000000, 0.000000000000000000, -9.257989608163444543E-14 ) ) ;
#5607 = DIRECTION ( 'NONE',  ( 0.000000000000000000, 0.000000000000000000, -1.000000000000000000 ) ) ;
#5608 = CARTESIAN_POINT ( 'NONE',  ( 19.71005050633884181, 36.00000000000000711, -21.99999999999999645 ) ) ;
#5609 = CARTESIAN_POINT ( 'NONE',  ( 4.705025253169601740, 0.000000000000000000, -4.705025253169409005 ) ) ;
#5610 = ORIENTED_EDGE ( 'NONE', *, *, #7869, .T. ) ;
#5611 = EDGE_LOOP ( 'NONE', ( #36, #123, #8546 ) ) ;
#5612 = ORIENTED_EDGE ( 'NONE', *, *, #3095, .F. ) ;
#5613 = LINE ( 'NONE', #3352, #7538 ) ;
#5614 = CARTESIAN_POINT ( 'NONE',  ( 29.71796359759363071, 52.84620428765281730, 3.791012481027797421 ) ) ;
#5615 = VERTEX_POINT ( 'NONE', #6693 ) ;
#5616 = CARTESIAN_POINT ( 'NONE',  ( 9.399999999999998579, 4.000000000000000000, -18.90294372515247190 ) ) ;
#5617 = CARTESIAN_POINT ( 'NONE',  ( 20.90034085445341461, 22.96864845814735290, -19.20328457960571811 ) ) ;
#5618 = CARTESIAN_POINT ( 'NONE',  ( 9.399999999999998579, 24.00000000000000000, -25.29497474683058300 ) ) ;
#5619 = ORIENTED_EDGE ( 'NONE', *, *, #5022, .T. ) ;
#5620 = DIRECTION ( 'NONE',  ( -1.000000000000000000, 0.000000000000000000, 0.000000000000000000 ) ) ;
#5621 = ORIENTED_EDGE ( 'NONE', *, *, #9335, .F. ) ;
#5622 = ORIENTED_EDGE ( 'NONE', *, *, #3544, .T. ) ;
#5623 = CYLINDRICAL_SURFACE ( 'NONE', #4082, 1.400000000000000133 ) ;
#5624 = PLANE ( 'NONE',  #5686 ) ;
#5625 = CYLINDRICAL_SURFACE ( 'NONE', #207, 1.500000000000001332 ) ;
#5626 = DIRECTION ( 'NONE',  ( -0.000000000000000000, -1.000000000000000000, -0.000000000000000000 ) ) ;
#5627 = DIRECTION ( 'NONE',  ( 0.000000000000000000, 0.000000000000000000, 1.000000000000000000 ) ) ;
#5628 = EDGE_CURVE ( 'NONE', #4811, #588, #9634, .T. ) ;
#5629 = DIRECTION ( 'NONE',  ( -1.000000000000000000, 0.000000000000000000, 0.000000000000000000 ) ) ;
#5630 = DIRECTION ( 'NONE',  ( -0.000000000000000000, -1.000000000000000000, -0.000000000000000000 ) ) ;
#5631 = AXIS2_PLACEMENT_3D ( 'NONE', #4323, #8814, #4367 ) ;
#5632 = DIRECTION ( 'NONE',  ( 0.7071067811865495711, 0.000000000000000000, -0.7071067811865454633 ) ) ;
#5633 = DIRECTION ( 'NONE',  ( 0.000000000000000000, -0.000000000000000000, 1.000000000000000000 ) ) ;
#5634 = CARTESIAN_POINT ( 'NONE',  ( -6.999999999999998224, 14.78756443470183690, -7.299999999999916334 ) ) ;
#5635 = CARTESIAN_POINT ( 'NONE',  ( -2.069974003588204159, 51.79647502487552657, 5.960005636067849721 ) ) ;
#5636 = EDGE_CURVE ( 'NONE', #8962, #1498, #5713, .T. ) ;
#5637 = AXIS2_PLACEMENT_3D ( 'NONE', #2851, #5810, #4535 ) ;
#5638 = VERTEX_POINT ( 'NONE', #9587 ) ;
#5639 = DIRECTION ( 'NONE',  ( 1.000000000000000000, -0.000000000000000000, -0.000000000000000000 ) ) ;
#5640 = LINE ( 'NONE', #2486, #637 ) ;
#5641 = PLANE ( 'NONE',  #8093 ) ;
#5642 = CARTESIAN_POINT ( 'NONE',  ( -6.999999999999999112, 30.00000000000000355, -12.50000000000000355 ) ) ;
#5643 = CARTESIAN_POINT ( 'NONE',  ( 23.37475699156268760, 23.69532173814597797, -12.21838400667453683 ) ) ;
#5644 = VERTEX_POINT ( 'NONE', #6596 ) ;
#5645 = ORIENTED_EDGE ( 'NONE', *, *, #2731, .T. ) ;
#5646 = FACE_OUTER_BOUND ( 'NONE', #6226, .T. ) ;
#5647 = CARTESIAN_POINT ( 'NONE',  ( 6.328884336995939108, 40.04374091315655448, -17.82305075555889573 ) ) ;
#5648 = PLANE ( 'NONE',  #501 ) ;
#5649 = CARTESIAN_POINT ( 'NONE',  ( 12.11012694854554184, 15.04196243646008391, -6.976926139492493739 ) ) ;
#5650 = CARTESIAN_POINT ( 'NONE',  ( 31.72901751814555382, 51.80265804617575043, 6.436655435298774819 ) ) ;
#5651 = ORIENTED_EDGE ( 'NONE', *, *, #17, .T. ) ;
#5652 = ORIENTED_EDGE ( 'NONE', *, *, #5806, .T. ) ;
#5653 = EDGE_CURVE ( 'NONE', #3648, #1872, #3635, .T. ) ;
#5654 = ORIENTED_EDGE ( 'NONE', *, *, #1909, .F. ) ;
#5655 = DIRECTION ( 'NONE',  ( 1.000000000000000000, -0.000000000000000000, -0.000000000000000000 ) ) ;
#5656 = CARTESIAN_POINT ( 'NONE',  ( 3.499999999999999556, 45.65000000000000568, 38.99999999999998579 ) ) ;
#5657 = CARTESIAN_POINT ( 'NONE',  ( 32.25813898351539422, 51.70184153018208661, 7.090651723664397110 ) ) ;
#5658 = ORIENTED_EDGE ( 'NONE', *, *, #8826, .T. ) ;
#5659 = CARTESIAN_POINT ( 'NONE',  ( 33.00000000000000711, 45.65000000000000568, 3.000000000000003553 ) ) ;
#5660 = DIRECTION ( 'NONE',  ( -0.000000000000000000, -1.000000000000000000, -0.000000000000000000 ) ) ;
#5661 = LINE ( 'NONE', #1864, #7379 ) ;
#5662 = AXIS2_PLACEMENT_3D ( 'NONE', #348, #5639, #7130 ) ;
#5663 = VERTEX_POINT ( 'NONE', #2786 ) ;
#5664 = EDGE_CURVE ( 'NONE', #8513, #8219, #2038, .T. ) ;
#5665 = ADVANCED_FACE ( 'NONE', ( #6978 ), #9178, .F. ) ;
#5666 = CARTESIAN_POINT ( 'NONE',  ( 7.999999999999998224, 24.00000000000000000, 0.000000000000000000 ) ) ;
#5667 = EDGE_LOOP ( 'NONE', ( #5651, #8308, #459, #3496 ) ) ;
#5668 = ORIENTED_EDGE ( 'NONE', *, *, #5088, .T. ) ;
#5669 = DIRECTION ( 'NONE',  ( -0.000000000000000000, -1.000000000000000000, -0.000000000000000000 ) ) ;
#5670 = CIRCLE ( 'NONE', #4706, 22.00000000000000000 ) ;
#5671 = CARTESIAN_POINT ( 'NONE',  ( 4.705025253169601740, 60.00000000000000000, -19.38786796564397719 ) ) ;
#5672 = CARTESIAN_POINT ( 'NONE',  ( 30.00000000000000000, 36.00000000000000711, -7.999999999999994671 ) ) ;
#5673 = LINE ( 'NONE', #337, #6634 ) ;
#5674 = DIRECTION ( 'NONE',  ( -1.341737624371510395E-15, 0.000000000000000000, -1.000000000000000000 ) ) ;
#5675 = DIRECTION ( 'NONE',  ( 1.000000000000000000, 0.000000000000000000, 0.000000000000000000 ) ) ;
#5676 = CARTESIAN_POINT ( 'NONE',  ( 30.30107640452681750, 53.33997699408182314, 1.539377913692072664 ) ) ;
#5677 = FACE_OUTER_BOUND ( 'NONE', #4955, .T. ) ;
#5678 = DIRECTION ( 'NONE',  ( 0.000000000000000000, 1.000000000000000000, 0.000000000000000000 ) ) ;
#5679 = EDGE_CURVE ( 'NONE', #858, #5153, #9860, .T. ) ;
#5680 = CARTESIAN_POINT ( 'NONE',  ( 17.95369315554684064, 37.05965542552527836, -7.079162025202911934 ) ) ;
#5681 = CARTESIAN_POINT ( 'NONE',  ( 18.48284271247456090, 34.78756443470178539, -22.69999999999998863 ) ) ;
#5682 = VECTOR ( 'NONE', #5964, 1000.000000000000000 ) ;
#5683 = ORIENTED_EDGE ( 'NONE', *, *, #8158, .T. ) ;
#5684 = VERTEX_POINT ( 'NONE', #143 ) ;
#5685 = CARTESIAN_POINT ( 'NONE',  ( 22.69999999999994955, 60.00000000000000000, -19.71005050633884181 ) ) ;
#5686 = AXIS2_PLACEMENT_3D ( 'NONE', #8663, #8614, #1927 ) ;
#5687 = EDGE_CURVE ( 'NONE', #9444, #6763, #1823, .T. ) ;
#5688 = CARTESIAN_POINT ( 'NONE',  ( -6.999999999999999112, 37.21243556529822172, -22.69999999999998863 ) ) ;
#5689 = CARTESIAN_POINT ( 'NONE',  ( 18.17866964474671576, 14.81600271418747106, -7.245745179513603418 ) ) ;
#5690 = DIRECTION ( 'NONE',  ( 0.000000000000000000, -1.000000000000000000, 0.000000000000000000 ) ) ;
#5691 = AXIS2_PLACEMENT_3D ( 'NONE', #2207, #518, #1358 ) ;
#5692 = ORIENTED_EDGE ( 'NONE', *, *, #826, .T. ) ;
#5693 = ORIENTED_EDGE ( 'NONE', *, *, #202, .T. ) ;
#5694 = EDGE_CURVE ( 'NONE', #9355, #6563, #1097, .T. ) ;
#5695 = DIRECTION ( 'NONE',  ( 0.000000000000000000, 0.000000000000000000, 1.000000000000000000 ) ) ;
#5696 = DIRECTION ( 'NONE',  ( 0.000000000000000000, 1.000000000000000000, 0.000000000000000000 ) ) ;
#5697 = AXIS2_PLACEMENT_3D ( 'NONE', #7432, #508, #5104 ) ;
#5698 = CARTESIAN_POINT ( 'NONE',  ( 19.50000000000017053, 46.22502268604427655, -5.000000000000005329 ) ) ;
#5699 = DIRECTION ( 'NONE',  ( 0.000000000000000000, 0.000000000000000000, -1.000000000000000000 ) ) ;
#5700 = VERTEX_POINT ( 'NONE', #3 ) ;
#5701 = EDGE_LOOP ( 'NONE', ( #3064, #9760, #7023, #3529 ) ) ;
#5702 = VECTOR ( 'NONE', #1089, 1000.000000000000000 ) ;
#5703 = ORIENTED_EDGE ( 'NONE', *, *, #5364, .F. ) ;
#5704 = CARTESIAN_POINT ( 'NONE',  ( 7.999999999999998224, 4.000000000000000000, -19.71005050633883826 ) ) ;
#5705 = PLANE ( 'NONE',  #1589 ) ;
#5706 = CARTESIAN_POINT ( 'NONE',  ( 30.81226122702775072, 52.12793113077231055, 5.276198905546611861 ) ) ;
#5707 = EDGE_LOOP ( 'NONE', ( #6686, #8038, #5401, #6946 ) ) ;
#5708 = CARTESIAN_POINT ( 'NONE',  ( 30.00000000000000000, 54.65000000000000568, 3.469446951953614189E-15 ) ) ;
#5709 = CARTESIAN_POINT ( 'NONE',  ( 10.28994949366131095, 60.00000000000000000, -7.299999999999952749 ) ) ;
#5710 = DIRECTION ( 'NONE',  ( 1.000000000000000000, -0.000000000000000000, -0.000000000000000000 ) ) ;
#5711 = VECTOR ( 'NONE', #6848, 1000.000000000000000 ) ;
#5712 = EDGE_CURVE ( 'NONE', #1702, #2257, #6929, .T. ) ;
#5713 = CIRCLE ( 'NONE', #3313, 1.499999999999997780 ) ;
#5714 = ORIENTED_EDGE ( 'NONE', *, *, #2887, .F. ) ;
#5715 = LINE ( 'NONE', #331, #3650 ) ;
#5716 = EDGE_LOOP ( 'NONE', ( #3237, #6600, #1861, #5207, #3505 ) ) ;
#5717 = AXIS2_PLACEMENT_3D ( 'NONE', #4333, #5232, #7374 ) ;
#5718 = ORIENTED_EDGE ( 'NONE', *, *, #2887, .T. ) ;
#5719 = DIRECTION ( 'NONE',  ( 0.000000000000000000, 1.000000000000000000, 0.000000000000000000 ) ) ;
#5720 = CIRCLE ( 'NONE', #6845, 1.400000000000000133 ) ;
#5721 = DIRECTION ( 'NONE',  ( -0.000000000000000000, -0.000000000000000000, 1.000000000000000000 ) ) ;
#5722 = PLANE ( 'NONE',  #8014 ) ;
#5723 = CARTESIAN_POINT ( 'NONE',  ( 21.40710678118649568, 48.56291789525213431, -10.28994949366116529 ) ) ;
#5724 = ADVANCED_FACE ( 'NONE', ( #6833 ), #3734, .F. ) ;
#5725 = CARTESIAN_POINT ( 'NONE',  ( 32.00000000000000000, 45.65000000000000568, 23.49999999999998579 ) ) ;
#5726 = CARTESIAN_POINT ( 'NONE',  ( 32.00000000000000000, 45.65000000000000568, 21.99999999999998579 ) ) ;
#5727 = CARTESIAN_POINT ( 'NONE',  ( 31.05129625839423113, 52.36908080771485885, 3.603347604861290687 ) ) ;
#5728 = CARTESIAN_POINT ( 'NONE',  ( -2.750155469410060949, 51.66042083424405718, 7.455227555739694978 ) ) ;
#5729 = DIRECTION ( 'NONE',  ( -3.469446951953614189E-15, 0.000000000000000000, -1.000000000000000000 ) ) ;
#5730 = AXIS2_PLACEMENT_3D ( 'NONE', #1819, #2517, #8808 ) ;
#5731 = CARTESIAN_POINT ( 'NONE',  ( 15.00000000000000000, 70.00000000000000000, -15.00000000000000355 ) ) ;
#5732 = VECTOR ( 'NONE', #9224, 1000.000000000000000 ) ;
#5733 = ORIENTED_EDGE ( 'NONE', *, *, #8787, .F. ) ;
#5734 = ORIENTED_EDGE ( 'NONE', *, *, #7972, .F. ) ;
#5735 = CARTESIAN_POINT ( 'NONE',  ( -6.999999999999999112, 36.00000000000000711, -7.999999999999994671 ) ) ;
#5736 = AXIS2_PLACEMENT_3D ( 'NONE', #9280, #8628, #4182 ) ;
#5737 = EDGE_CURVE ( 'NONE', #3452, #7327, #6180, .T. ) ;
#5738 = CARTESIAN_POINT ( 'NONE',  ( 22.69999999999994955, 60.00000000000000000, -18.48284271247463550 ) ) ;
#5739 = AXIS2_PLACEMENT_3D ( 'NONE', #5107, #7289, #4896 ) ;
#5740 = DIRECTION ( 'NONE',  ( 0.000000000000000000, 0.000000000000000000, -1.000000000000000000 ) ) ;
#5741 = CARTESIAN_POINT ( 'NONE',  ( 22.69999999999994955, 5.212435565298245699, -18.48284271247463550 ) ) ;
#5742 = CARTESIAN_POINT ( 'NONE',  ( 10.28994949366134293, 60.00000000000000000, -22.69999999999998863 ) ) ;
#5743 = CARTESIAN_POINT ( 'NONE',  ( 17.77956774352993818, 44.61549709089335636, -23.43868227392180970 ) ) ;
#5744 = CIRCLE ( 'NONE', #7488, 2.499999999999996891 ) ;
#5745 = ORIENTED_EDGE ( 'NONE', *, *, #5602, .F. ) ;
#5746 = EDGE_LOOP ( 'NONE', ( #4946, #7544, #4482 ) ) ;
#5747 = LINE ( 'NONE', #1953, #759 ) ;
#5748 = DIRECTION ( 'NONE',  ( 0.000000000000000000, 0.000000000000000000, 1.000000000000000000 ) ) ;
#5749 = AXIS2_PLACEMENT_3D ( 'NONE', #1317, #9607, #9553 ) ;
#5750 = ADVANCED_FACE ( 'NONE', ( #3176 ), #146, .F. ) ;
#5751 = FACE_OUTER_BOUND ( 'NONE', #7163, .T. ) ;
#5752 = DIRECTION ( 'NONE',  ( 1.000000000000000000, 0.000000000000000000, 0.000000000000000000 ) ) ;
#5753 = ORIENTED_EDGE ( 'NONE', *, *, #1381, .F. ) ;
#5754 = ORIENTED_EDGE ( 'NONE', *, *, #8588, .F. ) ;
#5755 = EDGE_CURVE ( 'NONE', #7468, #1907, #5720, .T. ) ;
#5756 = VECTOR ( 'NONE', #3049, 1000.000000000000000 ) ;
#5757 = ORIENTED_EDGE ( 'NONE', *, *, #2761, .F. ) ;
#5758 = ORIENTED_EDGE ( 'NONE', *, *, #2542, .F. ) ;
#5759 = LINE ( 'NONE', #7992, #689 ) ;
#5760 = CARTESIAN_POINT ( 'NONE',  ( 6.625172409255871919, 23.69552580781869722, -17.78160819805079740 ) ) ;
#5761 = CARTESIAN_POINT ( 'NONE',  ( 32.23769878588655047, 51.70476608451833300, 7.065501152582020161 ) ) ;
#5762 = EDGE_LOOP ( 'NONE', ( #5997, #6851, #2312, #6999 ) ) ;
#5763 = CARTESIAN_POINT ( 'NONE',  ( 20.60000000000000142, 4.000000000000000000, -18.90294372515227650 ) ) ;
#5764 = CARTESIAN_POINT ( 'NONE',  ( -6.999999999999999112, 16.00000000000000000, -6.600000000000001421 ) ) ;
#5765 = DIRECTION ( 'NONE',  ( 0.000000000000000000, 0.000000000000000000, 1.000000000000000000 ) ) ;
#5766 = ORIENTED_EDGE ( 'NONE', *, *, #364, .T. ) ;
#5767 = CARTESIAN_POINT ( 'NONE',  ( 30.00000000000000000, 59.64999999999999858, 8.000000000000000000 ) ) ;
#5768 = ORIENTED_EDGE ( 'NONE', *, *, #1487, .T. ) ;
#5769 = ADVANCED_FACE ( 'NONE', ( #6236 ), #5449, .F. ) ;
#5770 = AXIS2_PLACEMENT_3D ( 'NONE', #7676, #9221, #4671 ) ;
#5771 = ORIENTED_EDGE ( 'NONE', *, *, #7428, .T. ) ;
#5772 = CARTESIAN_POINT ( 'NONE',  ( 4.705025253169601740, 39.99999999999999289, -4.999999999999996447 ) ) ;
#5773 = LINE ( 'NONE', #8813, #7431 ) ;
#5774 = DIRECTION ( 'NONE',  ( 0.000000000000000000, 0.000000000000000000, 1.000000000000000000 ) ) ;
#5775 = DIRECTION ( 'NONE',  ( 0.000000000000000000, 0.000000000000000000, 1.000000000000000000 ) ) ;
#5776 = CARTESIAN_POINT ( 'NONE',  ( 10.61213203435614361, 60.00000000000000000, -4.705025253169414334 ) ) ;
#5777 = CARTESIAN_POINT ( 'NONE',  ( 22.69999999999994955, 25.21243556529823948, -19.71005050633883826 ) ) ;
#5778 = CARTESIAN_POINT ( 'NONE',  ( 31.04186143503546447, 52.37717532689349298, 3.580169210149468650 ) ) ;
#5779 = CARTESIAN_POINT ( 'NONE',  ( -1.997347254046955900, 51.82251113094614681, 5.797811796184236144 ) ) ;
#5780 = EDGE_CURVE ( 'NONE', #1973, #8697, #8282, .T. ) ;
#5781 = ORIENTED_EDGE ( 'NONE', *, *, #6211, .T. ) ;
#5782 = AXIS2_PLACEMENT_3D ( 'NONE', #2465, #1063, #129 ) ;
#5783 = DIRECTION ( 'NONE',  ( 0.000000000000000000, -1.000000000000000000, 0.000000000000000000 ) ) ;
#5784 = CARTESIAN_POINT ( 'NONE',  ( 18.18729523225365696, 34.82453684076514122, -22.76098167964984853 ) ) ;
#5785 = ORIENTED_EDGE ( 'NONE', *, *, #6341, .F. ) ;
#5786 = EDGE_CURVE ( 'NONE', #9021, #3656, #4484, .T. ) ;
#5787 = EDGE_CURVE ( 'NONE', #8697, #6347, #2979, .T. ) ;
#5788 = ORIENTED_EDGE ( 'NONE', *, *, #7647, .T. ) ;
#5789 = CARTESIAN_POINT ( 'NONE',  ( 4.999999999999997335, 60.00000000000000000, -4.999999999999996447 ) ) ;
#5790 = AXIS2_PLACEMENT_3D ( 'NONE', #7024, #1633, #3168 ) ;
#5791 = CARTESIAN_POINT ( 'NONE',  ( 6.972726246787630089, 4.962454645328381098, -12.11757758554543507 ) ) ;
#5792 = FACE_OUTER_BOUND ( 'NONE', #7542, .T. ) ;
#5793 = CARTESIAN_POINT ( 'NONE',  ( 1.000000000000004663, 51.64999999999999858, 52.99999999999998579 ) ) ;
#5794 = DIRECTION ( 'NONE',  ( 0.000000000000000000, 0.000000000000000000, -1.000000000000000000 ) ) ;
#5795 = CARTESIAN_POINT ( 'NONE',  ( 29.50000000000000355, 45.65000000000000568, 56.50000000000000711 ) ) ;
#5796 = EDGE_CURVE ( 'NONE', #7103, #4689, #6199, .T. ) ;
#5797 = AXIS2_PLACEMENT_3D ( 'NONE', #2222, #3059, #4516 ) ;
#5798 = ADVANCED_FACE ( 'NONE', ( #7574 ), #3836, .T. ) ;
#5799 = ORIENTED_EDGE ( 'NONE', *, *, #6779, .F. ) ;
#5800 = B_SPLINE_CURVE_WITH_KNOTS ( 'NONE', 3,
 ( #2479, #1783, #4073, #8669, #1682, #929, #4122, #1830, #2435, #7121, #2529, #3374 ),
 .UNSPECIFIED., .F., .F.,
 ( 4, 2, 2, 2, 2, 4 ),
 ( 0.000000000000000000, 0.0004534879691135344066, 0.0009069759382270688132, 0.001360463907340603166, 0.001587207891897364975, 0.001813951876454126784 ),
 .UNSPECIFIED. ) ;
#5801 = VERTEX_POINT ( 'NONE', #3076 ) ;
#5802 = DIRECTION ( 'NONE',  ( -0.000000000000000000, -1.000000000000000000, -0.000000000000000000 ) ) ;
#5803 = CARTESIAN_POINT ( 'NONE',  ( 18.90294372515236532, 36.55940704256035190, -20.60000000000000142 ) ) ;
#5804 = CARTESIAN_POINT ( 'NONE',  ( 19.71005050633881339, 34.73174228522549356, -8.592893218813411949 ) ) ;
#5805 = ORIENTED_EDGE ( 'NONE', *, *, #3164, .F. ) ;
#5806 = EDGE_CURVE ( 'NONE', #2665, #4598, #5348, .T. ) ;
#5807 = ORIENTED_EDGE ( 'NONE', *, *, #9688, .T. ) ;
#5808 = ORIENTED_EDGE ( 'NONE', *, *, #4500, .F. ) ;
#5809 = ORIENTED_EDGE ( 'NONE', *, *, #2849, .T. ) ;
#5810 = DIRECTION ( 'NONE',  ( 5.873343889775966453E-16, 0.000000000000000000, -1.000000000000000000 ) ) ;
#5811 = DIRECTION ( 'NONE',  ( 0.7071067811865495711, -0.000000000000000000, -0.7071067811865454633 ) ) ;
#5812 = CARTESIAN_POINT ( 'NONE',  ( 28.71192114676468776, 54.28652634951345846, 2.063053320517788336 ) ) ;
#5813 = ORIENTED_EDGE ( 'NONE', *, *, #2361, .T. ) ;
#5814 = DIRECTION ( 'NONE',  ( 0.000000000000000000, 1.000000000000000000, 0.000000000000000000 ) ) ;
#5815 = CARTESIAN_POINT ( 'NONE',  ( 10.28994949366131095, 40.71227244192535011, -8.592893218813408396 ) ) ;
#5816 = CARTESIAN_POINT ( 'NONE',  ( 9.399999999999998579, 24.00000000000000000, -18.90294372515247190 ) ) ;
#5817 = EDGE_CURVE ( 'NONE', #2518, #9053, #49, .T. ) ;
#5818 = ORIENTED_EDGE ( 'NONE', *, *, #122, .T. ) ;
#5819 = CYLINDRICAL_SURFACE ( 'NONE', #7323, 1.400000000000000133 ) ;
#5820 = ORIENTED_EDGE ( 'NONE', *, *, #1148, .F. ) ;
#5821 = ORIENTED_EDGE ( 'NONE', *, *, #1393, .F. ) ;
#5822 = FACE_OUTER_BOUND ( 'NONE', #9614, .T. ) ;
#5823 = DIRECTION ( 'NONE',  ( 6.195440985631460248E-16, 0.000000000000000000, 1.000000000000000000 ) ) ;
#5824 = DIRECTION ( 'NONE',  ( 5.873343889775968425E-16, -0.000000000000000000, 1.000000000000000000 ) ) ;
#5825 = DIRECTION ( 'NONE',  ( -0.000000000000000000, -0.000000000000000000, 1.000000000000000000 ) ) ;
#5826 = CARTESIAN_POINT ( 'NONE',  ( 6.599999999999996980, 4.000000000000000000, -25.29497474683058300 ) ) ;
#5827 = VECTOR ( 'NONE', #8274, 1000.000000000000000 ) ;
#5828 = DIRECTION ( 'NONE',  ( -0.000000000000000000, -1.000000000000000000, -0.000000000000000000 ) ) ;
#5829 = EDGE_CURVE ( 'NONE', #1598, #7618, #985, .T. ) ;
#5830 = CARTESIAN_POINT ( 'NONE',  ( 31.12771953545051673, 52.30430977894049960, 3.790643947576203487 ) ) ;
#5831 = CARTESIAN_POINT ( 'NONE',  ( 18.48284271247456090, 60.00000000000000000, -22.69999999999998863 ) ) ;
#5832 = ORIENTED_EDGE ( 'NONE', *, *, #5694, .T. ) ;
#5833 = DIRECTION ( 'NONE',  ( -0.000000000000000000, 1.000000000000000000, -1.284980352575412946E-16 ) ) ;
#5834 = CARTESIAN_POINT ( 'NONE',  ( -1.206303739687335064, 52.24354773081966385, 3.979903595512081615 ) ) ;
#5835 = ORIENTED_EDGE ( 'NONE', *, *, #6942, .T. ) ;
#5836 = AXIS2_PLACEMENT_3D ( 'NONE', #1678, #4717, #3919 ) ;
#5837 = ORIENTED_EDGE ( 'NONE', *, *, #8545, .T. ) ;
#5838 = DIRECTION ( 'NONE',  ( 1.000000000000000000, 0.000000000000000000, -6.188934370712449836E-16 ) ) ;
#5839 = CARTESIAN_POINT ( 'NONE',  ( 19.50000000000016342, 10.00000000000000178, -15.00000000000000000 ) ) ;
#5840 = DIRECTION ( 'NONE',  ( 0.000000000000000000, 0.000000000000000000, 1.000000000000000000 ) ) ;
#5841 = CIRCLE ( 'NONE', #1541, 2.500000000000002220 ) ;
#5842 = CARTESIAN_POINT ( 'NONE',  ( 7.300000000000169464, 25.21243556529831409, -11.51715728752537871 ) ) ;
#5843 = ADVANCED_FACE ( 'NONE', ( #3377 ), #9323, .F. ) ;
#5844 = DIRECTION ( 'NONE',  ( -9.293161478447189878E-14, 0.000000000000000000, 1.000000000000000000 ) ) ;
#5845 = VERTEX_POINT ( 'NONE', #8722 ) ;
#5846 = EDGE_LOOP ( 'NONE', ( #115, #8329, #8760, #3853 ) ) ;
#5847 = EDGE_CURVE ( 'NONE', #2569, #1942, #6331, .T. ) ;
#5848 = EDGE_CURVE ( 'NONE', #6217, #4373, #808, .T. ) ;
#5849 = DIRECTION ( 'NONE',  ( -0.000000000000000000, -1.000000000000000000, -0.000000000000000000 ) ) ;
#5850 = ADVANCED_FACE ( 'NONE', ( #7031 ), #2436, .F. ) ;
#5851 = EDGE_CURVE ( 'NONE', #1203, #8092, #1785, .T. ) ;
#5852 = CARTESIAN_POINT ( 'NONE',  ( 0.7460971379082080857, 53.33883791355165727, 3.082994409037467243 ) ) ;
#5853 = CARTESIAN_POINT ( 'NONE',  ( 9.235621928340766118, 40.44274090477465933, -19.06732179681170436 ) ) ;
#5854 = AXIS2_PLACEMENT_3D ( 'NONE', #6936, #5253, #6097 ) ;
#5855 = VERTEX_POINT ( 'NONE', #4829 ) ;
#5856 = ORIENTED_EDGE ( 'NONE', *, *, #7821, .T. ) ;
#5857 = ORIENTED_EDGE ( 'NONE', *, *, #3521, .T. ) ;
#5858 = EDGE_LOOP ( 'NONE', ( #6823, #9117, #1821, #3894 ) ) ;
#5859 = CARTESIAN_POINT ( 'NONE',  ( 25.29497474683052616, 0.000000000000000000, -4.705025253169412558 ) ) ;
#5860 = AXIS2_PLACEMENT_3D ( 'NONE', #1262, #6562, #9651 ) ;
#5861 = CARTESIAN_POINT ( 'NONE',  ( 6.600000000000168399, 60.00000000000000000, -11.51715728752533074 ) ) ;
#5862 = ORIENTED_EDGE ( 'NONE', *, *, #6898, .F. ) ;
#5863 = CARTESIAN_POINT ( 'NONE',  ( 17.98786796564397505, 0.000000000000000000, -23.89497474683057376 ) ) ;
#5864 = CARTESIAN_POINT ( 'NONE',  ( 17.80294372515235679, 0.000000000000000000, -19.49999999999998224 ) ) ;
#5865 = CARTESIAN_POINT ( 'NONE',  ( 29.00000000000000000, 51.64999999999999858, 52.99999999999998579 ) ) ;
#5866 = CARTESIAN_POINT ( 'NONE',  ( 16.49999999999987566, 60.00000000000000000, 0.000000000000000000 ) ) ;
#5867 = DIRECTION ( 'NONE',  ( -1.000000000000000000, 0.000000000000000000, 1.341737624371510395E-15 ) ) ;
#5868 = CIRCLE ( 'NONE', #1869, 2.500000000000002220 ) ;
#5869 = ORIENTED_EDGE ( 'NONE', *, *, #836, .F. ) ;
#5870 = EDGE_LOOP ( 'NONE', ( #81, #9747, #8928, #4004 ) ) ;
#5871 = CARTESIAN_POINT ( 'NONE',  ( 12.01213203435614396, 0.000000000000000000, -23.89497474683057376 ) ) ;
#5872 = DIRECTION ( 'NONE',  ( -1.000000000000000000, 0.000000000000000000, 0.000000000000000000 ) ) ;
#5873 = FACE_BOUND ( 'NONE', #4350, .T. ) ;
#5874 = CARTESIAN_POINT ( 'NONE',  ( 17.98786796564397505, 44.79094724491367430, -23.89497474683057376 ) ) ;
#5875 = DIRECTION ( 'NONE',  ( 0.000000000000000000, 0.000000000000000000, 1.000000000000000000 ) ) ;
#5876 = AXIS2_PLACEMENT_3D ( 'NONE', #7132, #9429, #4138 ) ;
#5877 = LINE ( 'NONE', #1330, #3054 ) ;
#5878 = CARTESIAN_POINT ( 'NONE',  ( -2.782908106300970186, 51.65785187276540569, 7.526704732317349489 ) ) ;
#5879 = EDGE_CURVE ( 'NONE', #3639, #1534, #930, .T. ) ;
#5880 = ORIENTED_EDGE ( 'NONE', *, *, #2994, .F. ) ;
#5881 = DIRECTION ( 'NONE',  ( 0.000000000000000000, 0.000000000000000000, -1.000000000000000000 ) ) ;
#5882 = CARTESIAN_POINT ( 'NONE',  ( 36.00000000000001421, 45.65000000000000568, 3.000000000000003997 ) ) ;
#5883 = ORIENTED_EDGE ( 'NONE', *, *, #506, .T. ) ;
#5884 = AXIS2_PLACEMENT_3D ( 'NONE', #650, #2980, #8986 ) ;
#5885 = VECTOR ( 'NONE', #8210, 1000.000000000000000 ) ;
#5886 = ORIENTED_EDGE ( 'NONE', *, *, #6761, .F. ) ;
#5887 = DIRECTION ( 'NONE',  ( 0.000000000000000000, -0.000000000000000000, 1.000000000000000000 ) ) ;
#5888 = DIRECTION ( 'NONE',  ( -1.000000000000000000, 0.000000000000000000, 0.000000000000000000 ) ) ;
#5889 = CARTESIAN_POINT ( 'NONE',  ( 11.09705627484790114, 36.55940704256036611, -9.399999999999991473 ) ) ;
#5890 = AXIS2_PLACEMENT_3D ( 'NONE', #2422, #3915, #7066 ) ;
#5891 = VECTOR ( 'NONE', #6783, 1000.000000000000114 ) ;
#5892 = CARTESIAN_POINT ( 'NONE',  ( 7.999999999999998224, 4.000000000000000000, -59.00000000000000000 ) ) ;
#5893 =( BOUNDED_CURVE ( )  B_SPLINE_CURVE ( 3, ( #4180, #7275, #443, #9426 ),
 .UNSPECIFIED., .F., .T. ) 
 B_SPLINE_CURVE_WITH_KNOTS ( ( 4, 4 ),
 ( 4.980071782471434894, 5.080499114654125847 ),
 .UNSPECIFIED. ) 
 CURVE ( )  GEOMETRIC_REPRESENTATION_ITEM ( )  RATIONAL_B_SPLINE_CURVE ( ( 1.000000000000000000, 0.9991597058288191890, 0.9991597058288191890, 1.000000000000000000 ) ) 
 REPRESENTATION_ITEM ( '' )  );
#5894 = DIRECTION ( 'NONE',  ( 0.000000000000000000, 0.000000000000000000, 1.000000000000000000 ) ) ;
#5895 = DIRECTION ( 'NONE',  ( 0.000000000000000000, 0.000000000000000000, -1.000000000000000000 ) ) ;
#5896 = ORIENTED_EDGE ( 'NONE', *, *, #7394, .T. ) ;
#5897 = ADVANCED_FACE ( 'NONE', ( #1732 ), #7968, .F. ) ;
#5898 = CIRCLE ( 'NONE', #9239, 1.399999999999998579 ) ;
#5899 = VERTEX_POINT ( 'NONE', #9471 ) ;
#5900 = DIRECTION ( 'NONE',  ( 0.000000000000000000, -1.000000000000000000, 0.000000000000000000 ) ) ;
#5901 = VECTOR ( 'NONE', #6984, 1000.000000000000000 ) ;
#5902 = DIRECTION ( 'NONE',  ( 0.000000000000000000, 0.000000000000000000, 1.000000000000000000 ) ) ;
#5903 = CARTESIAN_POINT ( 'NONE',  ( 15.00000000000008171, 60.00000000000000711, -30.00000000000002842 ) ) ;
#5904 = ADVANCED_FACE ( 'NONE', ( #3423 ), #7174, .T. ) ;
#5905 = EDGE_LOOP ( 'NONE', ( #5059, #8573, #4984, #4915 ) ) ;
#5906 = VERTEX_POINT ( 'NONE', #5537 ) ;
#5907 = EDGE_CURVE ( 'NONE', #8092, #317, #7951, .T. ) ;
#5908 = ADVANCED_FACE ( 'NONE', ( #7124, #8673, #7771 ), #3224, .F. ) ;
#5909 = ORIENTED_EDGE ( 'NONE', *, *, #2638, .T. ) ;
#5910 = AXIS2_PLACEMENT_3D ( 'NONE', #1240, #4381, #4987 ) ;
#5911 = ORIENTED_EDGE ( 'NONE', *, *, #7099, .F. ) ;
#5912 = ADVANCED_FACE ( 'NONE', ( #4775 ), #7825, .F. ) ;
#5913 = CARTESIAN_POINT ( 'NONE',  ( 25.29497474683051905, 36.00000000000000711, -21.99999999999999645 ) ) ;
#5914 = DIRECTION ( 'NONE',  ( -1.000000000000000000, 0.000000000000000000, 0.000000000000000000 ) ) ;
#5915 = ORIENTED_EDGE ( 'NONE', *, *, #7674, .F. ) ;
#5916 = DIRECTION ( 'NONE',  ( 0.000000000000000000, 1.000000000000000000, 0.000000000000000000 ) ) ;
#5917 = FACE_OUTER_BOUND ( 'NONE', #4397, .T. ) ;
#5918 = CARTESIAN_POINT ( 'NONE',  ( 3.499999999999999556, 45.65000000000000568, 56.50000000000000000 ) ) ;
#5919 = DIRECTION ( 'NONE',  ( 0.000000000000000000, 0.000000000000000000, -1.000000000000000000 ) ) ;
#5920 = AXIS2_PLACEMENT_3D ( 'NONE', #4221, #1329, #2123 ) ;
#5921 = DIRECTION ( 'NONE',  ( -0.000000000000000000, -0.000000000000000000, 1.000000000000000000 ) ) ;
#5922 = ORIENTED_EDGE ( 'NONE', *, *, #7257, .T. ) ;
#5923 = EDGE_CURVE ( 'NONE', #4854, #7953, #7589, .T. ) ;
#5924 = ADVANCED_FACE ( 'NONE', ( #4226 ), #490, .F. ) ;
#5925 = ORIENTED_EDGE ( 'NONE', *, *, #1563, .T. ) ;
#5926 = DIRECTION ( 'NONE',  ( 0.000000000000000000, 0.000000000000000000, -1.000000000000000000 ) ) ;
#5927 = DIRECTION ( 'NONE',  ( 0.000000000000000000, 0.000000000000000000, 1.000000000000000000 ) ) ;
#5928 = CARTESIAN_POINT ( 'NONE',  ( 22.69999999999994955, 60.00000000000000000, -19.71005050633884181 ) ) ;
#5929 = CARTESIAN_POINT ( 'NONE',  ( 0.000000000000000000, 60.00000000000000000, -28.50000000000001066 ) ) ;
#5930 = DIRECTION ( 'NONE',  ( 0.000000000000000000, 0.000000000000000000, -1.000000000000000000 ) ) ;
#5931 = CARTESIAN_POINT ( 'NONE',  ( -3.000000000000005773, 45.65000000000000568, 56.50000000000000000 ) ) ;
#5932 = LINE ( 'NONE', #8970, #520 ) ;
#5933 = CARTESIAN_POINT ( 'NONE',  ( -2.696427469409796274, 51.66501946241177734, 7.337960832605990191 ) ) ;
#5934 = ORIENTED_EDGE ( 'NONE', *, *, #7075, .T. ) ;
#5935 = CARTESIAN_POINT ( 'NONE',  ( 17.84019757008428186, 49.77728894073742083, -30.97545450655128718 ) ) ;
#5936 = LINE ( 'NONE', #9774, #1572 ) ;
#5937 = VERTEX_POINT ( 'NONE', #2130 ) ;
#5938 = EDGE_CURVE ( 'NONE', #2411, #1885, #3651, .T. ) ;
#5939 = VERTEX_POINT ( 'NONE', #3576 ) ;
#5940 = DIRECTION ( 'NONE',  ( 0.000000000000000000, -1.000000000000000000, 0.000000000000000000 ) ) ;
#5941 = CARTESIAN_POINT ( 'NONE',  ( 19.99999999999999645, 32.00000000000000711, -41.49999999999999289 ) ) ;
#5942 = CARTESIAN_POINT ( 'NONE',  ( 22.00000000000000000, 47.00000000000000000, -59.00000000000000000 ) ) ;
#5943 = CARTESIAN_POINT ( 'NONE',  ( 23.07168672926237818, 24.90381842383133915, -17.86270849272699124 ) ) ;
#5944 = CIRCLE ( 'NONE', #5305, 1.400000000000000133 ) ;
#5945 = DIRECTION ( 'NONE',  ( 0.000000000000000000, 0.000000000000000000, -1.000000000000000000 ) ) ;
#5946 = EDGE_CURVE ( 'NONE', #9397, #3639, #636, .T. ) ;
#5947 = CARTESIAN_POINT ( 'NONE',  ( 7.300000000000160583, 25.21243556529829988, -11.67149079163404224 ) ) ;
#5948 = DIRECTION ( 'NONE',  ( -0.000000000000000000, -0.000000000000000000, 1.000000000000000000 ) ) ;
#5949 = VERTEX_POINT ( 'NONE', #2727 ) ;
#5950 = VECTOR ( 'NONE', #2477, 1000.000000000000000 ) ;
#5951 = ORIENTED_EDGE ( 'NONE', *, *, #6752, .F. ) ;
#5952 = CARTESIAN_POINT ( 'NONE',  ( 23.02727375321244097, 4.962454645328304714, -12.11757758554539599 ) ) ;
#5953 = EDGE_CURVE ( 'NONE', #9794, #1774, #620, .T. ) ;
#5954 = VECTOR ( 'NONE', #9002, 1000.000000000000000 ) ;
#5955 = CARTESIAN_POINT ( 'NONE',  ( 0.5396273981514159157, 53.09952262075188401, 3.407465302291619480 ) ) ;
#5956 = CARTESIAN_POINT ( 'NONE',  ( 4.999999999999928058, 40.00000000000000000, -10.90710678118630028 ) ) ;
#5957 = ORIENTED_EDGE ( 'NONE', *, *, #1404, .F. ) ;
#5958 = ORIENTED_EDGE ( 'NONE', *, *, #7048, .F. ) ;
#5959 = ORIENTED_EDGE ( 'NONE', *, *, #122, .F. ) ;
#5960 = VECTOR ( 'NONE', #5516, 1000.000000000000000 ) ;
#5961 = ORIENTED_EDGE ( 'NONE', *, *, #7671, .T. ) ;
#5962 = FACE_OUTER_BOUND ( 'NONE', #7482, .T. ) ;
#5963 = ORIENTED_EDGE ( 'NONE', *, *, #8460, .F. ) ;
#5964 = DIRECTION ( 'NONE',  ( -0.000000000000000000, -1.000000000000000000, -0.000000000000000000 ) ) ;
#5965 = LINE ( 'NONE', #2856, #9748 ) ;
#5966 = CARTESIAN_POINT ( 'NONE',  ( 11.09705627484776080, 16.00000000000000000, -20.59999999999999787 ) ) ;
#5967 = CARTESIAN_POINT ( 'NONE',  ( 31.20630373968733551, 52.24354773081967096, 3.979903595512079839 ) ) ;
#5968 = EDGE_CURVE ( 'NONE', #3798, #8660, #4332, .T. ) ;
#5969 = DIRECTION ( 'NONE',  ( -0.000000000000000000, -0.000000000000000000, 1.000000000000000000 ) ) ;
#5970 = ORIENTED_EDGE ( 'NONE', *, *, #6709, .F. ) ;
#5971 = ORIENTED_EDGE ( 'NONE', *, *, #1464, .T. ) ;
#5972 = FACE_BOUND ( 'NONE', #3214, .T. ) ;
#5973 = EDGE_CURVE ( 'NONE', #8255, #494, #1735, .T. ) ;
#5974 = CARTESIAN_POINT ( 'NONE',  ( 4.999999999999997335, 60.00000000000000000, -19.49999999999998934 ) ) ;
#5975 = CARTESIAN_POINT ( 'NONE',  ( 4.999999999999998224, 63.00000000000000000, -24.99999999999999645 ) ) ;
#5976 = CARTESIAN_POINT ( 'NONE',  ( -0.4999999999999970024, 45.65000000000000568, 52.99999999999998579 ) ) ;
#5977 = FACE_OUTER_BOUND ( 'NONE', #9035, .T. ) ;
#5978 = CARTESIAN_POINT ( 'NONE',  ( 17.78159533343947984, 16.30424443789776845, -23.37492057871645557 ) ) ;
#5979 =( BOUNDED_CURVE ( )  B_SPLINE_CURVE ( 3, ( #2735, #2830, #5889, #7570 ),
 .UNSPECIFIED., .F., .T. ) 
 B_SPLINE_CURVE_WITH_KNOTS ( ( 4, 4 ),
 ( 5.149689057987609786, 6.283185307179586232 ),
 .UNSPECIFIED. ) 
 CURVE ( )  GEOMETRIC_REPRESENTATION_ITEM ( )  RATIONAL_B_SPLINE_CURVE ( ( 1.000000000000000000, 0.8957675578916456383, 0.8957675578916456383, 1.000000000000000000 ) ) 
 REPRESENTATION_ITEM ( '' )  );
#5980 = EDGE_CURVE ( 'NONE', #8369, #1203, #6630, .T. ) ;
#5981 = EDGE_CURVE ( 'NONE', #7762, #2053, #9521, .T. ) ;
#5982 = CARTESIAN_POINT ( 'NONE',  ( -0.9847795163988866118, 52.42540822924228650, 3.440355524348994720 ) ) ;
#5983 = ORIENTED_EDGE ( 'NONE', *, *, #6099, .F. ) ;
#5984 = CARTESIAN_POINT ( 'NONE',  ( -0.4999999999999970024, 45.65000000000000568, 54.49999999999998579 ) ) ;
#5985 = DIRECTION ( 'NONE',  ( 0.000000000000000000, 0.000000000000000000, -1.000000000000000000 ) ) ;
#5986 = ORIENTED_EDGE ( 'NONE', *, *, #6633, .F. ) ;
#5987 = ORIENTED_EDGE ( 'NONE', *, *, #2730, .F. ) ;
#5988 = EDGE_CURVE ( 'NONE', #6213, #9589, #5032, .T. ) ;
#5989 = DIRECTION ( 'NONE',  ( 5.873343889775965467E-16, 0.000000000000000000, -1.000000000000000000 ) ) ;
#5990 = DIRECTION ( 'NONE',  ( 1.000000000000000000, -0.000000000000000000, -0.000000000000000000 ) ) ;
#5991 = DIRECTION ( 'NONE',  ( -1.000000000000000000, -0.000000000000000000, -0.000000000000000000 ) ) ;
#5992 = CARTESIAN_POINT ( 'NONE',  ( 22.69999999999995666, 2.787564434701762739, -10.28994949366116884 ) ) ;
#5993 = VERTEX_POINT ( 'NONE', #1377 ) ;
#5994 = FACE_BOUND ( 'NONE', #6115, .T. ) ;
#5995 = DIRECTION ( 'NONE',  ( 0.000000000000000000, 1.000000000000000000, 0.000000000000000000 ) ) ;
#5996 = CIRCLE ( 'NONE', #1834, 1.399999999999998579 ) ;
#5997 = ORIENTED_EDGE ( 'NONE', *, *, #6933, .F. ) ;
#5998 = ORIENTED_EDGE ( 'NONE', *, *, #8867, .T. ) ;
#5999 = CARTESIAN_POINT ( 'NONE',  ( 20.60000000000000142, 24.55940704256032348, -18.90294372515227650 ) ) ;
#6000 = PLANE ( 'NONE',  #4455 ) ;
#6001 = VECTOR ( 'NONE', #8665, 1000.000000000000000 ) ;
#6002 = CARTESIAN_POINT ( 'NONE',  ( 6.599999999999996092, 24.15134923333333816, -17.78284271247457227 ) ) ;
#6003 = CARTESIAN_POINT ( 'NONE',  ( 10.28994949366131095, 34.73174228522549356, -8.592893218813408396 ) ) ;
#6004 = DIRECTION ( 'NONE',  ( -0.000000000000000000, -1.000000000000000000, -0.000000000000000000 ) ) ;
#6005 = ORIENTED_EDGE ( 'NONE', *, *, #2937, .T. ) ;
#6006 = CIRCLE ( 'NONE', #9499, 1.399999999999998579 ) ;
#6007 = ORIENTED_EDGE ( 'NONE', *, *, #9335, .T. ) ;
#6008 = ORIENTED_EDGE ( 'NONE', *, *, #2087, .F. ) ;
#6009 = ADVANCED_FACE ( 'NONE', ( #4374 ), #6583, .T. ) ;
#6010 = EDGE_CURVE ( 'NONE', #3297, #7792, #8924, .T. ) ;
#6011 = CARTESIAN_POINT ( 'NONE',  ( 28.99320030652417302, 53.71456658068820644, 2.636163447664316095 ) ) ;
#6012 = VERTEX_POINT ( 'NONE', #6532 ) ;
#6013 = LINE ( 'NONE', #4599, #8225 ) ;
#6014 = DIRECTION ( 'NONE',  ( -0.000000000000000000, -1.000000000000000000, -0.000000000000000000 ) ) ;
#6015 = CIRCLE ( 'NONE', #2334, 1.399999999999998579 ) ;
#6016 = CARTESIAN_POINT ( 'NONE',  ( 31.13273433325394635, 52.30006649825697451, 3.802927422133254520 ) ) ;
#6017 = DIRECTION ( 'NONE',  ( -0.000000000000000000, -0.000000000000000000, 1.000000000000000000 ) ) ;
#6018 = ORIENTED_EDGE ( 'NONE', *, *, #9334, .F. ) ;
#6019 = AXIS2_PLACEMENT_3D ( 'NONE', #6216, #1522, #3907 ) ;
#6020 = EDGE_LOOP ( 'NONE', ( #5683, #8725, #7430, #7087 ) ) ;
#6021 = CARTESIAN_POINT ( 'NONE',  ( 6.599999999999996980, 4.000000000000000000, -17.78284271247457227 ) ) ;
#6022 = CARTESIAN_POINT ( 'NONE',  ( 18.90294372515230492, 36.00000000000000711, -9.399999999999995026 ) ) ;
#6023 = DIRECTION ( 'NONE',  ( 0.000000000000000000, 0.000000000000000000, -1.000000000000000000 ) ) ;
#6024 = CARTESIAN_POINT ( 'NONE',  ( 15.00000000000000000, 63.00000000000000000, -15.00000000000000355 ) ) ;
#6025 = EDGE_CURVE ( 'NONE', #7344, #4296, #2212, .T. ) ;
#6026 = DIRECTION ( 'NONE',  ( 0.000000000000000000, 0.000000000000000000, -1.000000000000000000 ) ) ;
#6027 = DIRECTION ( 'NONE',  ( 0.000000000000000000, 0.000000000000000000, -1.000000000000000000 ) ) ;
#6028 = CIRCLE ( 'NONE', #2504, 1.400000000000000133 ) ;
#6029 = ORIENTED_EDGE ( 'NONE', *, *, #1332, .T. ) ;
#6030 = CARTESIAN_POINT ( 'NONE',  ( 0.4999999999999990563, 51.64999999999999858, 59.50000000000000711 ) ) ;
#6031 = FACE_BOUND ( 'NONE', #6441, .T. ) ;
#6032 = ORIENTED_EDGE ( 'NONE', *, *, #9372, .F. ) ;
#6033 = EDGE_CURVE ( 'NONE', #3489, #5644, #782, .T. ) ;
#6034 = ADVANCED_FACE ( 'NONE', ( #2082 ), #7616, .F. ) ;
#6035 = ORIENTED_EDGE ( 'NONE', *, *, #3767, .F. ) ;
#6036 = VECTOR ( 'NONE', #4083, 1000.000000000000000 ) ;
#6037 = DIRECTION ( 'NONE',  ( 0.000000000000000000, 0.000000000000000000, 1.000000000000000000 ) ) ;
#6038 = CARTESIAN_POINT ( 'NONE',  ( -3.122502256758252770E-14, 60.00000000000000711, -14.99999999999993960 ) ) ;
#6039 = CARTESIAN_POINT ( 'NONE',  ( 36.00000000000000711, 45.65000000000000568, 56.50000000000000711 ) ) ;
#6040 = LINE ( 'NONE', #6880, #4899 ) ;
#6041 = ORIENTED_EDGE ( 'NONE', *, *, #6652, .F. ) ;
#6042 = DIRECTION ( 'NONE',  ( 0.000000000000000000, 0.000000000000000000, -1.000000000000000000 ) ) ;
#6043 = CARTESIAN_POINT ( 'NONE',  ( 22.00000000000000000, 24.00000000000000000, -25.29497474683058300 ) ) ;
#6044 = AXIS2_PLACEMENT_3D ( 'NONE', #240, #3272, #6327 ) ;
#6045 = CARTESIAN_POINT ( 'NONE',  ( 22.69999999999995666, 60.00000000000000000, -10.28994949366116707 ) ) ;
#6046 = VECTOR ( 'NONE', #7334, 1000.000000000000000 ) ;
#6047 = VERTEX_POINT ( 'NONE', #1431 ) ;
#6048 = ORIENTED_EDGE ( 'NONE', *, *, #6099, .T. ) ;
#6049 = VECTOR ( 'NONE', #4128, 1000.000000000000000 ) ;
#6050 = CARTESIAN_POINT ( 'NONE',  ( 27.00000000000000000, 29.00000000000000000, -30.00000000000000355 ) ) ;
#6051 = LINE ( 'NONE', #4638, #9398 ) ;
#6052 = DIRECTION ( 'NONE',  ( 1.166200656118861960E-16, 0.000000000000000000, 1.000000000000000000 ) ) ;
#6053 = DIRECTION ( 'NONE',  ( 1.000000000000000000, 0.000000000000000000, 0.000000000000000000 ) ) ;
#6054 = CARTESIAN_POINT ( 'NONE',  ( 7.244715120724585233, 22.81672074469161160, -11.82296937001096282 ) ) ;
#6055 = VERTEX_POINT ( 'NONE', #2323 ) ;
#6056 = VECTOR ( 'NONE', #5969, 1000.000000000000000 ) ;
#6057 = AXIS2_PLACEMENT_3D ( 'NONE', #1627, #2923, #2968 ) ;
#6058 = ORIENTED_EDGE ( 'NONE', *, *, #5340, .T. ) ;
#6059 = ORIENTED_EDGE ( 'NONE', *, *, #6761, .T. ) ;
#6060 = DIRECTION ( 'NONE',  ( -1.000000000000000000, 0.000000000000000000, 0.000000000000000000 ) ) ;
#6061 = ORIENTED_EDGE ( 'NONE', *, *, #1748, .T. ) ;
#6062 = DIRECTION ( 'NONE',  ( 1.000000000000000000, 0.000000000000000000, 0.000000000000000000 ) ) ;
#6063 = AXIS2_PLACEMENT_3D ( 'NONE', #7597, #9155, #5215 ) ;
#6064 = DIRECTION ( 'NONE',  ( 0.000000000000000000, 0.000000000000000000, 1.000000000000000000 ) ) ;
#6065 = CARTESIAN_POINT ( 'NONE',  ( 30.78346788201939077, 52.62606437679454530, 2.929026154802489845 ) ) ;
#6066 = EDGE_CURVE ( 'NONE', #5434, #2466, #6821, .T. ) ;
#6067 = DIRECTION ( 'NONE',  ( 8.810015834663948693E-16, -0.000000000000000000, 1.000000000000000000 ) ) ;
#6068 = ORIENTED_EDGE ( 'NONE', *, *, #715, .T. ) ;
#6069 = VECTOR ( 'NONE', #1384, 1000.000000000000000 ) ;
#6070 = ORIENTED_EDGE ( 'NONE', *, *, #3095, .T. ) ;
#6071 = CARTESIAN_POINT ( 'NONE',  ( 1.500000000000001332, 45.65000000000000568, 0.000000000000000000 ) ) ;
#6072 = DIRECTION ( 'NONE',  ( 0.7071067811865474617, -0.000000000000000000, -0.7071067811865474617 ) ) ;
#6073 = LINE ( 'NONE', #9767, #8819 ) ;
#6074 = CARTESIAN_POINT ( 'NONE',  ( 18.48284271247198873, 37.21243556530021124, -22.69999999999913243 ) ) ;
#6075 = DIRECTION ( 'NONE',  ( -1.000000000000000000, 0.000000000000000000, 0.000000000000000000 ) ) ;
#6076 = CYLINDRICAL_SURFACE ( 'NONE', #2903, 1.399999999999998579 ) ;
#6077 = AXIS2_PLACEMENT_3D ( 'NONE', #383, #1931, #7410 ) ;
#6078 = ORIENTED_EDGE ( 'NONE', *, *, #5049, .F. ) ;
#6079 = DIRECTION ( 'NONE',  ( -0.000000000000000000, -1.000000000000000000, -0.000000000000000000 ) ) ;
#6080 = DIRECTION ( 'NONE',  ( 0.000000000000000000, 1.000000000000000000, 0.000000000000000000 ) ) ;
#6081 = VERTEX_POINT ( 'NONE', #6030 ) ;
#6082 = VECTOR ( 'NONE', #812, 1000.000000000000000 ) ;
#6083 = EDGE_LOOP ( 'NONE', ( #4582, #6995, #5004, #5188 ) ) ;
#6084 = CARTESIAN_POINT ( 'NONE',  ( 7.999999999999998224, 24.00000000000000000, -19.71005050633883826 ) ) ;
#6085 = DIRECTION ( 'NONE',  ( 1.000000000000000000, 0.000000000000000000, 0.000000000000000000 ) ) ;
#6086 = CARTESIAN_POINT ( 'NONE',  ( 12.21715728752552010, 16.00000000000000000, -6.600000000000000533 ) ) ;
#6087 = FACE_OUTER_BOUND ( 'NONE', #4423, .T. ) ;
#6088 = VERTEX_POINT ( 'NONE', #4566 ) ;
#6089 = DIRECTION ( 'NONE',  ( 0.000000000000000000, -1.000000000000000000, 0.000000000000000000 ) ) ;
#6090 = CIRCLE ( 'NONE', #507, 1.499999999999997780 ) ;
#6091 = DIRECTION ( 'NONE',  ( 1.000000000000000000, 0.000000000000000000, 0.000000000000000000 ) ) ;
#6092 = LINE ( 'NONE', #9133, #7937 ) ;
#6093 = B_SPLINE_CURVE_WITH_KNOTS ( 'NONE', 3,
 ( #4705, #2464, #4809, #4756, #7756, #7808, #7852, #965, #222, #4053, #6565, #4260, #7998, #9455 ),
 .UNSPECIFIED., .F., .F.,
 ( 4, 2, 2, 2, 2, 2, 4 ),
 ( 0.003652462977962346938, 0.004108291580851247335, 0.004336205882295702738, 0.004564120183740157273, 0.004792034485184611808, 0.005019948786629066344, 0.005475777389517975415 ),
 .UNSPECIFIED. ) ;
#6094 = EDGE_CURVE ( 'NONE', #7799, #706, #2373, .T. ) ;
#6095 = ORIENTED_EDGE ( 'NONE', *, *, #9261, .T. ) ;
#6096 = FACE_OUTER_BOUND ( 'NONE', #8797, .T. ) ;
#6097 = DIRECTION ( 'NONE',  ( 0.000000000000000000, 0.000000000000000000, -1.000000000000000000 ) ) ;
#6098 = CARTESIAN_POINT ( 'NONE',  ( 23.02727375321239478, 3.037545354671651321, -17.88242241445453473 ) ) ;
#6099 = EDGE_CURVE ( 'NONE', #2440, #3648, #9773, .T. ) ;
#6100 = CARTESIAN_POINT ( 'NONE',  ( -0.7109975595979988183, 52.17681753847035964, 5.144769105470937909 ) ) ;
#6101 = CARTESIAN_POINT ( 'NONE',  ( 23.39999999999999858, 4.000000000000000000, 0.000000000000000000 ) ) ;
#6102 = EDGE_LOOP ( 'NONE', ( #6705, #8414, #4615, #8895 ) ) ;
#6103 = VECTOR ( 'NONE', #1026, 1000.000000000000000 ) ;
#6104 = ORIENTED_EDGE ( 'NONE', *, *, #2430, .T. ) ;
#6105 = ORIENTED_EDGE ( 'NONE', *, *, #8343, .T. ) ;
#6106 = DIRECTION ( 'NONE',  ( 0.000000000000000000, 1.000000000000000000, -0.000000000000000000 ) ) ;
#6107 = ORIENTED_EDGE ( 'NONE', *, *, #4913, .F. ) ;
#6108 = CARTESIAN_POINT ( 'NONE',  ( 21.40710678118648502, 5.268257714774465583, -19.71005050633883826 ) ) ;
#6109 = AXIS2_PLACEMENT_3D ( 'NONE', #1677, #4117, #2524 ) ;
#6110 = LINE ( 'NONE', #763, #5451 ) ;
#6111 = EDGE_CURVE ( 'NONE', #9645, #6889, #6363, .T. ) ;
#6112 = FACE_BOUND ( 'NONE', #4533, .T. ) ;
#6113 = ORIENTED_EDGE ( 'NONE', *, *, #3053, .F. ) ;
#6114 = VECTOR ( 'NONE', #6660, 1000.000000000000000 ) ;
#6115 = EDGE_LOOP ( 'NONE', ( #2556, #7249 ) ) ;
#6116 = CARTESIAN_POINT ( 'NONE',  ( 25.29497474683052261, 60.00000000000000000, -19.38786796564398074 ) ) ;
#6117 = DIRECTION ( 'NONE',  ( -1.000000000000000000, 0.000000000000000000, 0.000000000000000000 ) ) ;
#6118 = LINE ( 'NONE', #9161, #2117 ) ;
#6119 = LINE ( 'NONE', #5333, #8875 ) ;
#6120 = LINE ( 'NONE', #6165, #2871 ) ;
#6121 = DIRECTION ( 'NONE',  ( -0.7071067811865475727, 0.000000000000000000, 0.7071067811865475727 ) ) ;
#6122 = EDGE_LOOP ( 'NONE', ( #9336, #8039, #3834, #3563, #9277, #6608 ) ) ;
#6123 = CARTESIAN_POINT ( 'NONE',  ( 11.51715728752552970, 60.00000000000000000, -7.299999999999952749 ) ) ;
#6124 = DIRECTION ( 'NONE',  ( -0.000000000000000000, -1.000000000000000000, -0.000000000000000000 ) ) ;
#6125 = VERTEX_POINT ( 'NONE', #1529 ) ;
#6126 = ORIENTED_EDGE ( 'NONE', *, *, #8773, .T. ) ;
#6127 = CARTESIAN_POINT ( 'NONE',  ( 12.01213203435614396, 60.00000000000000000, -23.89497474683057376 ) ) ;
#6128 = CARTESIAN_POINT ( 'NONE',  ( 19.50000000000015987, 0.000000000000000000, -17.80294372515233547 ) ) ;
#6129 = DIRECTION ( 'NONE',  ( -1.000000000000000000, 0.000000000000000000, 0.000000000000000000 ) ) ;
#6130 = DIRECTION ( 'NONE',  ( 0.000000000000000000, -1.284980352575412946E-16, -1.000000000000000000 ) ) ;
#6131 = ORIENTED_EDGE ( 'NONE', *, *, #2419, .F. ) ;
#6132 = FACE_OUTER_BOUND ( 'NONE', #4262, .T. ) ;
#6133 = CARTESIAN_POINT ( 'NONE',  ( 11.09705627484790291, 16.00000000000000000, -9.399999999999998579 ) ) ;
#6134 = CARTESIAN_POINT ( 'NONE',  ( -1.729017518145554710, 51.80265804617575043, 6.436655435298772154 ) ) ;
#6135 = ORIENTED_EDGE ( 'NONE', *, *, #8411, .T. ) ;
#6136 = ORIENTED_EDGE ( 'NONE', *, *, #8398, .F. ) ;
#6137 = DIRECTION ( 'NONE',  ( 1.000000000000000000, -0.000000000000000000, -0.000000000000000000 ) ) ;
#6138 = CARTESIAN_POINT ( 'NONE',  ( 20.90034085445341461, 25.03135154185264710, -19.20328457960571811 ) ) ;
#6139 = DIRECTION ( 'NONE',  ( 0.7071067811865787700, 0.000000000000000000, -0.7071067811865162644 ) ) ;
#6140 = CARTESIAN_POINT ( 'NONE',  ( 6.795213870581347848, 24.72807358013912804, -17.80364041439971956 ) ) ;
#6141 = EDGE_CURVE ( 'NONE', #588, #2712, #7637, .T. ) ;
#6142 = AXIS2_PLACEMENT_3D ( 'NONE', #9547, #465, #3501 ) ;
#6143 = CARTESIAN_POINT ( 'NONE',  ( -2.494500429054047341, 51.67379465941760230, 7.380984394781322955 ) ) ;
#6144 = CARTESIAN_POINT ( 'NONE',  ( 28.50000000000001066, 60.00000000000000000, -30.00000000000000000 ) ) ;
#6145 = ORIENTED_EDGE ( 'NONE', *, *, #6587, .F. ) ;
#6146 = ORIENTED_EDGE ( 'NONE', *, *, #9439, .F. ) ;
#6147 = ORIENTED_EDGE ( 'NONE', *, *, #6316, .T. ) ;
#6148 = CIRCLE ( 'NONE', #881, 1.500000000000001332 ) ;
#6149 = ADVANCED_FACE ( 'NONE', ( #9118 ), #1579, .F. ) ;
#6150 = EDGE_CURVE ( 'NONE', #6571, #7290, #8462, .T. ) ;
#6151 = DIRECTION ( 'NONE',  ( 1.000000000000000000, -0.000000000000000000, -0.000000000000000000 ) ) ;
#6152 = VERTEX_POINT ( 'NONE', #5435 ) ;
#6153 = DIRECTION ( 'NONE',  ( -0.000000000000000000, -0.000000000000000000, 1.000000000000000000 ) ) ;
#6154 = CARTESIAN_POINT ( 'NONE',  ( -1.120225591789936415, 52.31177259664551826, 3.771655149310617183 ) ) ;
#6155 = CARTESIAN_POINT ( 'NONE',  ( 30.71853427960287419, 52.69941688396230006, 2.758601266567493937 ) ) ;
#6156 = CIRCLE ( 'NONE', #2487, 1.500000000000001332 ) ;
#6157 = ORIENTED_EDGE ( 'NONE', *, *, #7845, .F. ) ;
#6158 = EDGE_CURVE ( 'NONE', #3497, #8645, #4137, .T. ) ;
#6159 = ORIENTED_EDGE ( 'NONE', *, *, #8265, .F. ) ;
#6160 = FACE_BOUND ( 'NONE', #7057, .T. ) ;
#6161 = AXIS2_PLACEMENT_3D ( 'NONE', #4918, #5721, #7861 ) ;
#6162 = CARTESIAN_POINT ( 'NONE',  ( 7.999999999999998224, 4.000000000000000000, -59.00000000000000000 ) ) ;
#6163 = ORIENTED_EDGE ( 'NONE', *, *, #7612, .F. ) ;
#6164 = DIRECTION ( 'NONE',  ( -1.413553177098500055E-15, 0.000000000000000000, -1.000000000000000000 ) ) ;
#6165 = CARTESIAN_POINT ( 'NONE',  ( 30.00000000000000000, 52.00000000000000711, -28.50000000000000355 ) ) ;
#6166 = CARTESIAN_POINT ( 'NONE',  ( 17.78284271247456161, 16.15294210061714608, -23.39999999999999147 ) ) ;
#6167 = VERTEX_POINT ( 'NONE', #7666 ) ;
#6168 = DIRECTION ( 'NONE',  ( -0.000000000000000000, -1.000000000000000000, -0.000000000000000000 ) ) ;
#6169 = CARTESIAN_POINT ( 'NONE',  ( 19.50000000000015987, 60.00000000000000000, -17.80294372515233547 ) ) ;
#6170 = CIRCLE ( 'NONE', #7602, 1.400000000000000133 ) ;
#6171 = EDGE_LOOP ( 'NONE', ( #7138, #9298, #525, #4364 ) ) ;
#6172 = EDGE_LOOP ( 'NONE', ( #2303, #8389, #7046, #8657, #9120, #2616, #3795, #9033, #1925, #1898 ) ) ;
#6173 = LINE ( 'NONE', #1727, #4867 ) ;
#6174 = DIRECTION ( 'NONE',  ( 1.000000000000000000, 0.000000000000000000, 0.000000000000000000 ) ) ;
#6175 = VECTOR ( 'NONE', #1558, 1000.000000000000000 ) ;
#6176 = CARTESIAN_POINT ( 'NONE',  ( 19.11467324811791713, 45.80323229897065573, -20.81172952296554968 ) ) ;
#6177 = DIRECTION ( 'NONE',  ( 1.000000000000000000, 0.000000000000000000, 0.000000000000000000 ) ) ;
#6178 = EDGE_LOOP ( 'NONE', ( #3997, #4335, #3640, #2360, #1348 ) ) ;
#6179 = DIRECTION ( 'NONE',  ( 0.000000000000000000, 0.000000000000000000, -1.000000000000000000 ) ) ;
#6180 = LINE ( 'NONE', #5299, #2846 ) ;
#6181 = CARTESIAN_POINT ( 'NONE',  ( 0.9790024274722781694, 53.66824134223378451, 2.687122199449048399 ) ) ;
#6182 = EDGE_CURVE ( 'NONE', #5899, #5173, #2386, .T. ) ;
#6183 = EDGE_CURVE ( 'NONE', #3939, #4373, #4521, .T. ) ;
#6184 = EDGE_LOOP ( 'NONE', ( #8200, #2938, #4788, #3405 ) ) ;
#6185 = ORIENTED_EDGE ( 'NONE', *, *, #1499, .F. ) ;
#6186 = CARTESIAN_POINT ( 'NONE',  ( 1.500000000000001332, 60.00000000000000000, -30.00000000000000000 ) ) ;
#6187 = DIRECTION ( 'NONE',  ( 0.000000000000000000, 0.000000000000000000, 1.000000000000000000 ) ) ;
#6188 = CARTESIAN_POINT ( 'NONE',  ( 12.01213203435614396, 41.26954340298249946, -23.89497474683057376 ) ) ;
#6189 = ADVANCED_BREP_SHAPE_REPRESENTATION ( 'endJ3bearinghousing', ( #8742, #2093 ), #5133 ) ;
#6190 = AXIS2_PLACEMENT_3D ( 'NONE', #6144, #6795, #754 ) ;
#6191 = AXIS2_PLACEMENT_3D ( 'NONE', #502, #449, #5894 ) ;
#6192 = CARTESIAN_POINT ( 'NONE',  ( -1.992663883990312801, 51.74538379309640135, 6.763358854732785197 ) ) ;
#6193 = CYLINDRICAL_SURFACE ( 'NONE', #6215, 0.7000000000000009548 ) ;
#6194 = ORIENTED_EDGE ( 'NONE', *, *, #359, .F. ) ;
#6195 = EDGE_CURVE ( 'NONE', #4344, #832, #9065, .T. ) ;
#6196 = ORIENTED_EDGE ( 'NONE', *, *, #8107, .T. ) ;
#6197 = VECTOR ( 'NONE', #5099, 1000.000000000000000 ) ;
#6198 = ORIENTED_EDGE ( 'NONE', *, *, #543, .F. ) ;
#6199 = CIRCLE ( 'NONE', #5255, 1.399999999999998579 ) ;
#6200 = CARTESIAN_POINT ( 'NONE',  ( 12.21845279368434056, 16.30261047137149433, -6.624561353076163783 ) ) ;
#6201 = ORIENTED_EDGE ( 'NONE', *, *, #3637, .F. ) ;
#6202 = LINE ( 'NONE', #1049, #1297 ) ;
#6203 = VECTOR ( 'NONE', #4863, 1000.000000000000000 ) ;
#6204 = CARTESIAN_POINT ( 'NONE',  ( -0.7088619664816215860, 52.71307794533257152, 2.731315996296479032 ) ) ;
#6205 = AXIS2_PLACEMENT_3D ( 'NONE', #4530, #833, #6179 ) ;
#6206 = CARTESIAN_POINT ( 'NONE',  ( 31.60496100540373376, 51.83502108404685771, 6.282110009347142032 ) ) ;
#6207 =( BOUNDED_CURVE ( )  B_SPLINE_CURVE ( 3, ( #3972, #6229, #4768, #7766 ),
 .UNSPECIFIED., .F., .T. ) 
 B_SPLINE_CURVE_WITH_KNOTS ( ( 4, 4 ),
 ( 0.000000000000000000, 1.047197551196602294 ),
 .UNSPECIFIED. ) 
 CURVE ( )  GEOMETRIC_REPRESENTATION_ITEM ( )  RATIONAL_B_SPLINE_CURVE ( ( 1.000000000000000000, 0.9106836025229583242, 0.9106836025229583242, 1.000000000000000000 ) ) 
 REPRESENTATION_ITEM ( '' )  );
#6208 = VERTEX_POINT ( 'NONE', #9017 ) ;
#6209 = ORIENTED_EDGE ( 'NONE', *, *, #750, .T. ) ;
#6210 = B_SPLINE_CURVE_WITH_KNOTS ( 'NONE', 3,
 ( #100, #7536, #1601, #6844, #6098, #2343, #3739, #9232, #6937, #10 ),
 .UNSPECIFIED., .F., .F.,
 ( 4, 2, 2, 2, 4 ),
 ( 0.000000000000000000, 0.0004563601286242490026, 0.0009127202572484980053, 0.001369080385872746899, 0.001825440514496996011 ),
 .UNSPECIFIED. ) ;
#6211 = EDGE_CURVE ( 'NONE', #7405, #7939, #3112, .T. ) ;
#6212 = AXIS2_PLACEMENT_3D ( 'NONE', #5498, #201, #3430 ) ;
#6213 = VERTEX_POINT ( 'NONE', #2277 ) ;
#6214 = CARTESIAN_POINT ( 'NONE',  ( 6.721866218463879328, 3.409043593425084673, -17.79182019532753145 ) ) ;
#6215 = AXIS2_PLACEMENT_3D ( 'NONE', #9383, #9237, #7783 ) ;
#6216 = CARTESIAN_POINT ( 'NONE',  ( 7.999999999999998224, 24.00000000000000000, -4.705025253169417887 ) ) ;
#6217 = VERTEX_POINT ( 'NONE', #7562 ) ;
#6218 = CARTESIAN_POINT ( 'NONE',  ( 18.33023053823689708, 37.20532511569582113, -22.71273157009483867 ) ) ;
#6219 = DIRECTION ( 'NONE',  ( -0.000000000000000000, -1.000000000000000000, -0.000000000000000000 ) ) ;
#6220 = CARTESIAN_POINT ( 'NONE',  ( 18.25099699566227329, 45.01896104176235980, -7.271895074423460947 ) ) ;
#6221 = ORIENTED_EDGE ( 'NONE', *, *, #1073, .T. ) ;
#6222 = ADVANCED_FACE ( 'NONE', ( #7517 ), #5337, .T. ) ;
#6223 = DIRECTION ( 'NONE',  ( -1.000000000000000000, 0.000000000000000000, 5.873343889775906302E-16 ) ) ;
#6224 = VECTOR ( 'NONE', #7622, 1000.000000000000000 ) ;
#6225 = LINE ( 'NONE', #9212, #6850 ) ;
#6226 = EDGE_LOOP ( 'NONE', ( #4759, #9402, #660, #84 ) ) ;
#6227 = VERTEX_POINT ( 'NONE', #5231 ) ;
#6228 = CARTESIAN_POINT ( 'NONE',  ( 22.84312966022587332, 50.96481562013888578, -18.04718849166073014 ) ) ;
#6229 = CARTESIAN_POINT ( 'NONE',  ( 27.00000000000000000, 29.00000000000000000, -31.90192378864668044 ) ) ;
#6230 = AXIS2_PLACEMENT_3D ( 'NONE', #725, #3014, #6075 ) ;
#6231 = DIRECTION ( 'NONE',  ( -1.000000000000000000, 0.000000000000000000, 0.000000000000000000 ) ) ;
#6232 = DIRECTION ( 'NONE',  ( 0.000000000000000000, 1.000000000000000000, -0.000000000000000000 ) ) ;
#6233 = CARTESIAN_POINT ( 'NONE',  ( 11.98972996974675453, 34.90902160477779859, -7.121106594678297874 ) ) ;
#6234 = DIRECTION ( 'NONE',  ( -9.293161478447189878E-14, 0.000000000000000000, 1.000000000000000000 ) ) ;
#6235 = ADVANCED_FACE ( 'NONE', ( #684 ), #3723, .F. ) ;
#6236 = FACE_OUTER_BOUND ( 'NONE', #7242, .T. ) ;
#6237 = LINE ( 'NONE', #6283, #7146 ) ;
#6238 = ORIENTED_EDGE ( 'NONE', *, *, #5072, .F. ) ;
#6239 = ORIENTED_EDGE ( 'NONE', *, *, #5383, .T. ) ;
#6240 = LINE ( 'NONE', #3279, #5513 ) ;
#6241 = LINE ( 'NONE', #57, #4936 ) ;
#6242 = DIRECTION ( 'NONE',  ( -1.000000000000000000, 0.000000000000000000, 0.000000000000000000 ) ) ;
#6243 = CARTESIAN_POINT ( 'NONE',  ( 4.705025253169598187, 60.00000000000000000, -25.29497474683057945 ) ) ;
#6244 = CARTESIAN_POINT ( 'NONE',  ( 30.00000000000006040, 70.00000000000000000, -14.99999999999989342 ) ) ;
#6245 = ORIENTED_EDGE ( 'NONE', *, *, #2491, .T. ) ;
#6246 = ORIENTED_EDGE ( 'NONE', *, *, #6947, .F. ) ;
#6247 = VERTEX_POINT ( 'NONE', #8360 ) ;
#6248 = CARTESIAN_POINT ( 'NONE',  ( 19.71005050633878142, 0.000000000000000000, -22.69999999999998863 ) ) ;
#6249 = ORIENTED_EDGE ( 'NONE', *, *, #1257, .F. ) ;
#6250 = LINE ( 'NONE', #2406, #2403 ) ;
#6251 = AXIS2_PLACEMENT_3D ( 'NONE', #272, #6364, #2511 ) ;
#6252 = CARTESIAN_POINT ( 'NONE',  ( -0.6824668032752193580, 52.74493219718321058, 2.660607752730535402 ) ) ;
#6253 = CARTESIAN_POINT ( 'NONE',  ( 30.19910149988741921, 52.47113662937258027, 4.465623092331682642 ) ) ;
#6254 = B_SPLINE_CURVE_WITH_KNOTS ( 'NONE', 3,
 ( #5521, #6414, #6220, #5432, #966, #8553, #1625, #7809, #7711, #180, #864, #3912, #9259, #2418 ),
 .UNSPECIFIED., .F., .F.,
 ( 4, 2, 2, 2, 2, 2, 4 ),
 ( 0.000000000000000000, 0.0004647470800589544753, 0.0009294941601179089507, 0.001161867700147384969, 0.001394241240176860878, 0.001626614780206337004, 0.001858988320235812914 ),
 .UNSPECIFIED. ) ;
#6255 = VERTEX_POINT ( 'NONE', #1017 ) ;
#6256 = VERTEX_POINT ( 'NONE', #918 ) ;
#6257 = AXIS2_PLACEMENT_3D ( 'NONE', #8853, #2711, #2013 ) ;
#6258 = ORIENTED_EDGE ( 'NONE', *, *, #6341, .T. ) ;
#6259 = CARTESIAN_POINT ( 'NONE',  ( 1.499999999999997780, 59.64999999999999858, 0.000000000000000000 ) ) ;
#6260 = FACE_OUTER_BOUND ( 'NONE', #9148, .T. ) ;
#6261 = VERTEX_POINT ( 'NONE', #9309 ) ;
#6262 = FACE_OUTER_BOUND ( 'NONE', #2115, .T. ) ;
#6263 = DIRECTION ( 'NONE',  ( 0.000000000000000000, 0.000000000000000000, 1.000000000000000000 ) ) ;
#6264 = CARTESIAN_POINT ( 'NONE',  ( 19.99999999999999645, 32.00000000000000711, -41.49999999999999289 ) ) ;
#6265 = ADVANCED_FACE ( 'NONE', ( #867 ), #969, .T. ) ;
#6266 = VERTEX_POINT ( 'NONE', #132 ) ;
#6267 = AXIS2_PLACEMENT_3D ( 'NONE', #7579, #516, #2753 ) ;
#6268 = DIRECTION ( 'NONE',  ( -1.000000000000000000, 0.000000000000000000, 0.000000000000000000 ) ) ;
#6269 = DIRECTION ( 'NONE',  ( 0.000000000000000000, 0.000000000000000000, 1.000000000000000000 ) ) ;
#6270 = VERTEX_POINT ( 'NONE', #8558 ) ;
#6271 = EDGE_LOOP ( 'NONE', ( #1367, #3787, #3749, #6385, #3510, #1357, #5934, #2162, #623, #3602 ) ) ;
#6272 = DIRECTION ( 'NONE',  ( -1.000000000000000000, 0.000000000000000000, 0.000000000000000000 ) ) ;
#6273 = EDGE_CURVE ( 'NONE', #8807, #2097, #3660, .T. ) ;
#6274 = CARTESIAN_POINT ( 'NONE',  ( 22.69999999999993889, 50.68817955499559957, -18.41222887527974095 ) ) ;
#6275 = LINE ( 'NONE', #4572, #7417 ) ;
#6276 = EDGE_CURVE ( 'NONE', #4674, #8596, #9240, .T. ) ;
#6277 = CARTESIAN_POINT ( 'NONE',  ( 7.300000000000165024, 40.13269016701056557, -11.60989489082280457 ) ) ;
#6278 = LINE ( 'NONE', #9319, #5950 ) ;
#6279 = CARTESIAN_POINT ( 'NONE',  ( 30.31672542861853969, 53.30832662083577134, 1.591030049995135531 ) ) ;
#6280 = DIRECTION ( 'NONE',  ( -0.7071067811865454633, -0.000000000000000000, -0.7071067811865495711 ) ) ;
#6281 = ORIENTED_EDGE ( 'NONE', *, *, #352, .T. ) ;
#6282 = CARTESIAN_POINT ( 'NONE',  ( 15.00000000000000000, 60.00000000000000000, -15.00000000000000355 ) ) ;
#6283 = CARTESIAN_POINT ( 'NONE',  ( 23.39999999999999858, 4.000000000000000000, -59.00000000000000000 ) ) ;
#6284 = EDGE_LOOP ( 'NONE', ( #4200, #5983, #8999, #2878 ) ) ;
#6285 = EDGE_CURVE ( 'NONE', #5233, #809, #5103, .T. ) ;
#6286 = CARTESIAN_POINT ( 'NONE',  ( 10.50000000000013500, 60.00000000000000000, -12.19705627484766453 ) ) ;
#6287 = DIRECTION ( 'NONE',  ( -1.000000000000000000, 0.000000000000000000, 5.873343889775981244E-16 ) ) ;
#6288 = CARTESIAN_POINT ( 'NONE',  ( 0.000000000000000000, 16.00000000000000000, -20.59999999999999787 ) ) ;
#6289 = CARTESIAN_POINT ( 'NONE',  ( 17.78284271247461135, 15.84736041654501193, -6.600000000000000533 ) ) ;
#6290 = DIRECTION ( 'NONE',  ( 0.000000000000000000, -1.000000000000000000, 2.168404344971008375E-16 ) ) ;
#6291 = EDGE_LOOP ( 'NONE', ( #7522, #5142, #600, #8340, #7436, #6950, #6249, #2264, #9256, #3531 ) ) ;
#6292 = EDGE_LOOP ( 'NONE', ( #8016, #3549, #1843, #1067 ) ) ;
#6293 = EDGE_CURVE ( 'NONE', #6536, #8346, #1771, .T. ) ;
#6294 = EDGE_LOOP ( 'NONE', ( #98, #3773, #7835, #6567 ) ) ;
#6295 = CARTESIAN_POINT ( 'NONE',  ( 18.90294372515230137, 16.00000000000000000, -9.399999999999998579 ) ) ;
#6296 = VERTEX_POINT ( 'NONE', #7018 ) ;
#6297 = CARTESIAN_POINT ( 'NONE',  ( 6.105025253169586108, 0.000000000000000000, -12.01213203435591659 ) ) ;
#6298 = CARTESIAN_POINT ( 'NONE',  ( 19.38786796564398429, 0.000000000000000000, -4.705025253169416111 ) ) ;
#6299 = CARTESIAN_POINT ( 'NONE',  ( 17.98786796564397505, 0.000000000000000000, -23.89497474683057376 ) ) ;
#6300 = EDGE_LOOP ( 'NONE', ( #6131, #6956 ) ) ;
#6301 = AXIS2_PLACEMENT_3D ( 'NONE', #2293, #1547, #7729 ) ;
#6302 = ORIENTED_EDGE ( 'NONE', *, *, #8165, .T. ) ;
#6303 = EDGE_CURVE ( 'NONE', #2414, #5151, #6698, .T. ) ;
#6304 = EDGE_LOOP ( 'NONE', ( #8682, #3700 ) ) ;
#6305 = DIRECTION ( 'NONE',  ( -0.000000000000000000, -1.000000000000000000, -0.000000000000000000 ) ) ;
#6306 = CARTESIAN_POINT ( 'NONE',  ( 31.95832066978329067, 51.75132423567303874, 6.721004427509396528 ) ) ;
#6307 = ORIENTED_EDGE ( 'NONE', *, *, #2547, .F. ) ;
#6308 = CARTESIAN_POINT ( 'NONE',  ( 22.69999999999996732, 2.787564434701767624, -11.67170244752801800 ) ) ;
#6309 = DIRECTION ( 'NONE',  ( 0.000000000000000000, 0.000000000000000000, 1.000000000000000000 ) ) ;
#6310 = VECTOR ( 'NONE', #7316, 1000.000000000000000 ) ;
#6311 = DIRECTION ( 'NONE',  ( 1.000000000000000000, -0.000000000000000000, -0.000000000000000000 ) ) ;
#6312 = ORIENTED_EDGE ( 'NONE', *, *, #3974, .F. ) ;
#6313 = DIRECTION ( 'NONE',  ( 6.195440985631460248E-16, 0.000000000000000000, 1.000000000000000000 ) ) ;
#6314 = CARTESIAN_POINT ( 'NONE',  ( 12.21839554622695445, 15.69551851200731640, -23.37483835544002275 ) ) ;
#6315 = ORIENTED_EDGE ( 'NONE', *, *, #5072, .T. ) ;
#6316 = EDGE_CURVE ( 'NONE', #4366, #3091, #226, .T. ) ;
#6317 = CIRCLE ( 'NONE', #101, 1.399999999999998579 ) ;
#6318 = ADVANCED_FACE ( 'NONE', ( #3210 ), #5574, .T. ) ;
#6319 = ORIENTED_EDGE ( 'NONE', *, *, #8251, .T. ) ;
#6320 = DIRECTION ( 'NONE',  ( 0.000000000000000000, 1.000000000000000000, -0.000000000000000000 ) ) ;
#6321 = CARTESIAN_POINT ( 'NONE',  ( 20.60000000000000142, 4.000000000000000000, -18.90294372515227650 ) ) ;
#6322 = CARTESIAN_POINT ( 'NONE',  ( 15.00000000000000178, 70.00000000000000000, 4.975000000000000533 ) ) ;
#6323 = DIRECTION ( 'NONE',  ( 0.000000000000000000, 0.000000000000000000, -1.000000000000000000 ) ) ;
#6324 = CARTESIAN_POINT ( 'NONE',  ( 6.965067780870921155, 40.09634713951557217, -12.14169133001453282 ) ) ;
#6325 = LINE ( 'NONE', #7865, #6732 ) ;
#6326 = CARTESIAN_POINT ( 'NONE',  ( 30.60031635600867972, 52.84924693333001500, 2.436948090450274051 ) ) ;
#6327 = DIRECTION ( 'NONE',  ( 0.000000000000000000, 0.000000000000000000, 1.000000000000000000 ) ) ;
#6328 = LINE ( 'NONE', #2112, #5269 ) ;
#6329 = EDGE_CURVE ( 'NONE', #4451, #3656, #3649, .T. ) ;
#6330 = EDGE_LOOP ( 'NONE', ( #1788, #6658, #6359, #6849 ) ) ;
#6331 = LINE ( 'NONE', #9370, #9712 ) ;
#6332 = CARTESIAN_POINT ( 'NONE',  ( -0.03720708615608510350, 52.58662696160286742, 4.242901032049878118 ) ) ;
#6333 = ADVANCED_FACE ( 'NONE', ( #548 ), #7333, .T. ) ;
#6334 = EDGE_CURVE ( 'NONE', #897, #2749, #1, .T. ) ;
#6335 = ORIENTED_EDGE ( 'NONE', *, *, #6195, .T. ) ;
#6336 = DIRECTION ( 'NONE',  ( 0.000000000000000000, -1.000000000000000000, 0.000000000000000000 ) ) ;
#6337 = CARTESIAN_POINT ( 'NONE',  ( 19.38786796564398429, 60.00000000000000000, -4.705025253169416111 ) ) ;
#6338 = CARTESIAN_POINT ( 'NONE',  ( -1.999999999999998224, 51.64999999999999858, 23.49999999999998579 ) ) ;
#6339 = DIRECTION ( 'NONE',  ( -1.000000000000000000, 0.000000000000000000, 0.000000000000000000 ) ) ;
#6340 = LINE ( 'NONE', #5410, #8577 ) ;
#6341 = EDGE_CURVE ( 'NONE', #3940, #1480, #1103, .T. ) ;
#6342 = ADVANCED_FACE ( 'NONE', ( #2831 ), #500, .F. ) ;
#6343 = ORIENTED_EDGE ( 'NONE', *, *, #9250, .F. ) ;
#6344 = ORIENTED_EDGE ( 'NONE', *, *, #9813, .F. ) ;
#6345 = VECTOR ( 'NONE', #6680, 1000.000000000000000 ) ;
#6346 = PLANE ( 'NONE',  #9201 ) ;
#6347 = VERTEX_POINT ( 'NONE', #9529 ) ;
#6348 = CARTESIAN_POINT ( 'NONE',  ( 0.000000000000000000, 10.00000000000000178, -15.00000000000000000 ) ) ;
#6349 = B_SPLINE_CURVE_WITH_KNOTS ( 'NONE', 3,
 ( #1805, #4094, #1852, #903, #1707, #3948, #5467, #5511, #3243, #6351 ),
 .UNSPECIFIED., .F., .F.,
 ( 4, 2, 2, 2, 4 ),
 ( 0.001813951876454128736, 0.002267092637409978163, 0.002720233398365827157, 0.003173374159321676151, 0.003626514920277525578 ),
 .UNSPECIFIED. ) ;
#6350 = CARTESIAN_POINT ( 'NONE',  ( 11.51715728752552792, 14.78756443470181559, -7.299999999999952749 ) ) ;
#6351 = CARTESIAN_POINT ( 'NONE',  ( 12.21715728752556096, 36.00000000000000711, -23.39999999999999503 ) ) ;
#6352 = ORIENTED_EDGE ( 'NONE', *, *, #9436, .T. ) ;
#6353 = AXIS2_PLACEMENT_3D ( 'NONE', #5204, #5159, #9094 ) ;
#6354 = AXIS2_PLACEMENT_3D ( 'NONE', #6491, #6339, #7833 ) ;
#6355 = VERTEX_POINT ( 'NONE', #2883 ) ;
#6356 = ORIENTED_EDGE ( 'NONE', *, *, #341, .T. ) ;
#6357 = DIRECTION ( 'NONE',  ( -1.000000000000000000, 0.000000000000000000, 2.683475248743012901E-15 ) ) ;
#6358 = CARTESIAN_POINT ( 'NONE',  ( 32.74368023216324985, 51.65605699976757137, 7.686290893635794319 ) ) ;
#6359 = ORIENTED_EDGE ( 'NONE', *, *, #8793, .T. ) ;
#6360 = DIRECTION ( 'NONE',  ( 0.000000000000000000, 0.000000000000000000, 1.000000000000000000 ) ) ;
#6361 = VECTOR ( 'NONE', #5590, 1000.000000000000000 ) ;
#6362 = CARTESIAN_POINT ( 'NONE',  ( 22.00000000000000000, 24.00000000000000000, -19.71005050633883826 ) ) ;
#6363 = CIRCLE ( 'NONE', #2052, 19.99999999999999645 ) ;
#6364 = DIRECTION ( 'NONE',  ( -1.000000000000000000, 0.000000000000000000, 0.000000000000000000 ) ) ;
#6365 = EDGE_CURVE ( 'NONE', #6656, #1534, #6544, .T. ) ;
#6366 = VERTEX_POINT ( 'NONE', #594 ) ;
#6367 = DIRECTION ( 'NONE',  ( -1.000000000000000000, 0.000000000000000000, 0.000000000000000000 ) ) ;
#6368 = ORIENTED_EDGE ( 'NONE', *, *, #1635, .T. ) ;
#6369 = CIRCLE ( 'NONE', #4763, 2.500000000000002220 ) ;
#6370 = AXIS2_PLACEMENT_3D ( 'NONE', #9028, #8370, #9782 ) ;
#6371 = VERTEX_POINT ( 'NONE', #2737 ) ;
#6372 = LINE ( 'NONE', #4766, #5052 ) ;
#6373 = LINE ( 'NONE', #6470, #587 ) ;
#6374 = DIRECTION ( 'NONE',  ( 0.7071067811865467956, -0.000000000000000000, 0.7071067811865483499 ) ) ;
#6375 = CARTESIAN_POINT ( 'NONE',  ( 19.38786796564398429, 0.000000000000000000, -4.705025253169416111 ) ) ;
#6376 = PLANE ( 'NONE',  #2232 ) ;
#6377 = DIRECTION ( 'NONE',  ( 0.000000000000000000, 1.000000000000000000, -0.000000000000000000 ) ) ;
#6378 = CARTESIAN_POINT ( 'NONE',  ( 30.99520659028010527, 52.41798860212833233, 3.465101748905258461 ) ) ;
#6379 = B_SPLINE_CURVE_WITH_KNOTS ( 'NONE', 3,
 ( #3435, #4941, #5643, #8681, #1842, #4886, #7926, #9530, #7979, #1093, #1143, #4187 ),
 .UNSPECIFIED., .F., .F.,
 ( 4, 2, 2, 2, 2, 4 ),
 ( 0.001825440514496892794, 0.002281998478873355825, 0.002738556443249819290, 0.002966835425438054709, 0.003195114407626290128, 0.003651672372002762266 ),
 .UNSPECIFIED. ) ;
#6380 = AXIS2_PLACEMENT_3D ( 'NONE', #1784, #4826, #7868 ) ;
#6381 = CARTESIAN_POINT ( 'NONE',  ( 36.00000000000000711, 51.64999999999999858, 56.50000000000000711 ) ) ;
#6382 = FACE_OUTER_BOUND ( 'NONE', #8952, .T. ) ;
#6383 = DIRECTION ( 'NONE',  ( -0.000000000000000000, -0.000000000000000000, 1.000000000000000000 ) ) ;
#6384 = CARTESIAN_POINT ( 'NONE',  ( -1.132734333253932135, 52.30006649825696030, 3.802927422133258517 ) ) ;
#6385 = ORIENTED_EDGE ( 'NONE', *, *, #849, .F. ) ;
#6386 = CARTESIAN_POINT ( 'NONE',  ( 22.69999999999995666, 5.212435565298237705, -11.51715728752537871 ) ) ;
#6387 = CARTESIAN_POINT ( 'NONE',  ( -1.999999999999998224, 51.64999999999999858, 21.99999999999998579 ) ) ;
#6388 = ADVANCED_FACE ( 'NONE', ( #8882 ), #3432, .T. ) ;
#6389 = CIRCLE ( 'NONE', #5442, 11.50000000000000355 ) ;
#6390 = FACE_OUTER_BOUND ( 'NONE', #4503, .T. ) ;
#6391 = EDGE_CURVE ( 'NONE', #3970, #7738, #7325, .T. ) ;
#6392 = LINE ( 'NONE', #8884, #4914 ) ;
#6393 = VERTEX_POINT ( 'NONE', #5793 ) ;
#6394 = ORIENTED_EDGE ( 'NONE', *, *, #3021, .T. ) ;
#6395 = VECTOR ( 'NONE', #6459, 1000.000000000000000 ) ;
#6396 = CARTESIAN_POINT ( 'NONE',  ( 10.28994949366131095, 60.00000000000000000, -7.299999999999952749 ) ) ;
#6397 = DIRECTION ( 'NONE',  ( -0.000000000000000000, -0.000000000000000000, 1.000000000000000000 ) ) ;
#6398 = EDGE_CURVE ( 'NONE', #120, #6270, #9633, .T. ) ;
#6399 = ADVANCED_FACE ( 'NONE', ( #8984 ), #2139, .T. ) ;
#6400 = DIRECTION ( 'NONE',  ( -1.000000000000000000, 0.000000000000000000, 0.000000000000000000 ) ) ;
#6401 = CARTESIAN_POINT ( 'NONE',  ( 11.98972996974674743, 14.90902160477779148, -7.121106594678296986 ) ) ;
#6402 = CARTESIAN_POINT ( 'NONE',  ( 29.17779824646419229, 53.43839527327874350, 2.957812458035690817 ) ) ;
#6403 = VERTEX_POINT ( 'NONE', #4234 ) ;
#6404 = VERTEX_POINT ( 'NONE', #8831 ) ;
#6405 = ORIENTED_EDGE ( 'NONE', *, *, #543, .T. ) ;
#6406 = CARTESIAN_POINT ( 'NONE',  ( 0.000000000000000000, 45.65000000000000568, 0.000000000000000000 ) ) ;
#6407 = LINE ( 'NONE', #5656, #2696 ) ;
#6408 = CARTESIAN_POINT ( 'NONE',  ( 30.64081602193662235, 52.21027532043365937, 5.053806777236855119 ) ) ;
#6409 = EDGE_LOOP ( 'NONE', ( #8183, #1539, #4753, #6201 ) ) ;
#6410 = EDGE_CURVE ( 'NONE', #2518, #3142, #7223, .T. ) ;
#6411 = LINE ( 'NONE', #5567, #1369 ) ;
#6412 = CIRCLE ( 'NONE', #8795, 1.399999999999998579 ) ;
#6413 = CARTESIAN_POINT ( 'NONE',  ( 0.4999999999999990563, 45.65000000000000568, 59.50000000000000711 ) ) ;
#6414 = CARTESIAN_POINT ( 'NONE',  ( 18.36724147379977978, 45.12245477560630036, -7.299999999999950084 ) ) ;
#6415 = ORIENTED_EDGE ( 'NONE', *, *, #9200, .F. ) ;
#6416 = DIRECTION ( 'NONE',  ( -1.000000000000000000, 0.000000000000000000, 0.000000000000000000 ) ) ;
#6417 = ORIENTED_EDGE ( 'NONE', *, *, #8158, .F. ) ;
#6418 = VECTOR ( 'NONE', #8163, 1000.000000000000000 ) ;
#6419 = VERTEX_POINT ( 'NONE', #8782 ) ;
#6420 = CARTESIAN_POINT ( 'NONE',  ( 14.99999999999998757, 45.65000000000000568, 38.99999999999997868 ) ) ;
#6421 = DIRECTION ( 'NONE',  ( 0.000000000000000000, 0.000000000000000000, 1.000000000000000000 ) ) ;
#6422 = FACE_OUTER_BOUND ( 'NONE', #7970, .T. ) ;
#6423 = DIRECTION ( 'NONE',  ( 0.000000000000000000, -0.000000000000000000, 1.000000000000000000 ) ) ;
#6424 = CARTESIAN_POINT ( 'NONE',  ( 30.00000000000000000, 0.000000000000000000, 0.000000000000000000 ) ) ;
#6425 = FACE_BOUND ( 'NONE', #4803, .T. ) ;
#6426 = CARTESIAN_POINT ( 'NONE',  ( 12.21715728752552188, 35.84736041654501548, -6.599999999999994316 ) ) ;
#6427 = AXIS2_PLACEMENT_3D ( 'NONE', #4219, #9567, #8865 ) ;
#6428 = CARTESIAN_POINT ( 'NONE',  ( 30.00000000000000000, 45.65000000000000568, -1.500000000000001332 ) ) ;
#6429 = CARTESIAN_POINT ( 'NONE',  ( 10.28994949366131095, 60.00000000000000000, -7.299999999999952749 ) ) ;
#6430 = CARTESIAN_POINT ( 'NONE',  ( -1.999999999999998224, 51.64999999999999858, 0.000000000000000000 ) ) ;
#6431 = CARTESIAN_POINT ( 'NONE',  ( -0.7185342796028709733, 52.69941688396230717, 2.758601266567486388 ) ) ;
#6432 = EDGE_CURVE ( 'NONE', #9448, #1708, #7279, .T. ) ;
#6433 = AXIS2_PLACEMENT_3D ( 'NONE', #4414, #3012, #1570 ) ;
#6434 = ORIENTED_EDGE ( 'NONE', *, *, #4679, .T. ) ;
#6435 = CARTESIAN_POINT ( 'NONE',  ( 11.09705627484776080, 36.00000000000000711, -20.59999999999999787 ) ) ;
#6436 = DIRECTION ( 'NONE',  ( 0.7071067811865474617, 0.000000000000000000, -0.7071067811865474617 ) ) ;
#6437 = DIRECTION ( 'NONE',  ( 0.000000000000000000, 0.000000000000000000, -1.000000000000000000 ) ) ;
#6438 = CARTESIAN_POINT ( 'NONE',  ( 18.33074017377704124, 14.78756443470181381, -7.299999999999950973 ) ) ;
#6439 = B_SPLINE_CURVE_WITH_KNOTS ( 'NONE', 3,
 ( #9789, #8942, #8789, #4346, #5952, #7285, #9686, #8991, #8032, #2145 ),
 .UNSPECIFIED., .F., .F.,
 ( 4, 2, 2, 2, 4 ),
 ( 1.734723475976807094E-18, 0.0004563601286242237407, 0.0009127202572484457467, 0.001369080385872667753, 0.001825440514496889759 ),
 .UNSPECIFIED. ) ;
#6440 = DIRECTION ( 'NONE',  ( 0.000000000000000000, 0.000000000000000000, -1.000000000000000000 ) ) ;
#6441 = EDGE_LOOP ( 'NONE', ( #7413, #5116 ) ) ;
#6442 = ORIENTED_EDGE ( 'NONE', *, *, #3868, .F. ) ;
#6443 = ADVANCED_FACE ( 'NONE', ( #446, #6738 ), #9827, .F. ) ;
#6444 = B_SPLINE_CURVE_WITH_KNOTS ( 'NONE', 3,
 ( #9160, #2317, #5378, #4609, #4657, #7659, #3862, #7707, #6911, #860 ),
 .UNSPECIFIED., .F., .F.,
 ( 4, 2, 2, 2, 4 ),
 ( 1.734723475976806902E-18, 0.0004563601286242244997, 0.0009127202572484472646, 0.001369080385872670138, 0.001825440514496892794 ),
 .UNSPECIFIED. ) ;
#6445 = DIRECTION ( 'NONE',  ( -0.000000000000000000, -1.000000000000000000, -0.000000000000000000 ) ) ;
#6446 = CARTESIAN_POINT ( 'NONE',  ( 6.993828890694592459, 40.09922832191060138, -17.88824002916271283 ) ) ;
#6447 = DIRECTION ( 'NONE',  ( 0.000000000000000000, 0.000000000000000000, -1.000000000000000000 ) ) ;
#6448 = CARTESIAN_POINT ( 'NONE',  ( -6.999999999999999112, 10.00000000000000178, -15.00000000000000000 ) ) ;
#6449 = ORIENTED_EDGE ( 'NONE', *, *, #4124, .T. ) ;
#6450 = EDGE_LOOP ( 'NONE', ( #276, #9720, #5055, #1749 ) ) ;
#6451 = EDGE_CURVE ( 'NONE', #9355, #7712, #2, .T. ) ;
#6452 = ADVANCED_FACE ( 'NONE', ( #2387 ), #9130, .F. ) ;
#6453 = VERTEX_POINT ( 'NONE', #48 ) ;
#6454 = CARTESIAN_POINT ( 'NONE',  ( 19.38786796564398429, 60.00000000000000000, -25.29497474683057945 ) ) ;
#6455 = CARTESIAN_POINT ( 'NONE',  ( 25.29497474683052616, 60.00000000000000000, -4.705025253169412558 ) ) ;
#6456 = CARTESIAN_POINT ( 'NONE',  ( 31.50628251820133841, 51.86484855909203162, 6.158382955160735861 ) ) ;
#6457 = ORIENTED_EDGE ( 'NONE', *, *, #3285, .F. ) ;
#6458 = CARTESIAN_POINT ( 'NONE',  ( 23.07168672926241015, 3.096181576168709704, -12.13729150727293948 ) ) ;
#6459 = DIRECTION ( 'NONE',  ( -0.000000000000000000, -1.000000000000000000, -0.000000000000000000 ) ) ;
#6460 = CYLINDRICAL_SURFACE ( 'NONE', #9293, 0.7000000000000027311 ) ;
#6461 = VECTOR ( 'NONE', #6734, 1000.000000000000000 ) ;
#6462 = ORIENTED_EDGE ( 'NONE', *, *, #8777, .F. ) ;
#6463 = CARTESIAN_POINT ( 'NONE',  ( 19.20328457960579627, 14.96864845814731559, -20.90034085445342882 ) ) ;
#6464 = EDGE_LOOP ( 'NONE', ( #2508, #8241, #652, #9410 ) ) ;
#6465 = B_SPLINE_CURVE_WITH_KNOTS ( 'NONE', 3,
 ( #9496, #7948, #1715, #4754, #3453, #6458, #1061, #7058, #3356, #7807, #6308, #7895 ),
 .UNSPECIFIED., .F., .F.,
 ( 4, 2, 2, 2, 2, 4 ),
 ( 0.001825440514496889759, 0.002281998478873356693, 0.002738556443249823627, 0.002966835425438057745, 0.003195114407626291862, 0.003651672372002764001 ),
 .UNSPECIFIED. ) ;
#6466 = EDGE_CURVE ( 'NONE', #2803, #6152, #5448, .T. ) ;
#6467 = ORIENTED_EDGE ( 'NONE', *, *, #1992, .T. ) ;
#6468 = FACE_OUTER_BOUND ( 'NONE', #3428, .T. ) ;
#6469 = VECTOR ( 'NONE', #6866, 1000.000000000000000 ) ;
#6470 = CARTESIAN_POINT ( 'NONE',  ( 10.90710678118671950, 60.00000000000000000, -24.99999999999999645 ) ) ;
#6471 = DIRECTION ( 'NONE',  ( 0.000000000000000000, 0.000000000000000000, -1.000000000000000000 ) ) ;
#6472 = CARTESIAN_POINT ( 'NONE',  ( 0.000000000000000000, 30.00000000000000355, -17.49999999999999645 ) ) ;
#6473 = CARTESIAN_POINT ( 'NONE',  ( 4.705025253169601740, 60.00000000000000000, -4.705025253169409005 ) ) ;
#6474 = FACE_OUTER_BOUND ( 'NONE', #6184, .T. ) ;
#6475 = CARTESIAN_POINT ( 'NONE',  ( 32.40744652723075347, 51.70893918956743107, 6.705224358437804177 ) ) ;
#6476 = CARTESIAN_POINT ( 'NONE',  ( -1.518966680504151734, 52.04106016885130970, 4.713474913971991143 ) ) ;
#6477 = CARTESIAN_POINT ( 'NONE',  ( 12.10291917705372988, 41.30368766532452440, -7.007702844403454812 ) ) ;
#6478 = CARTESIAN_POINT ( 'NONE',  ( 19.99999999999999645, 32.00000000000000711, -41.49999999999999289 ) ) ;
#6479 = CARTESIAN_POINT ( 'NONE',  ( -1.150031768553256553E-05, 54.52044689577774506, 0.04254504593968872622 ) ) ;
#6480 = AXIS2_PLACEMENT_3D ( 'NONE', #5659, #2509, #2563 ) ;
#6481 = ORIENTED_EDGE ( 'NONE', *, *, #4952, .T. ) ;
#6482 = EDGE_LOOP ( 'NONE', ( #7021, #1403 ) ) ;
#6483 = CARTESIAN_POINT ( 'NONE',  ( 18.90294372515230137, 16.00000000000000000, -9.399999999999998579 ) ) ;
#6484 = DIRECTION ( 'NONE',  ( 1.000000000000000000, 0.000000000000000000, 0.000000000000000000 ) ) ;
#6485 = CIRCLE ( 'NONE', #1379, 1.399999999999998579 ) ;
#6486 = DIRECTION ( 'NONE',  ( 0.7071067811865482389, 0.000000000000000000, 0.7071067811865469066 ) ) ;
#6487 = CARTESIAN_POINT ( 'NONE',  ( 22.92727907481512872, 5.051000654297624237, -17.96307226133554735 ) ) ;
#6488 = EDGE_CURVE ( 'NONE', #1907, #7496, #694, .T. ) ;
#6489 = ADVANCED_FACE ( 'NONE', ( #7679 ), #4578, .F. ) ;
#6490 = ADVANCED_FACE ( 'NONE', ( #1495 ), #5347, .F. ) ;
#6491 = CARTESIAN_POINT ( 'NONE',  ( 7.300000000000174794, 60.00000000000000000, -18.48284271247463195 ) ) ;
#6492 = CARTESIAN_POINT ( 'NONE',  ( 17.81825688765837512, 44.64769019824296947, -23.66961765983081634 ) ) ;
#6493 = CIRCLE ( 'NONE', #8885, 8.000000000000000000 ) ;
#6494 = EDGE_LOOP ( 'NONE', ( #5621, #653, #5652, #3727 ) ) ;
#6495 = EDGE_LOOP ( 'NONE', ( #3679, #7416 ) ) ;
#6496 = DIRECTION ( 'NONE',  ( -1.000000000000000000, 0.000000000000000000, 0.000000000000000000 ) ) ;
#6497 = DIRECTION ( 'NONE',  ( -1.000000000000000000, 0.000000000000000000, -0.000000000000000000 ) ) ;
#6498 = ADVANCED_FACE ( 'NONE', ( #3835 ), #7626, .F. ) ;
#6499 = CARTESIAN_POINT ( 'NONE',  ( 6.721785945094919335, 23.40927632607115072, -12.20818862162031948 ) ) ;
#6500 = ORIENTED_EDGE ( 'NONE', *, *, #4933, .F. ) ;
#6501 = ORIENTED_EDGE ( 'NONE', *, *, #7648, .F. ) ;
#6502 = ORIENTED_EDGE ( 'NONE', *, *, #7802, .F. ) ;
#6503 = VECTOR ( 'NONE', #249, 1000.000000000000000 ) ;
#6504 = EDGE_LOOP ( 'NONE', ( #4151, #7210, #363, #2072 ) ) ;
#6505 = PLANE ( 'NONE',  #6142 ) ;
#6506 = FACE_BOUND ( 'NONE', #2448, .T. ) ;
#6507 = ADVANCED_FACE ( 'NONE', ( #3075 ), #3122, .F. ) ;
#6508 = CARTESIAN_POINT ( 'NONE',  ( 30.95804205134196252, 52.06186424238232036, 5.464157929256573176 ) ) ;
#6509 = ORIENTED_EDGE ( 'NONE', *, *, #8218, .T. ) ;
#6510 = CARTESIAN_POINT ( 'NONE',  ( 0.000000000000000000, 45.65000000000000568, -1.500000000000001332 ) ) ;
#6511 = DIRECTION ( 'NONE',  ( 0.000000000000000000, 0.000000000000000000, -1.000000000000000000 ) ) ;
#6512 = EDGE_CURVE ( 'NONE', #3940, #8645, #791, .T. ) ;
#6513 = VECTOR ( 'NONE', #9330, 1000.000000000000000 ) ;
#6514 = ORIENTED_EDGE ( 'NONE', *, *, #6886, .T. ) ;
#6515 = EDGE_CURVE ( 'NONE', #1622, #1531, #3687, .T. ) ;
#6516 = CARTESIAN_POINT ( 'NONE',  ( 14.99999999999987566, 60.00000000000000711, -1.499999999999967804 ) ) ;
#6517 = ORIENTED_EDGE ( 'NONE', *, *, #7800, .F. ) ;
#6518 = VECTOR ( 'NONE', #9830, 1000.000000000000000 ) ;
#6519 = ORIENTED_EDGE ( 'NONE', *, *, #3445, .F. ) ;
#6520 = CARTESIAN_POINT ( 'NONE',  ( 32.74295959407282908, 51.66103177963624660, 7.439521942770638496 ) ) ;
#6521 = AXIS2_PLACEMENT_3D ( 'NONE', #6282, #1832, #8571 ) ;
#6522 = DIRECTION ( 'NONE',  ( -1.341737624371510395E-15, 0.000000000000000000, -1.000000000000000000 ) ) ;
#6523 = CARTESIAN_POINT ( 'NONE',  ( 14.99999999999987566, 60.00000000000000711, 3.196819863353100386E-14 ) ) ;
#6524 = CARTESIAN_POINT ( 'NONE',  ( 20.19398958172445546, 46.95553923831528209, -11.50306669312331032 ) ) ;
#6525 = CARTESIAN_POINT ( 'NONE',  ( 6.721785945094935322, 4.590723673928886583, -17.79181137837958815 ) ) ;
#6526 = CARTESIAN_POINT ( 'NONE',  ( 9.399999999999995026, 24.55940704256027729, -11.09705627484753521 ) ) ;
#6527 = CARTESIAN_POINT ( 'NONE',  ( 32.26378852839133060, 51.74141644448665289, 6.389050253174956673 ) ) ;
#6528 = EDGE_CURVE ( 'NONE', #9044, #2561, #4608, .T. ) ;
#6529 = ADVANCED_FACE ( 'NONE', ( #6132 ), #648, .F. ) ;
#6530 = CARTESIAN_POINT ( 'NONE',  ( -2.756659361321892820, 51.65988124359734712, 7.469422525131228063 ) ) ;
#6531 = ORIENTED_EDGE ( 'NONE', *, *, #9502, .T. ) ;
#6532 = CARTESIAN_POINT ( 'NONE',  ( 7.300000000000169464, 0.000000000000000000, -11.51715728752537871 ) ) ;
#6533 = AXIS2_PLACEMENT_3D ( 'NONE', #4555, #6067, #7600 ) ;
#6534 = DIRECTION ( 'NONE',  ( 0.000000000000000000, 0.000000000000000000, 1.000000000000000000 ) ) ;
#6535 = AXIS2_PLACEMENT_3D ( 'NONE', #9177, #2333, #6042 ) ;
#6536 = VERTEX_POINT ( 'NONE', #3781 ) ;
#6537 = ORIENTED_EDGE ( 'NONE', *, *, #745, .T. ) ;
#6538 = DIRECTION ( 'NONE',  ( 0.000000000000000000, 0.000000000000000000, 1.000000000000000000 ) ) ;
#6539 = VECTOR ( 'NONE', #3709, 1000.000000000000000 ) ;
#6540 = CARTESIAN_POINT ( 'NONE',  ( 7.079292582952238178, 5.059748412722540500, -12.04610874166981027 ) ) ;
#6541 = VECTOR ( 'NONE', #1152, 1000.000000000000000 ) ;
#6542 = DIRECTION ( 'NONE',  ( 0.7071067811865148212, 0.000000000000000000, -0.7071067811865803243 ) ) ;
#6543 = ADVANCED_FACE ( 'NONE', ( #9080 ), #5396, .F. ) ;
#6544 = LINE ( 'NONE', #1242, #4938 ) ;
#6545 = CARTESIAN_POINT ( 'NONE',  ( 23.39999999999995595, 60.00000000000000000, -11.51715728752533252 ) ) ;
#6546 = CARTESIAN_POINT ( 'NONE',  ( 10.79671542039432452, 37.03135154185268618, -20.90034085445342882 ) ) ;
#6547 = CIRCLE ( 'NONE', #1284, 1.399999999999998579 ) ;
#6548 = ORIENTED_EDGE ( 'NONE', *, *, #7532, .T. ) ;
#6549 = VERTEX_POINT ( 'NONE', #8421 ) ;
#6550 = ADVANCED_FACE ( 'NONE', ( #5994, #2186, #6782 ), #1078, .F. ) ;
#6551 = DIRECTION ( 'NONE',  ( 0.000000000000000000, 0.000000000000000000, -1.000000000000000000 ) ) ;
#6552 = VECTOR ( 'NONE', #9570, 1000.000000000000000 ) ;
#6553 = CARTESIAN_POINT ( 'NONE',  ( 0.3325908234107659567, 52.89013525983730091, 3.718285762036975584 ) ) ;
#6554 = CARTESIAN_POINT ( 'NONE',  ( 8.592893218813628664, 22.73174228522558948, -10.28994949366115996 ) ) ;
#6555 = ORIENTED_EDGE ( 'NONE', *, *, #506, .F. ) ;
#6556 = ORIENTED_EDGE ( 'NONE', *, *, #8960, .F. ) ;
#6557 = VECTOR ( 'NONE', #7093, 1000.000000000000000 ) ;
#6558 = ORIENTED_EDGE ( 'NONE', *, *, #1568, .T. ) ;
#6559 = EDGE_LOOP ( 'NONE', ( #4910, #8646, #9399, #5036, #8724 ) ) ;
#6560 = DIRECTION ( 'NONE',  ( -0.000000000000000000, -0.000000000000000000, 1.000000000000000000 ) ) ;
#6561 = DIRECTION ( 'NONE',  ( 0.000000000000000000, 0.000000000000000000, -1.000000000000000000 ) ) ;
#6562 = DIRECTION ( 'NONE',  ( -0.000000000000000000, -1.000000000000000000, -0.000000000000000000 ) ) ;
#6563 = VERTEX_POINT ( 'NONE', #3979 ) ;
#6564 = CARTESIAN_POINT ( 'NONE',  ( 11.09705627484790291, 16.00000000000000000, -9.399999999999998579 ) ) ;
#6565 = CARTESIAN_POINT ( 'NONE',  ( 17.78933771462691737, 35.47910812185295271, -6.698267600678402545 ) ) ;
#6566 = CARTESIAN_POINT ( 'NONE',  ( 32.00000000000000000, 45.65000000000000568, 21.99999999999998579 ) ) ;
#6567 = ORIENTED_EDGE ( 'NONE', *, *, #542, .F. ) ;
#6568 = CARTESIAN_POINT ( 'NONE',  ( 22.00000000000000000, 32.00000000000000711, -41.49999999999999289 ) ) ;
#6569 = ORIENTED_EDGE ( 'NONE', *, *, #8643, .T. ) ;
#6570 = EDGE_CURVE ( 'NONE', #6152, #1460, #5800, .T. ) ;
#6571 = VERTEX_POINT ( 'NONE', #8719 ) ;
#6572 = LINE ( 'NONE', #4411, #2017 ) ;
#6573 = CARTESIAN_POINT ( 'NONE',  ( 9.399999999999998579, 4.559407042560276402, -18.90294372515247545 ) ) ;
#6574 = FACE_OUTER_BOUND ( 'NONE', #5199, .T. ) ;
#6575 = LINE ( 'NONE', #2366, #6469 ) ;
#6576 = EDGE_CURVE ( 'NONE', #1184, #4652, #5587, .T. ) ;
#6577 = DIRECTION ( 'NONE',  ( 0.000000000000000000, -1.000000000000000000, 0.000000000000000000 ) ) ;
#6578 = CARTESIAN_POINT ( 'NONE',  ( 10.50000000000013145, 40.77111547697062832, -4.999999999999992895 ) ) ;
#6579 = CARTESIAN_POINT ( 'NONE',  ( 32.63019270016516060, 51.67280301014818633, 7.193228153169964223 ) ) ;
#6580 = LINE ( 'NONE', #4174, #295 ) ;
#6581 = VERTEX_POINT ( 'NONE', #4825 ) ;
#6582 = VECTOR ( 'NONE', #2771, 1000.000000000000000 ) ;
#6583 = PLANE ( 'NONE',  #3962 ) ;
#6584 = CARTESIAN_POINT ( 'NONE',  ( -0.2311696528671771111, 53.49387341023641795, 1.298319666358064284 ) ) ;
#6585 = EDGE_CURVE ( 'NONE', #1206, #7044, #8593, .T. ) ;
#6586 = VERTEX_POINT ( 'NONE', #6428 ) ;
#6587 = EDGE_CURVE ( 'NONE', #3884, #7787, #6977, .T. ) ;
#6588 = EDGE_CURVE ( 'NONE', #1608, #2348, #7930, .T. ) ;
#6589 = ORIENTED_EDGE ( 'NONE', *, *, #1193, .F. ) ;
#6590 = CARTESIAN_POINT ( 'NONE',  ( 9.399999999999998579, 4.000000000000000000, -18.90294372515247190 ) ) ;
#6591 = AXIS2_PLACEMENT_3D ( 'NONE', #8049, #1214, #4261 ) ;
#6592 = DIRECTION ( 'NONE',  ( 5.873343889775968425E-16, -0.000000000000000000, 1.000000000000000000 ) ) ;
#6593 = CARTESIAN_POINT ( 'NONE',  ( 18.73738723967840158, 45.45574973536156449, -5.355505979135001482 ) ) ;
#6594 = DIRECTION ( 'NONE',  ( 1.000000000000000000, 0.000000000000000000, 0.000000000000000000 ) ) ;
#6595 =( BOUNDED_CURVE ( )  B_SPLINE_CURVE ( 3, ( #6590, #5190, #3631, #6687 ),
 .UNSPECIFIED., .F., .T. ) 
 B_SPLINE_CURVE_WITH_KNOTS ( ( 4, 4 ),
 ( 0.000000000000000000, 1.133496249191795036 ),
 .UNSPECIFIED. ) 
 CURVE ( )  GEOMETRIC_REPRESENTATION_ITEM ( )  RATIONAL_B_SPLINE_CURVE ( ( 1.000000000000000000, 0.8957675578916780568, 0.8957675578916780568, 1.000000000000000000 ) ) 
 REPRESENTATION_ITEM ( '' )  );
#6596 = CARTESIAN_POINT ( 'NONE',  ( 22.69999999999994955, 2.787564434701758298, -19.71005050633883826 ) ) ;
#6597 = DIRECTION ( 'NONE',  ( -0.000000000000000000, -0.000000000000000000, 1.000000000000000000 ) ) ;
#6598 = EDGE_CURVE ( 'NONE', #1622, #8228, #7172, .T. ) ;
#6599 = VECTOR ( 'NONE', #6560, 1000.000000000000000 ) ;
#6600 = ORIENTED_EDGE ( 'NONE', *, *, #5168, .T. ) ;
#6601 = ORIENTED_EDGE ( 'NONE', *, *, #8854, .T. ) ;
#6602 = CARTESIAN_POINT ( 'NONE',  ( 22.00000000000000000, 24.00000000000000000, -59.00000000000000000 ) ) ;
#6603 = LINE ( 'NONE', #7433, #4596 ) ;
#6604 = LINE ( 'NONE', #361, #9534 ) ;
#6605 = ORIENTED_EDGE ( 'NONE', *, *, #1642, .T. ) ;
#6606 = ORIENTED_EDGE ( 'NONE', *, *, #3345, .F. ) ;
#6607 = ORIENTED_EDGE ( 'NONE', *, *, #5351, .T. ) ;
#6608 = ORIENTED_EDGE ( 'NONE', *, *, #8230, .F. ) ;
#6609 = LINE ( 'NONE', #5304, #3874 ) ;
#6610 = CARTESIAN_POINT ( 'NONE',  ( 30.00000000000000000, 60.00000000000000000, -1.500000000000001332 ) ) ;
#6611 = FACE_OUTER_BOUND ( 'NONE', #2041, .T. ) ;
#6612 = ORIENTED_EDGE ( 'NONE', *, *, #9261, .F. ) ;
#6613 = LINE ( 'NONE', #23, #887 ) ;
#6614 = DIRECTION ( 'NONE',  ( 1.000000000000000000, -0.000000000000000000, -0.000000000000000000 ) ) ;
#6615 = CARTESIAN_POINT ( 'NONE',  ( 8.592893218813633993, 22.73174228522560014, -19.71005050633883826 ) ) ;
#6616 =( BOUNDED_CURVE ( )  B_SPLINE_CURVE ( 3, ( #213, #634, #8971, #681 ),
 .UNSPECIFIED., .F., .T. ) 
 B_SPLINE_CURVE_WITH_KNOTS ( ( 4, 4 ),
 ( 0.000000000000000000, 0.3339690955156503493 ),
 .UNSPECIFIED. ) 
 CURVE ( )  GEOMETRIC_REPRESENTATION_ITEM ( )  RATIONAL_B_SPLINE_CURVE ( ( 1.000000000000000000, 0.9907269643306946261, 0.9907269643306946261, 1.000000000000000000 ) ) 
 REPRESENTATION_ITEM ( '' )  );
#6617 = DIRECTION ( 'NONE',  ( 0.000000000000000000, 0.000000000000000000, 1.000000000000000000 ) ) ;
#6618 = EDGE_LOOP ( 'NONE', ( #5573, #1559, #1247, #5053 ) ) ;
#6619 = ORIENTED_EDGE ( 'NONE', *, *, #2908, .F. ) ;
#6620 = DIRECTION ( 'NONE',  ( -1.000000000000000000, 0.000000000000000000, -0.000000000000000000 ) ) ;
#6621 = DIRECTION ( 'NONE',  ( 1.000000000000000000, 0.000000000000000000, 0.000000000000000000 ) ) ;
#6622 = DIRECTION ( 'NONE',  ( 0.000000000000000000, 0.000000000000000000, 1.000000000000000000 ) ) ;
#6623 = CARTESIAN_POINT ( 'NONE',  ( 25.29497474683052261, 60.00000000000000000, -25.29497474683058300 ) ) ;
#6624 = CARTESIAN_POINT ( 'NONE',  ( 7.120955747701115612, 5.090840255824202742, -18.01019087114886474 ) ) ;
#6625 = CIRCLE ( 'NONE', #2473, 1.500000000000001332 ) ;
#6626 = CARTESIAN_POINT ( 'NONE',  ( 21.40710678118648502, 60.00000000000000000, -19.71005050633883826 ) ) ;
#6627 = CARTESIAN_POINT ( 'NONE',  ( -1.573473205155907939, 52.01072228330652791, 4.839102463085927397 ) ) ;
#6628 = ORIENTED_EDGE ( 'NONE', *, *, #5879, .F. ) ;
#6629 = B_SPLINE_CURVE_WITH_KNOTS ( 'NONE', 3,
 ( #1905, #408, #3442, #6499, #9540, #2699, #8792, #3794, #3041, #6054, #9145, #2147 ),
 .UNSPECIFIED., .F., .F.,
 ( 4, 2, 2, 2, 2, 4 ),
 ( 0.001825440514497054341, 0.002281998478873561824, 0.002738556443250069524, 0.002966835425438323591, 0.003195114407626577224, 0.003651672372003084491 ),
 .UNSPECIFIED. ) ;
#6630 = LINE ( 'NONE', #4421, #2686 ) ;
#6631 = DIRECTION ( 'NONE',  ( 1.000000000000000000, -0.000000000000000000, 6.188934370712447864E-16 ) ) ;
#6632 = ORIENTED_EDGE ( 'NONE', *, *, #1940, .T. ) ;
#6633 = EDGE_CURVE ( 'NONE', #4931, #131, #3476, .T. ) ;
#6634 = VECTOR ( 'NONE', #6323, 1000.000000000000000 ) ;
#6635 = VERTEX_POINT ( 'NONE', #6381 ) ;
#6636 = DIRECTION ( 'NONE',  ( -0.000000000000000000, -0.000000000000000000, 1.000000000000000000 ) ) ;
#6637 = CARTESIAN_POINT ( 'NONE',  ( 10.28994949366131095, 60.00000000000000000, -8.592893218813408396 ) ) ;
#6638 = ADVANCED_FACE ( 'NONE', ( #343 ), #9419, .T. ) ;
#6639 = CARTESIAN_POINT ( 'NONE',  ( 12.01213203435610666, 0.000000000000000000, -6.105025253169378274 ) ) ;
#6640 = CARTESIAN_POINT ( 'NONE',  ( 18.17866153819489483, 17.18406426729977809, -7.245809037724935564 ) ) ;
#6641 = AXIS2_PLACEMENT_3D ( 'NONE', #9000, #1264, #4312 ) ;
#6642 = EDGE_CURVE ( 'NONE', #8123, #1554, #3174, .T. ) ;
#6643 = ADVANCED_FACE ( 'NONE', ( #5677 ), #7722, .F. ) ;
#6644 = CARTESIAN_POINT ( 'NONE',  ( 6.599999999999996980, 24.00000000000000000, -12.21715728752533359 ) ) ;
#6645 = CARTESIAN_POINT ( 'NONE',  ( 18.36712221291972469, 45.12234592290391078, -22.69999999999999574 ) ) ;
#6646 = ADVANCED_FACE ( 'NONE', ( #3175 ), #9273, .F. ) ;
#6647 = VERTEX_POINT ( 'NONE', #4722 ) ;
#6648 = ORIENTED_EDGE ( 'NONE', *, *, #1404, .T. ) ;
#6649 = VECTOR ( 'NONE', #2814, 1000.000000000000000 ) ;
#6650 = CARTESIAN_POINT ( 'NONE',  ( 23.39999999999999858, 24.00000000000000000, -30.00000000000000000 ) ) ;
#6651 = ADVANCED_FACE ( 'NONE', ( #193 ), #3222, .T. ) ;
#6652 = EDGE_CURVE ( 'NONE', #1007, #1632, #9368, .T. ) ;
#6653 = CARTESIAN_POINT ( 'NONE',  ( 11.09705627484790114, 35.44059295743964100, -9.399999999999991473 ) ) ;
#6654 = DIRECTION ( 'NONE',  ( -0.000000000000000000, 1.000000000000000000, -0.000000000000000000 ) ) ;
#6655 = AXIS2_PLACEMENT_3D ( 'NONE', #8147, #5914, #8954 ) ;
#6656 = VERTEX_POINT ( 'NONE', #458 ) ;
#6657 = ORIENTED_EDGE ( 'NONE', *, *, #9151, .F. ) ;
#6658 = ORIENTED_EDGE ( 'NONE', *, *, #1631, .T. ) ;
#6659 = ORIENTED_EDGE ( 'NONE', *, *, #7380, .T. ) ;
#6660 = DIRECTION ( 'NONE',  ( 0.000000000000000000, 1.000000000000000000, -0.000000000000000000 ) ) ;
#6661 = VECTOR ( 'NONE', #5802, 1000.000000000000000 ) ;
#6662 = CARTESIAN_POINT ( 'NONE',  ( 29.11084366321804140, 53.53129952437748074, 2.844955831619068398 ) ) ;
#6663 = ORIENTED_EDGE ( 'NONE', *, *, #1400, .T. ) ;
#6664 = DIRECTION ( 'NONE',  ( 0.000000000000000000, 0.000000000000000000, 1.000000000000000000 ) ) ;
#6665 = CARTESIAN_POINT ( 'NONE',  ( 27.00000000000000000, 32.00000000000000000, -56.49999999999999289 ) ) ;
#6666 = FACE_OUTER_BOUND ( 'NONE', #1231, .T. ) ;
#6667 = CARTESIAN_POINT ( 'NONE',  ( 12.01213203435610666, 41.26954340298248525, -6.105025253169378274 ) ) ;
#6668 = CARTESIAN_POINT ( 'NONE',  ( 22.00000000000000000, 4.000000000000000000, -4.705025253169417887 ) ) ;
#6669 = CIRCLE ( 'NONE', #7139, 2.000000000000001776 ) ;
#6670 = ORIENTED_EDGE ( 'NONE', *, *, #3579, .F. ) ;
#6671 = ORIENTED_EDGE ( 'NONE', *, *, #4130, .F. ) ;
#6672 = CYLINDRICAL_SURFACE ( 'NONE', #1545, 0.6999999999999957367 ) ;
#6673 = EDGE_CURVE ( 'NONE', #9135, #827, #9561, .T. ) ;
#6674 = DIRECTION ( 'NONE',  ( 0.000000000000000000, -1.000000000000000000, -0.000000000000000000 ) ) ;
#6675 = CARTESIAN_POINT ( 'NONE',  ( 6.105025253169585220, 60.00000000000000000, -12.01213203435591836 ) ) ;
#6676 = CARTESIAN_POINT ( 'NONE',  ( 22.00000000000000000, 4.000000000000000000, -30.00000000000000000 ) ) ;
#6677 = CARTESIAN_POINT ( 'NONE',  ( 7.072720925184959206, 5.051000654297702397, -17.96307226133550472 ) ) ;
#6678 = AXIS2_PLACEMENT_3D ( 'NONE', #239, #7866, #3172 ) ;
#6679 = CARTESIAN_POINT ( 'NONE',  ( 18.90294372515230847, 36.55940704256036611, -9.399999999999991473 ) ) ;
#6680 = DIRECTION ( 'NONE',  ( -0.000000000000000000, -1.000000000000000000, -0.000000000000000000 ) ) ;
#6681 = ORIENTED_EDGE ( 'NONE', *, *, #4266, .F. ) ;
#6682 = CARTESIAN_POINT ( 'NONE',  ( 30.50000000000000355, 51.64999999999999858, 54.49999999999998579 ) ) ;
#6683 = CARTESIAN_POINT ( 'NONE',  ( 11.51715728752552792, 37.21243556529819330, -7.299999999999952749 ) ) ;
#6684 = VERTEX_POINT ( 'NONE', #6554 ) ;
#6685 = AXIS2_PLACEMENT_3D ( 'NONE', #3385, #9479, #5844 ) ;
#6686 = ORIENTED_EDGE ( 'NONE', *, *, #8890, .F. ) ;
#6687 = CARTESIAN_POINT ( 'NONE',  ( 8.592893218813633993, 2.731742285225609468, -19.71005050633883826 ) ) ;
#6688 = CARTESIAN_POINT ( 'NONE',  ( 28.50000000000001066, 26.00000000000000355, -30.00000000000000000 ) ) ;
#6689 = LINE ( 'NONE', #2695, #9121 ) ;
#6690 = CARTESIAN_POINT ( 'NONE',  ( 23.27821405490507800, 24.59072367392882796, -17.79181137837960591 ) ) ;
#6691 = AXIS2_PLACEMENT_3D ( 'NONE', #8961, #2955, #2114 ) ;
#6692 = CARTESIAN_POINT ( 'NONE',  ( 17.95369315554684420, 17.05965542552527836, -7.079162025202916375 ) ) ;
#6693 = CARTESIAN_POINT ( 'NONE',  ( 28.50000000000001066, 50.50000000000001421, -30.40192378864668044 ) ) ;
#6694 = FACE_OUTER_BOUND ( 'NONE', #7347, .T. ) ;
#6695 = ORIENTED_EDGE ( 'NONE', *, *, #7723, .T. ) ;
#6696 = VECTOR ( 'NONE', #9650, 1000.000000000000000 ) ;
#6697 = ORIENTED_EDGE ( 'NONE', *, *, #3085, .F. ) ;
#6698 = CIRCLE ( 'NONE', #1740, 2.499999999999996891 ) ;
#6699 = CARTESIAN_POINT ( 'NONE',  ( 22.00000000000000000, 32.00000000000000711, -43.00000000000000000 ) ) ;
#6700 = ADVANCED_FACE ( 'NONE', ( #2049 ), #1252, .F. ) ;
#6701 = FACE_OUTER_BOUND ( 'NONE', #6764, .T. ) ;
#6702 = CARTESIAN_POINT ( 'NONE',  ( 12.20816822073857821, 35.40883104564426986, -23.27804880482914740 ) ) ;
#6703 = ORIENTED_EDGE ( 'NONE', *, *, #9132, .T. ) ;
#6704 = EDGE_CURVE ( 'NONE', #1606, #53, #7940, .T. ) ;
#6705 = ORIENTED_EDGE ( 'NONE', *, *, #173, .F. ) ;
#6706 = VERTEX_POINT ( 'NONE', #2796 ) ;
#6707 = EDGE_CURVE ( 'NONE', #9168, #9443, #4349, .T. ) ;
#6708 = VECTOR ( 'NONE', #6219, 1000.000000000000000 ) ;
#6709 = EDGE_CURVE ( 'NONE', #9129, #5663, #7391, .T. ) ;
#6710 = ORIENTED_EDGE ( 'NONE', *, *, #3553, .F. ) ;
#6711 = CARTESIAN_POINT ( 'NONE',  ( 15.00000000000008171, 60.00000000000000711, -31.50000000000002842 ) ) ;
#6712 = VERTEX_POINT ( 'NONE', #7986 ) ;
#6713 = DIRECTION ( 'NONE',  ( -0.000000000000000000, -0.000000000000000000, 1.000000000000000000 ) ) ;
#6714 = CYLINDRICAL_SURFACE ( 'NONE', #1617, 1.400000000000000133 ) ;
#6715 = CARTESIAN_POINT ( 'NONE',  ( 32.82905697528015310, 51.65365151811133160, 7.627438551329625227 ) ) ;
#6716 = AXIS2_PLACEMENT_3D ( 'NONE', #8495, #4649, #7699 ) ;
#6717 = DIRECTION ( 'NONE',  ( 1.000000000000000000, -0.000000000000000000, -0.000000000000000000 ) ) ;
#6718 = EDGE_LOOP ( 'NONE', ( #6136, #411, #4225, #9253 ) ) ;
#6719 = EDGE_CURVE ( 'NONE', #2302, #1353, #1305, .T. ) ;
#6720 = ORIENTED_EDGE ( 'NONE', *, *, #6334, .T. ) ;
#6721 = CARTESIAN_POINT ( 'NONE',  ( 21.40710678118648502, 5.268257714774465583, -19.71005050633883826 ) ) ;
#6722 = DIRECTION ( 'NONE',  ( 0.000000000000000000, 0.000000000000000000, -1.000000000000000000 ) ) ;
#6723 = CARTESIAN_POINT ( 'NONE',  ( 0.000000000000000000, 60.00000000000000000, -1.499999999999988898 ) ) ;
#6724 = CARTESIAN_POINT ( 'NONE',  ( 18.48284271247198873, 37.21243556530021124, -22.69999999999913243 ) ) ;
#6725 = CARTESIAN_POINT ( 'NONE',  ( 29.00000000000000000, 45.65000000000000568, 21.99999999999998579 ) ) ;
#6726 = CARTESIAN_POINT ( 'NONE',  ( 6.721785945094918446, 3.409276326071151608, -12.20818862162031948 ) ) ;
#6727 = LINE ( 'NONE', #1615, #7781 ) ;
#6728 = ORIENTED_EDGE ( 'NONE', *, *, #1590, .T. ) ;
#6729 = DIRECTION ( 'NONE',  ( 0.000000000000000000, 0.000000000000000000, 1.000000000000000000 ) ) ;
#6730 = CARTESIAN_POINT ( 'NONE',  ( 8.592893218813628664, 5.268257714774412293, -10.28994949366115996 ) ) ;
#6731 = EDGE_LOOP ( 'NONE', ( #6157, #6146 ) ) ;
#6732 = VECTOR ( 'NONE', #5675, 1000.000000000000000 ) ;
#6733 = ORIENTED_EDGE ( 'NONE', *, *, #4565, .F. ) ;
#6734 = DIRECTION ( 'NONE',  ( -1.000000000000000000, 0.000000000000000000, 0.000000000000000000 ) ) ;
#6735 = DIRECTION ( 'NONE',  ( 0.000000000000000000, 1.000000000000000000, 0.000000000000000000 ) ) ;
#6736 = CARTESIAN_POINT ( 'NONE',  ( 36.00000000000001421, 51.64999999999999858, 4.198322362027903746E-15 ) ) ;
#6737 = CARTESIAN_POINT ( 'NONE',  ( 22.00000000000000000, 49.00000000000000000, -56.99999999999999289 ) ) ;
#6738 = FACE_OUTER_BOUND ( 'NONE', #4846, .T. ) ;
#6739 = LINE ( 'NONE', #1991, #2046 ) ;
#6740 = CARTESIAN_POINT ( 'NONE',  ( 19.71005050633878142, 17.21243556529821461, -22.69999999999998863 ) ) ;
#6741 = EDGE_LOOP ( 'NONE', ( #848, #8021, #1986, #6405 ) ) ;
#6742 = AXIS2_PLACEMENT_3D ( 'NONE', #286, #4872, #3318 ) ;
#6743 = VERTEX_POINT ( 'NONE', #5804 ) ;
#6744 = LINE ( 'NONE', #6050, #8232 ) ;
#6745 = LINE ( 'NONE', #4998, #4419 ) ;
#6746 = AXIS2_PLACEMENT_3D ( 'NONE', #5672, #9511, #429 ) ;
#6747 = CARTESIAN_POINT ( 'NONE',  ( 1.048486190687215380, 53.78488433333171770, 2.559283214091691683 ) ) ;
#6748 = LINE ( 'NONE', #9793, #8735 ) ;
#6749 = VERTEX_POINT ( 'NONE', #5051 ) ;
#6750 = EDGE_CURVE ( 'NONE', #5020, #8092, #610, .T. ) ;
#6751 = ORIENTED_EDGE ( 'NONE', *, *, #6598, .F. ) ;
#6752 = EDGE_CURVE ( 'NONE', #5173, #5899, #160, .T. ) ;
#6753 = VERTEX_POINT ( 'NONE', #1957 ) ;
#6754 = VECTOR ( 'NONE', #9111, 1000.000000000000000 ) ;
#6755 = CARTESIAN_POINT ( 'NONE',  ( 28.67072999021111102, 54.40452976448899847, 1.959426480773864609 ) ) ;
#6756 = ORIENTED_EDGE ( 'NONE', *, *, #5168, .F. ) ;
#6757 = FACE_BOUND ( 'NONE', #1256, .T. ) ;
#6758 = LINE ( 'NONE', #3804, #1769 ) ;
#6759 = CARTESIAN_POINT ( 'NONE',  ( 10.50000000000013500, 60.00000000000000000, -12.19705627484766453 ) ) ;
#6760 = CARTESIAN_POINT ( 'NONE',  ( 30.91910338891692689, 52.48848160764340065, 3.275073845512808557 ) ) ;
#6761 = EDGE_CURVE ( 'NONE', #215, #7955, #5089, .T. ) ;
#6762 = CARTESIAN_POINT ( 'NONE',  ( 4.999999999999997335, 60.00000000000000000, -10.28994949366116352 ) ) ;
#6763 = VERTEX_POINT ( 'NONE', #509 ) ;
#6764 = EDGE_LOOP ( 'NONE', ( #4645, #9287, #3296, #5230 ) ) ;
#6765 = CYLINDRICAL_SURFACE ( 'NONE', #2751, 2.500000000000002220 ) ;
#6766 = DIRECTION ( 'NONE',  ( -0.7071067811865466846, 0.000000000000000000, -0.7071067811865484609 ) ) ;
#6767 = DIRECTION ( 'NONE',  ( -0.000000000000000000, -1.000000000000000000, -0.000000000000000000 ) ) ;
#6768 = DIRECTION ( 'NONE',  ( -1.000000000000000000, 0.000000000000000000, 0.000000000000000000 ) ) ;
#6769 = FACE_OUTER_BOUND ( 'NONE', #9087, .T. ) ;
#6770 = ORIENTED_EDGE ( 'NONE', *, *, #5953, .T. ) ;
#6771 = EDGE_CURVE ( 'NONE', #2466, #7939, #9486, .T. ) ;
#6772 = DIRECTION ( 'NONE',  ( -0.000000000000000000, -0.000000000000000000, 1.000000000000000000 ) ) ;
#6773 = CARTESIAN_POINT ( 'NONE',  ( 10.50000000000013856, 30.00000000000000355, -15.00000000000000178 ) ) ;
#6774 = ORIENTED_EDGE ( 'NONE', *, *, #5389, .T. ) ;
#6775 = B_SPLINE_CURVE_WITH_KNOTS ( 'NONE', 3,
 ( #4823, #1681, #4873, #7823, #1782, #141, #3219, #5489, #9271, #1077, #7120, #9468, #928, #7170, #5676, #7720, #6279, #1638, #8518, #3976, #2577, #3319, #6326, #5533, #7029, #8569, #9367, #1730, #287, #4771, #980, #6378, #9418, #5778, #5727, #4223, #5830, #3524, #433, #7219, #9572, #7319, #8062, #4173, #9621, #1933, #4275, #1980, #385, #3420, #486, #2772, #8013, #2025, #3470, #5029, #8870, #6527, #4975, #6475, #8717, #7964, #1228, #1177, #7266, #2724, #9516, #6579, #1880, #8818, #4924, #1129, #2673, #8768, #6520, #8820, #5136, #582 ),
 .UNSPECIFIED., .F., .F.,
 ( 4, 2, 1, 1, 2, 2, 2, 1, 1, 1, 2, 2, 2, 1, 1, 1, 2, 2, 2, 1, 1, 1, 2, 2, 2, 1, 1, 1, 2, 2, 2, 1, 1, 1, 1, 2, 2, 2, 1, 1, 1, 1, 2, 2, 2, 1, 1, 1, 1, 2, 2, 4 ),
 ( 0.000000000000000000, 0.06249999999998406830, 0.09374999999997604694, 0.1093749999999720363, 0.1171874999999700379, 0.1249999999999680256, 0.1874999999999550915, 0.2187499999999478473, 0.2343749999999441835, 0.2421874999999424904, 0.2460937499999421574, 0.2499999999999418243, 0.3124999999999401590, 0.3437499999999399924, 0.3593749999999402700, 0.3671874999999403255, 0.3710937499999402145, 0.3749999999999401035, 0.4374999999999430456, 0.4687499999999444333, 0.4843749999999449329, 0.4921874999999452105, 0.4960937499999458766, 0.4999999999999464873, 0.5624999999999562572, 0.5937499999999609201, 0.6093749999999625855, 0.6171874999999633626, 0.6210937499999638067, 0.6249999999999642508, 0.6874999999999836797, 0.7187499999999936717, 0.7343749999999982236, 0.7421875000000005551, 0.7460937500000017764, 0.7480468750000021094, 0.7500000000000025535, 0.8125000000000293099, 0.8437500000000427436, 0.8593750000000492939, 0.8671875000000526246, 0.8710937500000541789, 0.8730468750000548450, 0.8750000000000556222, 0.9062500000000544009, 0.9218750000000535127, 0.9296875000000531797, 0.9335937500000529576, 0.9355468750000532907, 0.9365234375000535127, 0.9375000000000536238, 1.000000000000000000 ),
 .UNSPECIFIED. ) ;
#6776 = ORIENTED_EDGE ( 'NONE', *, *, #1796, .T. ) ;
#6777 = CARTESIAN_POINT ( 'NONE',  ( 0.000000000000000000, 39.99999999999999289, -24.99999999999999645 ) ) ;
#6778 = CARTESIAN_POINT ( 'NONE',  ( 20.60000000000000142, 24.00000000000000000, -59.00000000000000000 ) ) ;
#6779 = EDGE_CURVE ( 'NONE', #4534, #6088, #6604, .T. ) ;
#6780 = CARTESIAN_POINT ( 'NONE',  ( -0.4999999999999970024, 45.65000000000000568, 21.99999999999998579 ) ) ;
#6781 = ORIENTED_EDGE ( 'NONE', *, *, #8124, .T. ) ;
#6782 = FACE_OUTER_BOUND ( 'NONE', #5007, .T. ) ;
#6783 = DIRECTION ( 'NONE',  ( 0.7071067811865474617, 0.000000000000000000, 0.7071067811865474617 ) ) ;
#6784 = AXIS2_PLACEMENT_3D ( 'NONE', #8429, #5542, #798 ) ;
#6785 = ORIENTED_EDGE ( 'NONE', *, *, #8107, .F. ) ;
#6786 = ADVANCED_FACE ( 'NONE', ( #8037 ), #9691, .F. ) ;
#6787 = ORIENTED_EDGE ( 'NONE', *, *, #3552, .T. ) ;
#6788 = DIRECTION ( 'NONE',  ( -1.000000000000000000, 0.000000000000000000, 0.000000000000000000 ) ) ;
#6789 = LINE ( 'NONE', #9835, #8287 ) ;
#6790 = CIRCLE ( 'NONE', #9656, 1.400000000000000133 ) ;
#6791 = ADVANCED_FACE ( 'NONE', ( #1104 ), #3395, .F. ) ;
#6792 = EDGE_CURVE ( 'NONE', #9609, #5360, #6629, .T. ) ;
#6793 = CARTESIAN_POINT ( 'NONE',  ( 7.300000000000174794, 25.21243556529831764, -18.48284271247463550 ) ) ;
#6794 = DIRECTION ( 'NONE',  ( -0.000000000000000000, -1.000000000000000000, 0.000000000000000000 ) ) ;
#6795 = DIRECTION ( 'NONE',  ( 0.7071067811865509034, 0.000000000000000000, -0.7071067811865442421 ) ) ;
#6796 = VERTEX_POINT ( 'NONE', #3847 ) ;
#6797 = AXIS2_PLACEMENT_3D ( 'NONE', #5519, #3253, #4052 ) ;
#6798 = ORIENTED_EDGE ( 'NONE', *, *, #3974, .T. ) ;
#6799 = ORIENTED_EDGE ( 'NONE', *, *, #7007, .T. ) ;
#6800 = CARTESIAN_POINT ( 'NONE',  ( 25.00000000000000000, 70.00000000000000000, -5.000000000000000000 ) ) ;
#6801 = ORIENTED_EDGE ( 'NONE', *, *, #5546, .F. ) ;
#6802 = DIRECTION ( 'NONE',  ( 8.921435019309302283E-14, 0.000000000000000000, 1.000000000000000000 ) ) ;
#6803 = EDGE_CURVE ( 'NONE', #7645, #8491, #3636, .T. ) ;
#6804 = DIRECTION ( 'NONE',  ( 0.000000000000000000, 1.000000000000000000, -0.000000000000000000 ) ) ;
#6805 = AXIS2_PLACEMENT_3D ( 'NONE', #1974, #1323, #2913 ) ;
#6806 = CARTESIAN_POINT ( 'NONE',  ( 28.59141420716580839, 54.66550947907732194, 1.739868836519350648 ) ) ;
#6807 = FACE_BOUND ( 'NONE', #6482, .T. ) ;
#6808 = VERTEX_POINT ( 'NONE', #6101 ) ;
#6809 = B_SPLINE_CURVE_WITH_KNOTS ( 'NONE', 3,
 ( #1261, #3450, #7198, #3353, #517, #9548, #368, #5760, #3403, #9493 ),
 .UNSPECIFIED., .F., .F.,
 ( 4, 2, 2, 2, 4 ),
 ( 3.576224061345498009E-18, 0.0004563601286242928586, 0.0009127202572485821393, 0.001369080385872871366, 0.001825440514497160592 ),
 .UNSPECIFIED. ) ;
#6810 = CIRCLE ( 'NONE', #5691, 1.399999999999998579 ) ;
#6811 = VERTEX_POINT ( 'NONE', #5359 ) ;
#6812 = DIRECTION ( 'NONE',  ( 0.000000000000000000, -1.000000000000000000, 0.000000000000000000 ) ) ;
#6813 = CYLINDRICAL_SURFACE ( 'NONE', #7129, 0.7000000000000027311 ) ;
#6814 = DIRECTION ( 'NONE',  ( 0.7071067811865473507, -0.000000000000000000, 0.7071067811865477948 ) ) ;
#6815 = CARTESIAN_POINT ( 'NONE',  ( 8.592893218813628664, 60.00000000000000000, -10.28994949366116352 ) ) ;
#6816 = CARTESIAN_POINT ( 'NONE',  ( 27.00000000000000000, 29.00000000000000000, -33.00000000000000000 ) ) ;
#6817 = CARTESIAN_POINT ( 'NONE',  ( 10.28994949366131095, 40.71227244192535011, -4.999999999999996447 ) ) ;
#6818 = EDGE_CURVE ( 'NONE', #316, #971, #8236, .T. ) ;
#6819 = VECTOR ( 'NONE', #6052, 1000.000000000000000 ) ;
#6820 = ORIENTED_EDGE ( 'NONE', *, *, #2924, .T. ) ;
#6821 = LINE ( 'NONE', #2227, #8585 ) ;
#6822 = CYLINDRICAL_SURFACE ( 'NONE', #3642, 2.999999999999999112 ) ;
#6823 = ORIENTED_EDGE ( 'NONE', *, *, #5679, .F. ) ;
#6824 = ORIENTED_EDGE ( 'NONE', *, *, #4859, .F. ) ;
#6825 = EDGE_CURVE ( 'NONE', #5395, #5438, #3647, .T. ) ;
#6826 = LINE ( 'NONE', #3023, #2636 ) ;
#6827 = EDGE_CURVE ( 'NONE', #8557, #917, #4184, .T. ) ;
#6828 = DIRECTION ( 'NONE',  ( -0.000000000000000000, -1.000000000000000000, -0.000000000000000000 ) ) ;
#6829 = CARTESIAN_POINT ( 'NONE',  ( 10.28994949365970335, 40.71227244192490957, -4.999999999999506173 ) ) ;
#6830 = CARTESIAN_POINT ( 'NONE',  ( 23.39999999999999858, 4.000000000000000000, -30.00000000000000000 ) ) ;
#6831 = ORIENTED_EDGE ( 'NONE', *, *, #1116, .F. ) ;
#6832 = CARTESIAN_POINT ( 'NONE',  ( 22.69999999999994955, 60.00000000000000000, -18.48284271247463550 ) ) ;
#6833 = FACE_OUTER_BOUND ( 'NONE', #9710, .T. ) ;
#6834 = CIRCLE ( 'NONE', #6986, 1.400000000000000133 ) ;
#6835 = CARTESIAN_POINT ( 'NONE',  ( 20.19398958172444836, 46.95553923831526788, -18.49693330687669146 ) ) ;
#6836 = AXIS2_PLACEMENT_3D ( 'NONE', #1903, #1956, #1851 ) ;
#6837 = EDGE_CURVE ( 'NONE', #815, #7110, #1552, .T. ) ;
#6838 = VERTEX_POINT ( 'NONE', #4591 ) ;
#6839 = EDGE_CURVE ( 'NONE', #2149, #7695, #2678, .T. ) ;
#6840 = DIRECTION ( 'NONE',  ( -3.094467185356272743E-16, 0.000000000000000000, -1.000000000000000000 ) ) ;
#6841 = AXIS2_PLACEMENT_3D ( 'NONE', #9681, #5349, #7530 ) ;
#6842 = EDGE_CURVE ( 'NONE', #6247, #8135, #9040, .T. ) ;
#6843 = CARTESIAN_POINT ( 'NONE',  ( 20.90034085445342527, 2.968648458147342684, -10.79671542039429077 ) ) ;
#6844 = CARTESIAN_POINT ( 'NONE',  ( 22.92070741704778669, 2.940251587277499024, -17.95389125833017374 ) ) ;
#6845 = AXIS2_PLACEMENT_3D ( 'NONE', #3880, #2388, #834 ) ;
#6846 = CARTESIAN_POINT ( 'NONE',  ( 11.27906848551946695, 41.00724144909123225, -24.62803829566725256 ) ) ;
#6847 = CARTESIAN_POINT ( 'NONE',  ( -2.700904470179258166, 51.65769500505341227, 7.633966218526186509 ) ) ;
#6848 = DIRECTION ( 'NONE',  ( -0.000000000000000000, -1.000000000000000000, -0.000000000000000000 ) ) ;
#6849 = ORIENTED_EDGE ( 'NONE', *, *, #3779, .T. ) ;
#6850 = VECTOR ( 'NONE', #9310, 1000.000000000000000 ) ;
#6851 = ORIENTED_EDGE ( 'NONE', *, *, #8046, .T. ) ;
#6852 =( BOUNDED_CURVE ( )  B_SPLINE_CURVE ( 3, ( #9653, #2804, #1514, #2951 ),
 .UNSPECIFIED., .F., .T. ) 
 B_SPLINE_CURVE_WITH_KNOTS ( ( 4, 4 ),
 ( 5.407078816559247159, 5.538797073792116166 ),
 .UNSPECIFIED. ) 
 CURVE ( )  GEOMETRIC_REPRESENTATION_ITEM ( )  RATIONAL_B_SPLINE_CURVE ( ( 1.000000000000000000, 0.9985547142408019994, 0.9985547142408019994, 1.000000000000000000 ) ) 
 REPRESENTATION_ITEM ( '' )  );
#6853 = EDGE_LOOP ( 'NONE', ( #4352, #2362, #8089, #1528 ) ) ;
#6854 = DIRECTION ( 'NONE',  ( -1.000000000000000000, -0.000000000000000000, -0.000000000000000000 ) ) ;
#6855 = ORIENTED_EDGE ( 'NONE', *, *, #9445, .T. ) ;
#6856 = CARTESIAN_POINT ( 'NONE',  ( 22.69999999999995310, 0.000000000000000000, -11.51715728752538226 ) ) ;
#6857 = VECTOR ( 'NONE', #8909, 1000.000000000000000 ) ;
#6858 = CARTESIAN_POINT ( 'NONE',  ( 0.000000000000000000, 0.000000000000000000, 0.000000000000000000 ) ) ;
#6859 = CARTESIAN_POINT ( 'NONE',  ( 28.81520951089125404, 54.04435713369571914, 2.291647568284731484 ) ) ;
#6860 = EDGE_LOOP ( 'NONE', ( #9738, #4389, #1714 ) ) ;
#6861 = VECTOR ( 'NONE', #8221, 1000.000000000000000 ) ;
#6862 = ORIENTED_EDGE ( 'NONE', *, *, #7733, .F. ) ;
#6863 = CARTESIAN_POINT ( 'NONE',  ( 22.00000000000000000, 32.00000000000000711, -44.00000000000000000 ) ) ;
#6864 = FACE_OUTER_BOUND ( 'NONE', #2700, .T. ) ;
#6865 = CARTESIAN_POINT ( 'NONE',  ( 12.19705627484785815, 0.000000000000000000, -10.49999999999995204 ) ) ;
#6866 = DIRECTION ( 'NONE',  ( 1.000000000000000000, 0.000000000000000000, 1.652117596168387263E-16 ) ) ;
#6867 = LINE ( 'NONE', #4469, #2240 ) ;
#6868 = DIRECTION ( 'NONE',  ( -1.000000000000000000, 0.000000000000000000, 1.239088197126292050E-15 ) ) ;
#6869 = AXIS2_PLACEMENT_3D ( 'NONE', #1767, #3158, #3961 ) ;
#6870 = ORIENTED_EDGE ( 'NONE', *, *, #1470, .T. ) ;
#6871 = DIRECTION ( 'NONE',  ( -0.000000000000000000, 1.000000000000000000, -0.000000000000000000 ) ) ;
#6872 = CARTESIAN_POINT ( 'NONE',  ( 19.71005050633889510, 60.00000000000000000, -21.40710678118653121 ) ) ;
#6873 = VERTEX_POINT ( 'NONE', #2198 ) ;
#6874 = VECTOR ( 'NONE', #8539, 1000.000000000000000 ) ;
#6875 = ADVANCED_FACE ( 'NONE', ( #805 ), #5259, .T. ) ;
#6876 = ORIENTED_EDGE ( 'NONE', *, *, #3334, .F. ) ;
#6877 = CARTESIAN_POINT ( 'NONE',  ( 18.48284271247459642, 0.000000000000000000, -7.299999999999952749 ) ) ;
#6878 =( LENGTH_UNIT ( ) NAMED_UNIT ( * ) SI_UNIT ( .MILLI., .METRE. ) );
#6879 = CARTESIAN_POINT ( 'NONE',  ( 22.69999999999995310, 60.00000000000000000, -11.51715728752538226 ) ) ;
#6880 = CARTESIAN_POINT ( 'NONE',  ( 10.61213203435614361, 0.000000000000000000, -4.705025253169414334 ) ) ;
#6881 = EDGE_LOOP ( 'NONE', ( #492, #3811 ) ) ;
#6882 = CARTESIAN_POINT ( 'NONE',  ( 23.39999999999995595, 60.00000000000000000, -11.51715728752533252 ) ) ;
#6883 = EDGE_CURVE ( 'NONE', #120, #2391, #8286, .T. ) ;
#6884 = DIRECTION ( 'NONE',  ( 0.000000000000000000, 1.000000000000000000, 0.000000000000000000 ) ) ;
#6885 = CARTESIAN_POINT ( 'NONE',  ( -1.604961005403735319, 51.83502108404685771, 6.282110009347140256 ) ) ;
#6886 = EDGE_CURVE ( 'NONE', #9064, #8191, #3601, .T. ) ;
#6887 = EDGE_CURVE ( 'NONE', #1407, #9096, #8339, .T. ) ;
#6888 = ORIENTED_EDGE ( 'NONE', *, *, #9300, .T. ) ;
#6889 = VERTEX_POINT ( 'NONE', #3697 ) ;
#6890 = DIRECTION ( 'NONE',  ( 0.000000000000000000, -1.000000000000000000, 0.000000000000000000 ) ) ;
#6891 = DIRECTION ( 'NONE',  ( -0.7071067811865474617, 0.000000000000000000, -0.7071067811865474617 ) ) ;
#6892 = CARTESIAN_POINT ( 'NONE',  ( 10.28994949366131095, 17.26825771477451354, -8.592893218813408396 ) ) ;
#6893 = DIRECTION ( 'NONE',  ( 0.000000000000000000, 0.000000000000000000, -1.000000000000000000 ) ) ;
#6894 = CARTESIAN_POINT ( 'NONE',  ( -2.828981151698817698, 51.65000000000000568, 7.790749769688786408 ) ) ;
#6895 = DIRECTION ( 'NONE',  ( -0.000000000000000000, -1.000000000000000000, -0.000000000000000000 ) ) ;
#6896 = ORIENTED_EDGE ( 'NONE', *, *, #1400, .F. ) ;
#6897 = AXIS2_PLACEMENT_3D ( 'NONE', #8314, #5382, #35 ) ;
#6898 = EDGE_CURVE ( 'NONE', #5993, #9304, #6748, .T. ) ;
#6899 = EDGE_LOOP ( 'NONE', ( #2006, #6896, #1469, #9216 ) ) ;
#6900 = ORIENTED_EDGE ( 'NONE', *, *, #8603, .F. ) ;
#6901 = CARTESIAN_POINT ( 'NONE',  ( 11.82133846180522596, 17.18406426729977809, -7.245809037724936452 ) ) ;
#6902 = DIRECTION ( 'NONE',  ( 0.000000000000000000, 1.000000000000000000, 0.000000000000000000 ) ) ;
#6903 = VECTOR ( 'NONE', #2962, 1000.000000000000000 ) ;
#6904 = CARTESIAN_POINT ( 'NONE',  ( 23.39999999999995595, 60.00000000000000000, -11.51715728752533252 ) ) ;
#6905 = CARTESIAN_POINT ( 'NONE',  ( -0.3640862840001857226, 53.21714079336241099, 1.743636096636295596 ) ) ;
#6906 = LINE ( 'NONE', #2310, #6539 ) ;
#6907 = ORIENTED_EDGE ( 'NONE', *, *, #1871, .T. ) ;
#6908 = VECTOR ( 'NONE', #3717, 1000.000000000000000 ) ;
#6909 = ORIENTED_EDGE ( 'NONE', *, *, #656, .F. ) ;
#6910 = LINE ( 'NONE', #7555, #60 ) ;
#6911 = CARTESIAN_POINT ( 'NONE',  ( 23.39999999999999858, 24.15128365066524907, -12.21715728752533359 ) ) ;
#6912 = ORIENTED_EDGE ( 'NONE', *, *, #542, .T. ) ;
#6913 = CARTESIAN_POINT ( 'NONE',  ( -3.000000000000000000, 45.65000000000000568, -2.999999999999996447 ) ) ;
#6914 = LINE ( 'NONE', #9012, #3185 ) ;
#6915 = CARTESIAN_POINT ( 'NONE',  ( 18.40665527057416639, 17.21243556529805119, -22.70000000000028351 ) ) ;
#6916 = ADVANCED_FACE ( 'NONE', ( #5599 ), #1696, .F. ) ;
#6917 = ORIENTED_EDGE ( 'NONE', *, *, #7052, .F. ) ;
#6918 = DIRECTION ( 'NONE',  ( 0.000000000000000000, -0.000000000000000000, 1.000000000000000000 ) ) ;
#6919 = CARTESIAN_POINT ( 'NONE',  ( 7.999999999999998224, 24.00000000000000000, -59.00000000000000000 ) ) ;
#6920 = ORIENTED_EDGE ( 'NONE', *, *, #826, .F. ) ;
#6921 = VERTEX_POINT ( 'NONE', #4642 ) ;
#6922 = DIRECTION ( 'NONE',  ( 0.000000000000000000, 0.000000000000000000, 1.000000000000000000 ) ) ;
#6923 = FACE_OUTER_BOUND ( 'NONE', #9487, .T. ) ;
#6924 = LINE ( 'NONE', #1440, #3050 ) ;
#6925 = LINE ( 'NONE', #1493, #2671 ) ;
#6926 = EDGE_CURVE ( 'NONE', #1774, #9794, #4434, .T. ) ;
#6927 = ORIENTED_EDGE ( 'NONE', *, *, #6771, .F. ) ;
#6928 = DIRECTION ( 'NONE',  ( -0.000000000000000000, -1.000000000000000000, -0.000000000000000000 ) ) ;
#6929 = LINE ( 'NONE', #9829, #9543 ) ;
#6930 = DIRECTION ( 'NONE',  ( -0.000000000000000000, -0.000000000000000000, 1.000000000000000000 ) ) ;
#6931 =( BOUNDED_CURVE ( )  B_SPLINE_CURVE ( 3, ( #9038, #6846, #2943, #6188 ),
 .UNSPECIFIED., .F., .T. ) 
 B_SPLINE_CURVE_WITH_KNOTS ( ( 4, 4 ),
 ( 5.012216409563517772, 5.070607722520612981 ),
 .UNSPECIFIED. ) 
 CURVE ( )  GEOMETRIC_REPRESENTATION_ITEM ( )  RATIONAL_B_SPLINE_CURVE ( ( 1.000000000000000000, 0.9997158913959804938, 0.9997158913959804938, 1.000000000000000000 ) ) 
 REPRESENTATION_ITEM ( '' )  );
#6932 = ORIENTED_EDGE ( 'NONE', *, *, #5829, .F. ) ;
#6933 = EDGE_CURVE ( 'NONE', #1276, #5474, #205, .T. ) ;
#6934 = EDGE_LOOP ( 'NONE', ( #8441, #269, #7009, #77 ) ) ;
#6935 = CARTESIAN_POINT ( 'NONE',  ( -6.999999999999999112, 10.00000000000000178, -15.00000000000000000 ) ) ;
#6936 = CARTESIAN_POINT ( 'NONE',  ( 30.00000000000000000, 30.00000000000000355, -15.00000000000000178 ) ) ;
#6937 = CARTESIAN_POINT ( 'NONE',  ( 23.39999999999999858, 3.848716349334739384, -17.78284271247457582 ) ) ;
#6938 = CARTESIAN_POINT ( 'NONE',  ( 6.977002725079098688, 24.95808425173804324, -17.88997228795675909 ) ) ;
#6939 = EDGE_CURVE ( 'NONE', #6945, #5371, #6340, .T. ) ;
#6940 = AXIS2_PLACEMENT_3D ( 'NONE', #6935, #6137, #55 ) ;
#6941 = CARTESIAN_POINT ( 'NONE',  ( -0.7495140981491362764, 52.15792115634145176, 5.194849485249818599 ) ) ;
#6942 = EDGE_CURVE ( 'NONE', #8255, #6055, #7553, .T. ) ;
#6943 = CARTESIAN_POINT ( 'NONE',  ( 30.00000000000000000, 0.000000000000000000, -1.500000000000001332 ) ) ;
#6944 = ORIENTED_EDGE ( 'NONE', *, *, #359, .T. ) ;
#6945 = VERTEX_POINT ( 'NONE', #7736 ) ;
#6946 = ORIENTED_EDGE ( 'NONE', *, *, #447, .F. ) ;
#6947 = EDGE_CURVE ( 'NONE', #6366, #6753, #4838, .T. ) ;
#6948 = CIRCLE ( 'NONE', #8862, 19.97500000000000142 ) ;
#6949 = DIRECTION ( 'NONE',  ( -1.000000000000000000, 0.000000000000000000, 1.413553177098500055E-15 ) ) ;
#6950 = ORIENTED_EDGE ( 'NONE', *, *, #5463, .T. ) ;
#6951 = EDGE_CURVE ( 'NONE', #6404, #7739, #303, .T. ) ;
#6952 = CARTESIAN_POINT ( 'NONE',  ( -1.069165360761669348, 52.35393644794871193, 3.647140788445035753 ) ) ;
#6953 = CARTESIAN_POINT ( 'NONE',  ( 28.94824973079469643, 53.78933160895240206, 2.553838735954017114 ) ) ;
#6954 = AXIS2_PLACEMENT_3D ( 'NONE', #3959, #4561, #7014 ) ;
#6955 = VERTEX_POINT ( 'NONE', #6943 ) ;
#6956 = ORIENTED_EDGE ( 'NONE', *, *, #1631, .F. ) ;
#6957 = CARTESIAN_POINT ( 'NONE',  ( 7.300000000000184563, 2.787564434701679250, -18.32850920836595776 ) ) ;
#6958 = LINE ( 'NONE', #5330, #3449 ) ;
#6959 = ORIENTED_EDGE ( 'NONE', *, *, #253, .F. ) ;
#6960 = DIRECTION ( 'NONE',  ( 1.000000000000000000, 0.000000000000000000, 0.000000000000000000 ) ) ;
#6961 = DIRECTION ( 'NONE',  ( 1.000000000000000000, 0.000000000000000000, 0.000000000000000000 ) ) ;
#6962 = CARTESIAN_POINT ( 'NONE',  ( -6.999999999999999112, 16.00000000000000000, -8.000000000000000000 ) ) ;
#6963 = ORIENTED_EDGE ( 'NONE', *, *, #7428, .F. ) ;
#6964 = DIRECTION ( 'NONE',  ( 0.7071067811865475727, 0.000000000000000000, -0.7071067811865475727 ) ) ;
#6965 = DIRECTION ( 'NONE',  ( 0.000000000000000000, 0.000000000000000000, 1.000000000000000000 ) ) ;
#6966 = AXIS2_PLACEMENT_3D ( 'NONE', #5209, #8243, #1409 ) ;
#6967 = EDGE_LOOP ( 'NONE', ( #3757, #4691, #2292, #2777 ) ) ;
#6968 = EDGE_CURVE ( 'NONE', #6404, #8005, #6834, .T. ) ;
#6969 = VERTEX_POINT ( 'NONE', #847 ) ;
#6970 = CARTESIAN_POINT ( 'NONE',  ( 19.71005050633878142, 34.78756443470178539, -22.69999999999998863 ) ) ;
#6971 = CARTESIAN_POINT ( 'NONE',  ( 15.00000000000000000, 63.00000000000000000, -15.00000000000000355 ) ) ;
#6972 = LINE ( 'NONE', #6424, #1911 ) ;
#6973 = AXIS2_PLACEMENT_3D ( 'NONE', #2256, #6998, #3046 ) ;
#6974 = CARTESIAN_POINT ( 'NONE',  ( 19.71005050633881339, 36.00000000000000711, -7.999999999999994671 ) ) ;
#6975 = CARTESIAN_POINT ( 'NONE',  ( 12.18926993308866358, 35.27670144217134407, -6.798956735503328908 ) ) ;
#6976 = EDGE_LOOP ( 'NONE', ( #7451, #2999, #5922, #4358, #1736, #279 ) ) ;
#6977 = LINE ( 'NONE', #2626, #2044 ) ;
#6978 = FACE_OUTER_BOUND ( 'NONE', #3290, .T. ) ;
#6979 = CARTESIAN_POINT ( 'NONE',  ( 0.01623298956125270726, 52.62660164385140860, 4.168677791863601989 ) ) ;
#6980 = AXIS2_PLACEMENT_3D ( 'NONE', #7472, #3833, #9175 ) ;
#6981 = ORIENTED_EDGE ( 'NONE', *, *, #3006, .T. ) ;
#6982 = VERTEX_POINT ( 'NONE', #3892 ) ;
#6983 = CARTESIAN_POINT ( 'NONE',  ( 27.00000000000000000, 32.00000000000000711, -41.49999999999999289 ) ) ;
#6984 = DIRECTION ( 'NONE',  ( -0.000000000000000000, -1.000000000000000000, -0.000000000000000000 ) ) ;
#6985 = CARTESIAN_POINT ( 'NONE',  ( 22.00000000000000000, 52.00000000000000711, -33.00000000000000000 ) ) ;
#6986 = AXIS2_PLACEMENT_3D ( 'NONE', #3233, #2346, #5459 ) ;
#6987 = VECTOR ( 'NONE', #360, 1000.000000000000114 ) ;
#6988 =( BOUNDED_CURVE ( )  B_SPLINE_CURVE ( 3, ( #423, #6463, #1065, #7255 ),
 .UNSPECIFIED., .F., .T. ) 
 B_SPLINE_CURVE_WITH_KNOTS ( ( 4, 4 ),
 ( 2.008096404397857082, 3.141592653589793116 ),
 .UNSPECIFIED. ) 
 CURVE ( )  GEOMETRIC_REPRESENTATION_ITEM ( )  RATIONAL_B_SPLINE_CURVE ( ( 1.000000000000000000, 0.8957675578916527437, 0.8957675578916527437, 1.000000000000000000 ) ) 
 REPRESENTATION_ITEM ( '' )  );
#6989 = CARTESIAN_POINT ( 'NONE',  ( -2.171771468592304632, 51.71468464802388354, 6.984326426300623503 ) ) ;
#6990 = DIRECTION ( 'NONE',  ( -1.000000000000000000, 0.000000000000000000, 0.000000000000000000 ) ) ;
#6991 = ORIENTED_EDGE ( 'NONE', *, *, #8393, .F. ) ;
#6992 = ORIENTED_EDGE ( 'NONE', *, *, #1135, .T. ) ;
#6993 = EDGE_CURVE ( 'NONE', #7393, #1942, #3950, .T. ) ;
#6994 = CIRCLE ( 'NONE', #8430, 1.500000000000001332 ) ;
#6995 = ORIENTED_EDGE ( 'NONE', *, *, #4827, .T. ) ;
#6996 = AXIS2_PLACEMENT_3D ( 'NONE', #7870, #7224, #4724 ) ;
#6997 = ADVANCED_FACE ( 'NONE', ( #3134 ), #6193, .F. ) ;
#6998 = DIRECTION ( 'NONE',  ( 0.000000000000000000, 1.000000000000000000, 0.000000000000000000 ) ) ;
#6999 = ORIENTED_EDGE ( 'NONE', *, *, #957, .F. ) ;
#7000 = DIRECTION ( 'NONE',  ( 0.000000000000000000, 0.000000000000000000, 1.000000000000000000 ) ) ;
#7001 = AXIS2_PLACEMENT_3D ( 'NONE', #6668, #8198, #4508 ) ;
#7002 = CARTESIAN_POINT ( 'NONE',  ( -0.6606374778420206484, 52.77185571522350926, 2.601730954900462134 ) ) ;
#7003 = AXIS2_PLACEMENT_3D ( 'NONE', #1719, #4058, #2467 ) ;
#7004 = CARTESIAN_POINT ( 'NONE',  ( 1.000000000000004663, 45.65000000000000568, 54.49999999999998579 ) ) ;
#7005 = ORIENTED_EDGE ( 'NONE', *, *, #2761, .T. ) ;
#7006 = ORIENTED_EDGE ( 'NONE', *, *, #6570, .T. ) ;
#7007 = EDGE_CURVE ( 'NONE', #6261, #8342, #3990, .T. ) ;
#7008 = EDGE_CURVE ( 'NONE', #1584, #8342, #5560, .T. ) ;
#7009 = ORIENTED_EDGE ( 'NONE', *, *, #5796, .T. ) ;
#7010 = CYLINDRICAL_SURFACE ( 'NONE', #9458, 19.99999999999999645 ) ;
#7011 = AXIS2_PLACEMENT_3D ( 'NONE', #6448, #2648, #5699 ) ;
#7012 = CYLINDRICAL_SURFACE ( 'NONE', #9677, 1.399999999999998579 ) ;
#7013 = ORIENTED_EDGE ( 'NONE', *, *, #5664, .F. ) ;
#7014 = DIRECTION ( 'NONE',  ( 0.000000000000000000, 0.000000000000000000, 1.000000000000000000 ) ) ;
#7015 = DIRECTION ( 'NONE',  ( -0.000000000000000000, 1.000000000000000000, -0.000000000000000000 ) ) ;
#7016 = DIRECTION ( 'NONE',  ( 0.000000000000000000, 0.000000000000000000, 1.000000000000000000 ) ) ;
#7017 = ORIENTED_EDGE ( 'NONE', *, *, #776, .F. ) ;
#7018 = CARTESIAN_POINT ( 'NONE',  ( 25.29497474683052616, 16.00000000000000000, -9.399999999999998579 ) ) ;
#7019 = AXIS2_PLACEMENT_3D ( 'NONE', #5443, #4573, #4670 ) ;
#7020 = DIRECTION ( 'NONE',  ( -1.000000000000000000, 0.000000000000000000, 0.000000000000000000 ) ) ;
#7021 = ORIENTED_EDGE ( 'NONE', *, *, #70, .T. ) ;
#7022 = EDGE_CURVE ( 'NONE', #3311, #513, #891, .T. ) ;
#7023 = ORIENTED_EDGE ( 'NONE', *, *, #8230, .T. ) ;
#7024 = CARTESIAN_POINT ( 'NONE',  ( 30.00000000000000000, 10.00000000000000178, -15.00000000000000000 ) ) ;
#7025 = FACE_OUTER_BOUND ( 'NONE', #2864, .T. ) ;
#7026 = AXIS2_PLACEMENT_3D ( 'NONE', #8655, #3910, #6961 ) ;
#7027 = CARTESIAN_POINT ( 'NONE',  ( 7.158930146871639089, 40.11675975188020260, -11.94834912955471395 ) ) ;
#7028 = DIRECTION ( 'NONE',  ( -3.094467185356272743E-16, 0.000000000000000000, -1.000000000000000000 ) ) ;
#7029 = CARTESIAN_POINT ( 'NONE',  ( 30.64026869161847344, 52.79751220475775852, 2.546422691143158445 ) ) ;
#7030 = CARTESIAN_POINT ( 'NONE',  ( 30.00000000000000000, 16.00000000000000000, -8.000000000000000000 ) ) ;
#7031 = FACE_OUTER_BOUND ( 'NONE', #273, .T. ) ;
#7032 = DIRECTION ( 'NONE',  ( -1.000000000000000000, 0.000000000000000000, 0.000000000000000000 ) ) ;
#7033 = VECTOR ( 'NONE', #2309, 1000.000000000000000 ) ;
#7034 = ORIENTED_EDGE ( 'NONE', *, *, #7941, .F. ) ;
#7035 = DIRECTION ( 'NONE',  ( -0.000000000000000000, -1.000000000000000000, -0.000000000000000000 ) ) ;
#7036 = DIRECTION ( 'NONE',  ( 5.873343889775981244E-16, 0.000000000000000000, 1.000000000000000000 ) ) ;
#7037 = DIRECTION ( 'NONE',  ( 0.7071067811865162644, 0.000000000000000000, 0.7071067811865787700 ) ) ;
#7038 = EDGE_CURVE ( 'NONE', #8397, #9205, #4786, .T. ) ;
#7039 = CARTESIAN_POINT ( 'NONE',  ( 12.19705627484777111, 0.000000000000000000, -19.49999999999998579 ) ) ;
#7040 = CARTESIAN_POINT ( 'NONE',  ( 10.28994949366131095, 60.00000000000000000, -8.592893218813408396 ) ) ;
#7041 = ORIENTED_EDGE ( 'NONE', *, *, #112, .T. ) ;
#7042 = VERTEX_POINT ( 'NONE', #3486 ) ;
#7043 = CIRCLE ( 'NONE', #1946, 1.400000000000000133 ) ;
#7044 = VERTEX_POINT ( 'NONE', #4238 ) ;
#7045 = CYLINDRICAL_SURFACE ( 'NONE', #8242, 1.400000000000000133 ) ;
#7046 = ORIENTED_EDGE ( 'NONE', *, *, #9868, .F. ) ;
#7047 = DIRECTION ( 'NONE',  ( -6.188934370712541542E-16, 0.000000000000000000, 1.000000000000000000 ) ) ;
#7048 = EDGE_CURVE ( 'NONE', #7110, #6047, #9866, .T. ) ;
#7049 = AXIS2_PLACEMENT_3D ( 'NONE', #2723, #9769, #6868 ) ;
#7050 = CARTESIAN_POINT ( 'NONE',  ( 32.48795444796149212, 51.67306527149102635, 7.373033645974968131 ) ) ;
#7051 = EDGE_LOOP ( 'NONE', ( #8887, #6467, #1565, #8788 ) ) ;
#7052 = EDGE_CURVE ( 'NONE', #1508, #9609, #2640, .T. ) ;
#7053 = ORIENTED_EDGE ( 'NONE', *, *, #6033, .T. ) ;
#7054 = ORIENTED_EDGE ( 'NONE', *, *, #5786, .F. ) ;
#7055 = CARTESIAN_POINT ( 'NONE',  ( 19.71005050633881339, 0.000000000000000000, -8.592893218813411949 ) ) ;
#7056 = CARTESIAN_POINT ( 'NONE',  ( 32.47720655167853465, 51.67527131632494530, 7.359783079376589932 ) ) ;
#7057 = EDGE_LOOP ( 'NONE', ( #1106, #106, #4997, #4178, #6628 ) ) ;
#7058 = CARTESIAN_POINT ( 'NONE',  ( 22.92727907481517491, 2.948999345702416175, -12.03692773866439936 ) ) ;
#7059 = LINE ( 'NONE', #4660, #1448 ) ;
#7060 = DIRECTION ( 'NONE',  ( 0.000000000000000000, 0.000000000000000000, 1.000000000000000000 ) ) ;
#7061 = EDGE_CURVE ( 'NONE', #7672, #2439, #5252, .T. ) ;
#7062 = EDGE_CURVE ( 'NONE', #9100, #3068, #6392, .T. ) ;
#7063 = EDGE_LOOP ( 'NONE', ( #806, #7465, #5384, #7763 ) ) ;
#7064 = AXIS2_PLACEMENT_3D ( 'NONE', #1567, #9806, #1473 ) ;
#7065 = CARTESIAN_POINT ( 'NONE',  ( 19.99999999999999645, 32.00000000000000000, -56.49999999999999289 ) ) ;
#7066 = DIRECTION ( 'NONE',  ( 0.000000000000000000, 0.000000000000000000, 1.000000000000000000 ) ) ;
#7067 = ORIENTED_EDGE ( 'NONE', *, *, #8702, .T. ) ;
#7068 = ORIENTED_EDGE ( 'NONE', *, *, #4112, .F. ) ;
#7069 = CYLINDRICAL_SURFACE ( 'NONE', #4078, 11.50000000000000355 ) ;
#7070 = DIRECTION ( 'NONE',  ( -1.000000000000000000, 0.000000000000000000, -0.000000000000000000 ) ) ;
#7071 = CARTESIAN_POINT ( 'NONE',  ( -6.999999999999999112, 16.00000000000000000, -21.99999999999999645 ) ) ;
#7072 = CARTESIAN_POINT ( 'NONE',  ( 19.50000000000015987, 0.000000000000000000, -17.80294372515233547 ) ) ;
#7073 = CARTESIAN_POINT ( 'NONE',  ( -6.999999999999999112, 36.00000000000000711, -21.99999999999999645 ) ) ;
#7074 = LINE ( 'NONE', #4072, #1245 ) ;
#7075 = EDGE_CURVE ( 'NONE', #1606, #8697, #1949, .T. ) ;
#7076 = DIRECTION ( 'NONE',  ( 0.000000000000000000, 0.000000000000000000, -1.000000000000000000 ) ) ;
#7077 = ORIENTED_EDGE ( 'NONE', *, *, #9142, .F. ) ;
#7078 = DIRECTION ( 'NONE',  ( 1.000000000000000000, 0.000000000000000000, 0.000000000000000000 ) ) ;
#7079 = CARTESIAN_POINT ( 'NONE',  ( 19.71005050633881339, 36.00000000000000711, -7.999999999999994671 ) ) ;
#7080 = VERTEX_POINT ( 'NONE', #9431 ) ;
#7081 = CARTESIAN_POINT ( 'NONE',  ( 29.00000000000000000, 51.64999999999999858, 54.49999999999998579 ) ) ;
#7082 = DIRECTION ( 'NONE',  ( 0.000000000000000000, 0.000000000000000000, 1.000000000000000000 ) ) ;
#7083 = DIRECTION ( 'NONE',  ( 0.7071067811865507924, 0.000000000000000000, -0.7071067811865441310 ) ) ;
#7084 = EDGE_CURVE ( 'NONE', #3022, #5496, #5568, .T. ) ;
#7085 = DIRECTION ( 'NONE',  ( 0.000000000000000000, 0.000000000000000000, -1.000000000000000000 ) ) ;
#7086 = CARTESIAN_POINT ( 'NONE',  ( 4.705025253169601740, 16.00000000000000000, -8.000000000000000000 ) ) ;
#7087 = ORIENTED_EDGE ( 'NONE', *, *, #4497, .F. ) ;
#7088 = EDGE_LOOP ( 'NONE', ( #134, #5075, #3067, #2708 ) ) ;
#7089 = EDGE_CURVE ( 'NONE', #1972, #7110, #9737, .T. ) ;
#7090 = VECTOR ( 'NONE', #8321, 1000.000000000000000 ) ;
#7091 = DIRECTION ( 'NONE',  ( 0.000000000000000000, 1.000000000000000000, 0.000000000000000000 ) ) ;
#7092 = ORIENTED_EDGE ( 'NONE', *, *, #9637, .T. ) ;
#7093 = DIRECTION ( 'NONE',  ( 1.000000000000000000, -0.000000000000000000, -0.000000000000000000 ) ) ;
#7094 = CARTESIAN_POINT ( 'NONE',  ( 12.18937538807556287, 36.72271101082510114, -6.798598713709884223 ) ) ;
#7095 = CARTESIAN_POINT ( 'NONE',  ( -6.999999999999999112, 16.00000000000000000, -8.000000000000000000 ) ) ;
#7096 = EDGE_LOOP ( 'NONE', ( #8988, #4499, #7810, #8297, #8844, #5469, #5143, #1291, #4498, #6434 ) ) ;
#7097 = AXIS2_PLACEMENT_3D ( 'NONE', #7071, #235, #1977 ) ;
#7098 = ORIENTED_EDGE ( 'NONE', *, *, #662, .F. ) ;
#7099 = EDGE_CURVE ( 'NONE', #5937, #4344, #1993, .T. ) ;
#7100 = ORIENTED_EDGE ( 'NONE', *, *, #6033, .F. ) ;
#7101 = DIRECTION ( 'NONE',  ( -0.000000000000000000, -1.000000000000000000, -0.000000000000000000 ) ) ;
#7102 = CARTESIAN_POINT ( 'NONE',  ( 30.10374675992767379, 52.53918421844760189, 4.334431268370126489 ) ) ;
#7103 = VERTEX_POINT ( 'NONE', #1299 ) ;
#7104 = DIRECTION ( 'NONE',  ( -1.000000000000000000, 0.000000000000000000, 0.000000000000000000 ) ) ;
#7105 = CARTESIAN_POINT ( 'NONE',  ( 23.39999999999995595, 0.000000000000000000, -12.21715728752533359 ) ) ;
#7106 = CIRCLE ( 'NONE', #7587, 1.499999999999997780 ) ;
#7107 = DIRECTION ( 'NONE',  ( -1.000000000000000000, 0.000000000000000000, 0.000000000000000000 ) ) ;
#7108 = VERTEX_POINT ( 'NONE', #2739 ) ;
#7109 = LINE ( 'NONE', #4263, #7794 ) ;
#7110 = VERTEX_POINT ( 'NONE', #4343 ) ;
#7111 = AXIS2_PLACEMENT_3D ( 'NONE', #5306, #1397, #4441 ) ;
#7112 = ORIENTED_EDGE ( 'NONE', *, *, #6025, .T. ) ;
#7113 = PLANE ( 'NONE',  #7595 ) ;
#7114 = CARTESIAN_POINT ( 'NONE',  ( 19.71005050633889510, 34.73174228522552198, -21.40710678118653121 ) ) ;
#7115 = CARTESIAN_POINT ( 'NONE',  ( 22.71113722099311971, 50.70930537116873182, -18.34423547668709986 ) ) ;
#7116 = LINE ( 'NONE', #4170, #9180 ) ;
#7117 = EDGE_CURVE ( 'NONE', #2353, #8172, #7281, .T. ) ;
#7118 = CARTESIAN_POINT ( 'NONE',  ( 9.399999999999998579, 4.000000000000000000, -59.00000000000000000 ) ) ;
#7119 = DIRECTION ( 'NONE',  ( -0.000000000000000000, 1.000000000000000000, -0.000000000000000000 ) ) ;
#7120 = CARTESIAN_POINT ( 'NONE',  ( 30.14885834024509847, 53.71002613754975386, 0.9850492152647583044 ) ) ;
#7121 = CARTESIAN_POINT ( 'NONE',  ( 18.33025595688251386, 14.79463895667863937, -22.71267910782085764 ) ) ;
#7122 = AXIS2_PLACEMENT_3D ( 'NONE', #8290, #8233, #7535 ) ;
#7123 = CARTESIAN_POINT ( 'NONE',  ( 12.21839856525410362, 16.30451561029347118, -23.37484082165155641 ) ) ;
#7124 = FACE_BOUND ( 'NONE', #3722, .T. ) ;
#7125 = CARTESIAN_POINT ( 'NONE',  ( -0.06094280479085902730, 54.03727833754808785, 0.5660942434353771757 ) ) ;
#7126 = EDGE_CURVE ( 'NONE', #8976, #9658, #4440, .T. ) ;
#7127 = EDGE_CURVE ( 'NONE', #8903, #3884, #8741, .T. ) ;
#7128 = ORIENTED_EDGE ( 'NONE', *, *, #2942, .F. ) ;
#7129 = AXIS2_PLACEMENT_3D ( 'NONE', #4413, #676, #5279 ) ;
#7130 = DIRECTION ( 'NONE',  ( 0.000000000000000000, 0.000000000000000000, -1.000000000000000000 ) ) ;
#7131 = CARTESIAN_POINT ( 'NONE',  ( 22.00000000000000000, 24.00000000000000000, -30.00000000000000000 ) ) ;
#7132 = CARTESIAN_POINT ( 'NONE',  ( 0.000000000000000000, 16.00000000000000000, -21.99999999999999645 ) ) ;
#7133 = CARTESIAN_POINT ( 'NONE',  ( 4.705025253169598187, 60.00000000000000000, -25.29497474683057945 ) ) ;
#7134 = CARTESIAN_POINT ( 'NONE',  ( 13.99999999999999822, 26.00000000000000355, -30.00000000000000000 ) ) ;
#7135 = VECTOR ( 'NONE', #8345, 1000.000000000000000 ) ;
#7136 = ORIENTED_EDGE ( 'NONE', *, *, #59, .T. ) ;
#7137 = ADVANCED_FACE ( 'NONE', ( #2689 ), #3540, .F. ) ;
#7138 = ORIENTED_EDGE ( 'NONE', *, *, #8012, .F. ) ;
#7139 = AXIS2_PLACEMENT_3D ( 'NONE', #8024, #8830, #547 ) ;
#7140 = CARTESIAN_POINT ( 'NONE',  ( 19.71005050633881339, 14.73174228522548823, -8.592893218813411949 ) ) ;
#7141 = LINE ( 'NONE', #3341, #9433 ) ;
#7142 = CARTESIAN_POINT ( 'NONE',  ( 19.99999999999999645, 32.00000000000000711, -41.49999999999999289 ) ) ;
#7143 = DIRECTION ( 'NONE',  ( 0.000000000000000000, 0.000000000000000000, -1.000000000000000000 ) ) ;
#7144 = CARTESIAN_POINT ( 'NONE',  ( 31.23724873967458038, 51.94596155706764051, 5.821101197455657683 ) ) ;
#7145 = ORIENTED_EDGE ( 'NONE', *, *, #5383, .F. ) ;
#7146 = VECTOR ( 'NONE', #6930, 1000.000000000000000 ) ;
#7147 = VECTOR ( 'NONE', #4844, 1000.000000000000114 ) ;
#7148 = VERTEX_POINT ( 'NONE', #2039 ) ;
#7149 = ORIENTED_EDGE ( 'NONE', *, *, #4459, .F. ) ;
#7150 = LINE ( 'NONE', #4101, #845 ) ;
#7151 = DIRECTION ( 'NONE',  ( -1.000000000000000000, 0.000000000000000000, 0.000000000000000000 ) ) ;
#7152 = CARTESIAN_POINT ( 'NONE',  ( 31.67982154710793097, 51.81611679691920358, 6.375223133634187356 ) ) ;
#7153 = VERTEX_POINT ( 'NONE', #550 ) ;
#7154 = CARTESIAN_POINT ( 'NONE',  ( 19.71005050633881339, 16.00000000000000000, -8.000000000000000000 ) ) ;
#7155 = CIRCLE ( 'NONE', #2845, 1.500000000000001332 ) ;
#7156 = CARTESIAN_POINT ( 'NONE',  ( 30.00000000000000000, 30.00000000000000355, -12.50000000000000355 ) ) ;
#7157 = DIRECTION ( 'NONE',  ( 0.000000000000000000, 1.000000000000000000, 0.000000000000000000 ) ) ;
#7158 = EDGE_CURVE ( 'NONE', #8135, #4828, #6379, .T. ) ;
#7159 = ORIENTED_EDGE ( 'NONE', *, *, #5296, .F. ) ;
#7160 = ORIENTED_EDGE ( 'NONE', *, *, #3106, .F. ) ;
#7161 = VECTOR ( 'NONE', #801, 1000.000000000000000 ) ;
#7162 = VECTOR ( 'NONE', #8268, 1000.000000000000000 ) ;
#7163 = EDGE_LOOP ( 'NONE', ( #6246, #3575, #5559, #3152 ) ) ;
#7164 = CARTESIAN_POINT ( 'NONE',  ( 23.37482759074413963, 23.69552580781872209, -17.78160819805081161 ) ) ;
#7165 = CARTESIAN_POINT ( 'NONE',  ( -1.999999999999998224, 51.64999999999999858, 52.99999999999998579 ) ) ;
#7166 = CARTESIAN_POINT ( 'NONE',  ( 1.500000000000001332, 0.000000000000000000, -30.00000000000000000 ) ) ;
#7167 = CARTESIAN_POINT ( 'NONE',  ( 7.300000000000169464, 40.13269016701055847, -10.28994949366116352 ) ) ;
#7168 = CARTESIAN_POINT ( 'NONE',  ( 30.50000000000000355, 45.65000000000000568, 55.99999999999998579 ) ) ;
#7169 = CARTESIAN_POINT ( 'NONE',  ( 30.50000000000000355, 51.64999999999999858, 23.49999999999998579 ) ) ;
#7170 = CARTESIAN_POINT ( 'NONE',  ( 30.27972077549481966, 53.38450658835705553, 1.467799611183382646 ) ) ;
#7171 = MECHANICAL_DESIGN_GEOMETRIC_PRESENTATION_REPRESENTATION (  '', ( #7336 ), #12 ) ;
#7172 = LINE ( 'NONE', #3924, #5271 ) ;
#7173 = CARTESIAN_POINT ( 'NONE',  ( 23.27372334521406216, 51.87006781060070182, -12.20899084013116820 ) ) ;
#7174 = PLANE ( 'NONE',  #6996 ) ;
#7175 = CARTESIAN_POINT ( 'NONE',  ( 17.78284271247456161, 36.00000000000000711, -23.39999999999999503 ) ) ;
#7176 = EDGE_CURVE ( 'NONE', #2353, #2996, #667, .T. ) ;
#7177 = AXIS2_PLACEMENT_3D ( 'NONE', #1679, #2476, #4070 ) ;
#7178 = ORIENTED_EDGE ( 'NONE', *, *, #7573, .T. ) ;
#7179 = CARTESIAN_POINT ( 'NONE',  ( 33.00000000000000000, 51.64999999999999858, 59.50000000000001421 ) ) ;
#7180 = FACE_OUTER_BOUND ( 'NONE', #5068, .T. ) ;
#7181 = EDGE_CURVE ( 'NONE', #5801, #6255, #3805, .T. ) ;
#7182 = CARTESIAN_POINT ( 'NONE',  ( 6.105025253169585220, 39.99999999999999289, -12.01213203435591836 ) ) ;
#7183 = VECTOR ( 'NONE', #6768, 1000.000000000000000 ) ;
#7184 = EDGE_CURVE ( 'NONE', #8397, #5615, #8977, .T. ) ;
#7185 = CARTESIAN_POINT ( 'NONE',  ( 9.399999999999998579, 24.00000000000000000, -11.09705627484753521 ) ) ;
#7186 = CARTESIAN_POINT ( 'NONE',  ( 17.98786796564397505, 60.00000000000000000, -23.89497474683057376 ) ) ;
#7187 = ORIENTED_EDGE ( 'NONE', *, *, #2972, .F. ) ;
#7188 = ORIENTED_EDGE ( 'NONE', *, *, #3184, .T. ) ;
#7189 = VECTOR ( 'NONE', #9497, 1000.000000000000000 ) ;
#7190 = DIRECTION ( 'NONE',  ( 0.000000000000000000, 0.000000000000000000, 1.000000000000000000 ) ) ;
#7191 = DIRECTION ( 'NONE',  ( 1.000000000000000000, 0.000000000000000000, 0.000000000000000000 ) ) ;
#7192 = CARTESIAN_POINT ( 'NONE',  ( 12.21715728752552010, 36.00000000000000711, -6.599999999999994316 ) ) ;
#7193 = CARTESIAN_POINT ( 'NONE',  ( 10.50000000000013145, 40.77111547697062832, -17.80294372515233547 ) ) ;
#7194 = EDGE_LOOP ( 'NONE', ( #1395, #4191 ) ) ;
#7195 = ORIENTED_EDGE ( 'NONE', *, *, #1235, .F. ) ;
#7196 = VERTEX_POINT ( 'NONE', #2239 ) ;
#7197 = LINE ( 'NONE', #3201, #8501 ) ;
#7198 = CARTESIAN_POINT ( 'NONE',  ( 7.245600887463388595, 22.81608664798531194, -18.17835869808113358 ) ) ;
#7199 = CARTESIAN_POINT ( 'NONE',  ( 32.38158261412055339, 51.68585765591623016, 7.242384963129488540 ) ) ;
#7200 = EDGE_LOOP ( 'NONE', ( #1396, #3565, #1321, #5807 ) ) ;
#7201 = DIRECTION ( 'NONE',  ( -1.000000000000000000, 0.000000000000000000, 0.000000000000000000 ) ) ;
#7202 = CIRCLE ( 'NONE', #1466, 3.000000000000002665 ) ;
#7203 = CARTESIAN_POINT ( 'NONE',  ( -3.122502256758252770E-14, 70.00000000000000000, -13.49999999999989164 ) ) ;
#7204 = DIRECTION ( 'NONE',  ( 0.000000000000000000, 0.000000000000000000, -1.000000000000000000 ) ) ;
#7205 = ORIENTED_EDGE ( 'NONE', *, *, #9749, .F. ) ;
#7206 = DIRECTION ( 'NONE',  ( 0.000000000000000000, 0.000000000000000000, 1.000000000000000000 ) ) ;
#7207 = ORIENTED_EDGE ( 'NONE', *, *, #9409, .T. ) ;
#7208 = ADVANCED_FACE ( 'NONE', ( #6694 ), #743, .T. ) ;
#7209 = AXIS2_PLACEMENT_3D ( 'NONE', #6264, #7107, #7060 ) ;
#7210 = ORIENTED_EDGE ( 'NONE', *, *, #7213, .F. ) ;
#7211 = DIRECTION ( 'NONE',  ( 0.000000000000000000, 1.000000000000000000, -0.000000000000000000 ) ) ;
#7212 = EDGE_CURVE ( 'NONE', #4658, #3798, #4305, .T. ) ;
#7213 = EDGE_CURVE ( 'NONE', #8996, #9795, #2532, .T. ) ;
#7214 = CARTESIAN_POINT ( 'NONE',  ( -6.999999999999999112, 36.00000000000000711, -7.999999999999994671 ) ) ;
#7215 = FACE_OUTER_BOUND ( 'NONE', #9006, .T. ) ;
#7216 = LINE ( 'NONE', #382, #2482 ) ;
#7217 = FACE_OUTER_BOUND ( 'NONE', #9629, .T. ) ;
#7218 = DIRECTION ( 'NONE',  ( 1.000000000000000000, 0.000000000000000000, -2.478176394252584099E-15 ) ) ;
#7219 = CARTESIAN_POINT ( 'NONE',  ( 31.36857451333822766, 52.13161063270371187, 4.363889120282573586 ) ) ;
#7220 = VECTOR ( 'NONE', #8514, 1000.000000000000000 ) ;
#7221 = CARTESIAN_POINT ( 'NONE',  ( 30.00000000000000000, 31.00000000000000000, -33.00000000000000000 ) ) ;
#7222 = LINE ( 'NONE', #3422, #6857 ) ;
#7223 = B_SPLINE_CURVE_WITH_KNOTS ( 'NONE', 3,
 ( #8224, #1389, #1296, #4432, #4341, #5148, #397, #6487, #8076, #1990, #2687, #5741 ),
 .UNSPECIFIED., .F., .F.,
 ( 4, 2, 2, 2, 2, 4 ),
 ( 0.001825440514496996011, 0.002281998478873486363, 0.002738556443249976716, 0.002966835425438220375, 0.003195114407626463600, 0.003651672372002963927 ),
 .UNSPECIFIED. ) ;
#7224 = DIRECTION ( 'NONE',  ( 0.000000000000000000, 0.000000000000000000, -1.000000000000000000 ) ) ;
#7225 = CARTESIAN_POINT ( 'NONE',  ( -1.824832493144950440, 51.88430289933503303, 5.412557672042372481 ) ) ;
#7226 = EDGE_LOOP ( 'NONE', ( #375, #1108, #1420, #3287 ) ) ;
#7227 = B_SPLINE_CURVE_WITH_KNOTS ( 'NONE', 3,
 ( #775, #2965, #2225, #9115, #2918, #8406 ),
 .UNSPECIFIED., .F., .F.,
 ( 4, 2, 4 ),
 ( 0.000000000000000000, 0.0002740267928227941999, 0.0005480535856455883998 ),
 .UNSPECIFIED. ) ;
#7228 = CIRCLE ( 'NONE', #5000, 1.500000000000001332 ) ;
#7229 = ORIENTED_EDGE ( 'NONE', *, *, #7733, .T. ) ;
#7230 = DIRECTION ( 'NONE',  ( 0.000000000000000000, 1.000000000000000000, 0.000000000000000000 ) ) ;
#7231 = CARTESIAN_POINT ( 'NONE',  ( 18.36887214165092530, 45.11630820013045451, -5.724021077162476878 ) ) ;
#7232 = DIRECTION ( 'NONE',  ( 1.000000000000000000, -0.000000000000000000, -0.000000000000000000 ) ) ;
#7233 = CARTESIAN_POINT ( 'NONE',  ( 17.89279676843139555, 44.70976058742642323, -23.79990354961798715 ) ) ;
#7234 = ORIENTED_EDGE ( 'NONE', *, *, #4377, .T. ) ;
#7235 = ORIENTED_EDGE ( 'NONE', *, *, #9199, .T. ) ;
#7236 = CARTESIAN_POINT ( 'NONE',  ( 29.00000000000000000, 45.65000000000000568, 23.49999999999998579 ) ) ;
#7237 = CYLINDRICAL_SURFACE ( 'NONE', #1630, 1.400000000000000133 ) ;
#7238 = EDGE_CURVE ( 'NONE', #4854, #6055, #6092, .T. ) ;
#7239 = CARTESIAN_POINT ( 'NONE',  ( 11.82133035525341569, 14.81600271418747283, -7.245745179513609635 ) ) ;
#7240 = DIRECTION ( 'NONE',  ( -0.000000000000000000, 1.000000000000000000, -0.000000000000000000 ) ) ;
#7241 = ORIENTED_EDGE ( 'NONE', *, *, #9192, .T. ) ;
#7242 = EDGE_LOOP ( 'NONE', ( #257, #8914, #5658, #3413, #5771, #3580, #562, #7006, #9852, #3690 ) ) ;
#7243 = EDGE_CURVE ( 'NONE', #5644, #3850, #2188, .T. ) ;
#7244 = EDGE_CURVE ( 'NONE', #2701, #4665, #9704, .T. ) ;
#7245 = EDGE_LOOP ( 'NONE', ( #2844, #661, #2810, #9557, #5200 ) ) ;
#7246 = CARTESIAN_POINT ( 'NONE',  ( 1.000000000000004663, 45.65000000000000568, 21.99999999999998579 ) ) ;
#7247 = CARTESIAN_POINT ( 'NONE',  ( 3.499999999999999556, 51.64999999999999858, 56.50000000000000000 ) ) ;
#7248 = FACE_OUTER_BOUND ( 'NONE', #1619, .T. ) ;
#7249 = ORIENTED_EDGE ( 'NONE', *, *, #8890, .T. ) ;
#7250 = CARTESIAN_POINT ( 'NONE',  ( 22.00000000000000000, 28.99999999999999645, -56.99999999999999289 ) ) ;
#7251 = CARTESIAN_POINT ( 'NONE',  ( 11.09705627484790291, 16.00000000000000000, -9.399999999999998579 ) ) ;
#7252 = LINE ( 'NONE', #9608, #9606 ) ;
#7253 = AXIS2_PLACEMENT_3D ( 'NONE', #495, #9475, #3533 ) ;
#7254 = EDGE_LOOP ( 'NONE', ( #7396, #2897, #7850, #2641 ) ) ;
#7255 = CARTESIAN_POINT ( 'NONE',  ( 18.90294372515236176, 16.00000000000000000, -20.59999999999999787 ) ) ;
#7256 = ORIENTED_EDGE ( 'NONE', *, *, #5687, .T. ) ;
#7257 = EDGE_CURVE ( 'NONE', #8156, #1480, #4385, .T. ) ;
#7258 = VERTEX_POINT ( 'NONE', #8283 ) ;
#7259 = FACE_OUTER_BOUND ( 'NONE', #4806, .T. ) ;
#7260 = AXIS2_PLACEMENT_3D ( 'NONE', #6913, #862, #913 ) ;
#7261 = CARTESIAN_POINT ( 'NONE',  ( 7.300000000000174794, 60.00000000000000000, -19.71005050633883826 ) ) ;
#7262 = DIRECTION ( 'NONE',  ( 0.000000000000000000, 0.000000000000000000, -1.000000000000000000 ) ) ;
#7263 = DIRECTION ( 'NONE',  ( 1.000000000000000000, 0.000000000000000000, 0.000000000000000000 ) ) ;
#7264 = CARTESIAN_POINT ( 'NONE',  ( 6.599999999999996980, 4.000000000000000000, -17.78284271247457227 ) ) ;
#7265 = DIRECTION ( 'NONE',  ( 1.000000000000000000, -0.000000000000000000, -0.000000000000000000 ) ) ;
#7266 = CARTESIAN_POINT ( 'NONE',  ( 32.48650156861764060, 51.69427250267735729, 6.878669056190108932 ) ) ;
#7267 = CARTESIAN_POINT ( 'NONE',  ( -1.515185759545640831, 52.04320844712804472, 4.704742206263647475 ) ) ;
#7268 = ORIENTED_EDGE ( 'NONE', *, *, #5372, .F. ) ;
#7269 = DIRECTION ( 'NONE',  ( 0.000000000000000000, 1.000000000000000000, -0.000000000000000000 ) ) ;
#7270 = DIRECTION ( 'NONE',  ( 0.000000000000000000, 1.000000000000000000, 0.000000000000000000 ) ) ;
#7271 = VECTOR ( 'NONE', #3506, 1000.000000000000000 ) ;
#7272 = ORIENTED_EDGE ( 'NONE', *, *, #7212, .F. ) ;
#7273 = EDGE_CURVE ( 'NONE', #1912, #3005, #9784, .T. ) ;
#7274 = ORIENTED_EDGE ( 'NONE', *, *, #278, .F. ) ;
#7275 = CARTESIAN_POINT ( 'NONE',  ( 10.93589265023101831, 40.88943207173354466, -20.76116362461673859 ) ) ;
#7276 = CARTESIAN_POINT ( 'NONE',  ( 7.300000000000169464, 5.212435565298317641, -11.51715728752537871 ) ) ;
#7277 = AXIS2_PLACEMENT_3D ( 'NONE', #3843, #842, #3789 ) ;
#7278 = CARTESIAN_POINT ( 'NONE',  ( 21.40710678118648502, 60.00000000000000000, -19.71005050633883826 ) ) ;
#7279 = LINE ( 'NONE', #4990, #627 ) ;
#7280 = LINE ( 'NONE', #4293, #7305 ) ;
#7281 = LINE ( 'NONE', #7186, #8108 ) ;
#7282 = VECTOR ( 'NONE', #3314, 1000.000000000000000 ) ;
#7283 = ORIENTED_EDGE ( 'NONE', *, *, #7532, .F. ) ;
#7284 = ORIENTED_EDGE ( 'NONE', *, *, #4979, .F. ) ;
#7285 = CARTESIAN_POINT ( 'NONE',  ( 23.20478540516801758, 4.728081338757779584, -12.19636318508763395 ) ) ;
#7286 = LINE ( 'NONE', #4842, #511 ) ;
#7287 = AXIS2_PLACEMENT_3D ( 'NONE', #702, #2396, #6893 ) ;
#7288 = DIRECTION ( 'NONE',  ( 0.000000000000000000, 0.000000000000000000, 1.000000000000000000 ) ) ;
#7289 = DIRECTION ( 'NONE',  ( 1.000000000000000000, -0.000000000000000000, -0.000000000000000000 ) ) ;
#7290 = VERTEX_POINT ( 'NONE', #3587 ) ;
#7291 = ORIENTED_EDGE ( 'NONE', *, *, #401, .T. ) ;
#7292 = EDGE_CURVE ( 'NONE', #7196, #8587, #4288, .T. ) ;
#7293 = ORIENTED_EDGE ( 'NONE', *, *, #9439, .T. ) ;
#7294 = CIRCLE ( 'NONE', #2196, 1.399999999999998579 ) ;
#7295 = ORIENTED_EDGE ( 'NONE', *, *, #1001, .F. ) ;
#7296 = DIRECTION ( 'NONE',  ( -0.7071067811865147101, 0.000000000000000000, 0.7071067811865803243 ) ) ;
#7297 = CARTESIAN_POINT ( 'NONE',  ( 25.29497474683052261, 60.00000000000000000, -19.38786796564398074 ) ) ;
#7298 = DIRECTION ( 'NONE',  ( 0.000000000000000000, 0.000000000000000000, -1.000000000000000000 ) ) ;
#7299 = ORIENTED_EDGE ( 'NONE', *, *, #4208, .T. ) ;
#7300 = DIRECTION ( 'NONE',  ( 0.000000000000000000, 0.000000000000000000, -1.000000000000000000 ) ) ;
#7301 = LINE ( 'NONE', #2710, #7189 ) ;
#7302 = EDGE_CURVE ( 'NONE', #1598, #6227, #9082, .T. ) ;
#7303 = DIRECTION ( 'NONE',  ( -1.000000000000000000, 0.000000000000000000, 8.810015834663948693E-16 ) ) ;
#7304 = VECTOR ( 'NONE', #6895, 1000.000000000000000 ) ;
#7305 = VECTOR ( 'NONE', #2934, 1000.000000000000000 ) ;
#7306 = ORIENTED_EDGE ( 'NONE', *, *, #8294, .F. ) ;
#7307 = EDGE_CURVE ( 'NONE', #6167, #1194, #2935, .T. ) ;
#7308 = B_SPLINE_CURVE_WITH_KNOTS ( 'NONE', 3,
 ( #8959, #7402, #8670, #3610, #6477, #568, #1131, #7916, #344, #6667 ),
 .UNSPECIFIED., .F., .F.,
 ( 4, 2, 2, 2, 4 ),
 ( 5.275955480050202716E-18, 0.0004206773432463496352, 0.0008413546864926940662, 0.001262032029739038226, 0.001682709372985382711 ),
 .UNSPECIFIED. ) ;
#7309 = EDGE_CURVE ( 'NONE', #544, #1236, #7786, .T. ) ;
#7310 = CARTESIAN_POINT ( 'NONE',  ( 27.00000000000000000, 32.00000000000000000, -57.99999999999999289 ) ) ;
#7311 = ORIENTED_EDGE ( 'NONE', *, *, #3779, .F. ) ;
#7312 = VERTEX_POINT ( 'NONE', #6740 ) ;
#7313 = LINE ( 'NONE', #5871, #8384 ) ;
#7314 = CARTESIAN_POINT ( 'NONE',  ( 9.099659145546633354, 5.031351541852575160, -19.20328457960584245 ) ) ;
#7315 = CARTESIAN_POINT ( 'NONE',  ( 15.00000000000000000, 63.00000000000000000, -15.00000000000000355 ) ) ;
#7316 = DIRECTION ( 'NONE',  ( 0.000000000000000000, 1.000000000000000000, 0.000000000000000000 ) ) ;
#7317 = DIRECTION ( 'NONE',  ( -0.7071067811865474617, 0.000000000000000000, 0.7071067811865474617 ) ) ;
#7318 = CARTESIAN_POINT ( 'NONE',  ( -0.4999999999999970024, 51.64999999999999858, 24.99999999999998579 ) ) ;
#7319 = CARTESIAN_POINT ( 'NONE',  ( 31.47400696394016961, 52.06705754540841724, 4.609440131598097956 ) ) ;
#7320 = CARTESIAN_POINT ( 'NONE',  ( 3.499999999999999556, 45.65000000000000568, 56.50000000000000000 ) ) ;
#7321 = VERTEX_POINT ( 'NONE', #7426 ) ;
#7322 = CARTESIAN_POINT ( 'NONE',  ( 15.12225160256499379, 51.31271598880670837, -30.05914720140415852 ) ) ;
#7323 = AXIS2_PLACEMENT_3D ( 'NONE', #2860, #5921, #7358 ) ;
#7324 = CARTESIAN_POINT ( 'NONE',  ( -1.024804724106228804, 52.39149634460044069, 3.538444975564556394 ) ) ;
#7325 = CIRCLE ( 'NONE', #3166, 1.500000000000001332 ) ;
#7326 = ORIENTED_EDGE ( 'NONE', *, *, #1116, .T. ) ;
#7327 = VERTEX_POINT ( 'NONE', #2141 ) ;
#7328 = CYLINDRICAL_SURFACE ( 'NONE', #7253, 1.500000000000001332 ) ;
#7329 = VECTOR ( 'NONE', #168, 1000.000000000000000 ) ;
#7330 = CARTESIAN_POINT ( 'NONE',  ( -0.4999999999999970024, 51.64999999999999858, 55.99999999999998579 ) ) ;
#7331 = EDGE_CURVE ( 'NONE', #5939, #5555, #5197, .T. ) ;
#7332 = CARTESIAN_POINT ( 'NONE',  ( 22.92727907481512162, 25.05100065429762779, -17.96307226133555091 ) ) ;
#7333 = CYLINDRICAL_SURFACE ( 'NONE', #1899, 19.97500000000000142 ) ;
#7334 = DIRECTION ( 'NONE',  ( 1.000000000000000000, 0.000000000000000000, 0.000000000000000000 ) ) ;
#7335 = CARTESIAN_POINT ( 'NONE',  ( 10.28994949366122214, 37.26825771477449223, -21.40710678118653121 ) ) ;
#7336 = STYLED_ITEM ( 'NONE', ( #786 ), #8742 ) ;
#7337 = ORIENTED_EDGE ( 'NONE', *, *, #3584, .T. ) ;
#7338 = VERTEX_POINT ( 'NONE', #197 ) ;
#7339 = EDGE_CURVE ( 'NONE', #9358, #3883, #3960, .T. ) ;
#7340 = DIRECTION ( 'NONE',  ( 0.000000000000000000, 0.000000000000000000, 1.000000000000000000 ) ) ;
#7341 = VECTOR ( 'NONE', #3357, 1000.000000000000114 ) ;
#7342 = DIRECTION ( 'NONE',  ( -1.000000000000000000, 0.000000000000000000, 0.000000000000000000 ) ) ;
#7343 = DIRECTION ( 'NONE',  ( 0.000000000000000000, -1.000000000000000000, 0.000000000000000000 ) ) ;
#7344 = VERTEX_POINT ( 'NONE', #7772 ) ;
#7345 = ORIENTED_EDGE ( 'NONE', *, *, #5249, .T. ) ;
#7346 = CIRCLE ( 'NONE', #1126, 1.399999999999998579 ) ;
#7347 = EDGE_LOOP ( 'NONE', ( #1870, #7399, #6457, #3338 ) ) ;
#7348 = ORIENTED_EDGE ( 'NONE', *, *, #9490, .F. ) ;
#7349 = DIRECTION ( 'NONE',  ( 1.000000000000000000, -0.000000000000000000, -0.000000000000000000 ) ) ;
#7350 = LINE ( 'NONE', #4309, #2855 ) ;
#7351 = DIRECTION ( 'NONE',  ( 1.000000000000000000, -0.000000000000000000, -0.000000000000000000 ) ) ;
#7352 = ORIENTED_EDGE ( 'NONE', *, *, #1748, .F. ) ;
#7353 = CARTESIAN_POINT ( 'NONE',  ( 20.60000000000000142, 4.000000000000000000, -25.29497474683058300 ) ) ;
#7354 = DIRECTION ( 'NONE',  ( 1.000000000000000000, -0.000000000000000000, -0.000000000000000000 ) ) ;
#7355 = CARTESIAN_POINT ( 'NONE',  ( -6.999999999999999112, 16.00000000000000000, -21.99999999999999645 ) ) ;
#7356 = EDGE_CURVE ( 'NONE', #1006, #9589, #2265, .T. ) ;
#7357 = EDGE_LOOP ( 'NONE', ( #8408, #7013, #6920, #8438 ) ) ;
#7358 = DIRECTION ( 'NONE',  ( 1.000000000000000000, 0.000000000000000000, 0.000000000000000000 ) ) ;
#7359 = ORIENTED_EDGE ( 'NONE', *, *, #5988, .T. ) ;
#7360 = CIRCLE ( 'NONE', #2894, 19.99999999999999645 ) ;
#7361 = ORIENTED_EDGE ( 'NONE', *, *, #1609, .F. ) ;
#7362 = CARTESIAN_POINT ( 'NONE',  ( 20.60000000000000142, 4.559407042560324363, -18.90294372515227650 ) ) ;
#7363 = EDGE_CURVE ( 'NONE', #393, #6808, #6237, .T. ) ;
#7364 = LINE ( 'NONE', #3569, #9518 ) ;
#7365 = CARTESIAN_POINT ( 'NONE',  ( 4.705025253169601740, 39.99999999999999289, -19.38786796564397719 ) ) ;
#7366 = PLANE ( 'NONE',  #569 ) ;
#7367 = EDGE_CURVE ( 'NONE', #1086, #3615, #619, .T. ) ;
#7368 = CARTESIAN_POINT ( 'NONE',  ( 8.592893218813633993, 5.268257714774425615, -19.71005050633883826 ) ) ;
#7369 = CARTESIAN_POINT ( 'NONE',  ( -6.999999999999999112, 16.00000000000000000, -20.59999999999999787 ) ) ;
#7370 =( BOUNDED_CURVE ( )  B_SPLINE_CURVE ( 3, ( #2639, #5598, #1948, #7185 ),
 .UNSPECIFIED., .F., .T. ) 
 B_SPLINE_CURVE_WITH_KNOTS ( ( 4, 4 ),
 ( 2.008096404397986312, 3.141592653589793116 ),
 .UNSPECIFIED. ) 
 CURVE ( )  GEOMETRIC_REPRESENTATION_ITEM ( )  RATIONAL_B_SPLINE_CURVE ( ( 1.000000000000000000, 0.8957675578916759473, 0.8957675578916759473, 1.000000000000000000 ) ) 
 REPRESENTATION_ITEM ( '' )  );
#7371 = CARTESIAN_POINT ( 'NONE',  ( -2.505424781374590459, 51.69104135302170278, 6.920147611855819392 ) ) ;
#7372 = ORIENTED_EDGE ( 'NONE', *, *, #4014, .T. ) ;
#7373 = DIRECTION ( 'NONE',  ( 0.000000000000000000, 0.000000000000000000, 1.000000000000000000 ) ) ;
#7374 = DIRECTION ( 'NONE',  ( -1.000000000000000000, 0.000000000000000000, -0.000000000000000000 ) ) ;
#7375 = ORIENTED_EDGE ( 'NONE', *, *, #6837, .F. ) ;
#7376 = VERTEX_POINT ( 'NONE', #2336 ) ;
#7377 = ADVANCED_FACE ( 'NONE', ( #1684 ), #4725, .F. ) ;
#7378 = PLANE ( 'NONE',  #871 ) ;
#7379 = VECTOR ( 'NONE', #7303, 1000.000000000000000 ) ;
#7380 = EDGE_CURVE ( 'NONE', #1460, #7552, #1734, .T. ) ;
#7381 = CARTESIAN_POINT ( 'NONE',  ( 21.40710678118648502, 25.26825771477446381, -19.71005050633883826 ) ) ;
#7382 = DIRECTION ( 'NONE',  ( 0.7071067811865803243, -0.000000000000000000, 0.7071067811865148212 ) ) ;
#7383 = DIRECTION ( 'NONE',  ( 0.000000000000000000, -1.000000000000000000, 0.000000000000000000 ) ) ;
#7384 = LINE ( 'NONE', #9735, #6046 ) ;
#7385 = CARTESIAN_POINT ( 'NONE',  ( 33.00000000000000711, 51.64999999999999858, 3.000000000000003553 ) ) ;
#7386 = CIRCLE ( 'NONE', #2283, 1.399999999999998579 ) ;
#7387 = ORIENTED_EDGE ( 'NONE', *, *, #8250, .F. ) ;
#7388 = ORIENTED_EDGE ( 'NONE', *, *, #6939, .F. ) ;
#7389 = CARTESIAN_POINT ( 'NONE',  ( -0.4999999999999970024, 51.64999999999999858, 54.49999999999998579 ) ) ;
#7390 = CARTESIAN_POINT ( 'NONE',  ( 0.8711456327749533823, 53.50301293196670116, 2.876974191227371858 ) ) ;
#7391 = LINE ( 'NONE', #8140, #1722 ) ;
#7392 = ORIENTED_EDGE ( 'NONE', *, *, #3726, .T. ) ;
#7393 = VERTEX_POINT ( 'NONE', #1595 ) ;
#7394 = EDGE_CURVE ( 'NONE', #4557, #8947, #2051, .T. ) ;
#7395 = ORIENTED_EDGE ( 'NONE', *, *, #3899, .T. ) ;
#7396 = ORIENTED_EDGE ( 'NONE', *, *, #5879, .T. ) ;
#7397 = DIRECTION ( 'NONE',  ( -1.000000000000000000, 0.000000000000000000, 0.000000000000000000 ) ) ;
#7398 = CARTESIAN_POINT ( 'NONE',  ( 28.75237494338664135, 54.18628741051942654, 2.155663442364351923 ) ) ;
#7399 = ORIENTED_EDGE ( 'NONE', *, *, #8393, .T. ) ;
#7400 = CARTESIAN_POINT ( 'NONE',  ( 10.28994949366131095, 17.26825771477451354, -8.592893218813408396 ) ) ;
#7401 = CARTESIAN_POINT ( 'NONE',  ( 19.71005050633878142, 37.21243556529822172, -22.69999999999998863 ) ) ;
#7402 = CARTESIAN_POINT ( 'NONE',  ( 11.65161856668241924, 41.13796940619740639, -7.299999999999950973 ) ) ;
#7403 = DIRECTION ( 'NONE',  ( 0.000000000000000000, 0.000000000000000000, 1.000000000000000000 ) ) ;
#7404 = ORIENTED_EDGE ( 'NONE', *, *, #4028, .T. ) ;
#7405 = VERTEX_POINT ( 'NONE', #4631 ) ;
#7406 = FACE_OUTER_BOUND ( 'NONE', #5592, .T. ) ;
#7407 = CARTESIAN_POINT ( 'NONE',  ( -6.999999999999999112, 16.00000000000000000, -8.000000000000000000 ) ) ;
#7408 = FACE_OUTER_BOUND ( 'NONE', #6450, .T. ) ;
#7409 = FACE_OUTER_BOUND ( 'NONE', #7758, .T. ) ;
#7410 = DIRECTION ( 'NONE',  ( 0.000000000000000000, 1.000000000000000000, -1.734723475976806848E-16 ) ) ;
#7411 = LINE ( 'NONE', #8817, #7997 ) ;
#7412 = CARTESIAN_POINT ( 'NONE',  ( -2.745628264777070449, 51.66080347945600693, 7.445346580547687054 ) ) ;
#7413 = ORIENTED_EDGE ( 'NONE', *, *, #5332, .F. ) ;
#7414 = DIRECTION ( 'NONE',  ( -0.7071067811865475727, 0.000000000000000000, 0.7071067811865475727 ) ) ;
#7415 = CARTESIAN_POINT ( 'NONE',  ( 30.50000000000000355, 45.65000000000000568, 23.49999999999998579 ) ) ;
#7416 = ORIENTED_EDGE ( 'NONE', *, *, #5636, .F. ) ;
#7417 = VECTOR ( 'NONE', #3216, 1000.000000000000000 ) ;
#7418 = ADVANCED_FACE ( 'NONE', ( #4830 ), #5156, .T. ) ;
#7419 = VERTEX_POINT ( 'NONE', #4878 ) ;
#7420 = CARTESIAN_POINT ( 'NONE',  ( 19.71005050633878142, 60.00000000000000000, -22.69999999999998863 ) ) ;
#7421 = LINE ( 'NONE', #4338, #6861 ) ;
#7422 = DIRECTION ( 'NONE',  ( -0.000000000000000000, -0.000000000000000000, 1.000000000000000000 ) ) ;
#7423 = DIRECTION ( 'NONE',  ( -1.000000000000000000, 0.000000000000000000, 0.000000000000000000 ) ) ;
#7424 = AXIS2_PLACEMENT_3D ( 'NONE', #3705, #1315, #5167 ) ;
#7425 = DIRECTION ( 'NONE',  ( -0.000000000000000000, -0.000000000000000000, 1.000000000000000000 ) ) ;
#7426 = CARTESIAN_POINT ( 'NONE',  ( 25.29497474683052616, 36.00000000000000711, -9.399999999999995026 ) ) ;
#7427 = EDGE_CURVE ( 'NONE', #5360, #241, #7918, .T. ) ;
#7428 = EDGE_CURVE ( 'NONE', #6270, #5906, #3271, .T. ) ;
#7429 = VERTEX_POINT ( 'NONE', #2676 ) ;
#7430 = ORIENTED_EDGE ( 'NONE', *, *, #6391, .T. ) ;
#7431 = VECTOR ( 'NONE', #5580, 1000.000000000000000 ) ;
#7432 = CARTESIAN_POINT ( 'NONE',  ( 15.00000000000008171, 60.00000000000000711, -30.00000000000002842 ) ) ;
#7433 = CARTESIAN_POINT ( 'NONE',  ( 6.599999999999996980, 4.000000000000000000, -59.00000000000000000 ) ) ;
#7434 = CARTESIAN_POINT ( 'NONE',  ( 12.21715728752556096, 36.00000000000000711, -23.39999999999999503 ) ) ;
#7435 = CIRCLE ( 'NONE', #3127, 1.400000000000000133 ) ;
#7436 = ORIENTED_EDGE ( 'NONE', *, *, #9381, .T. ) ;
#7437 = EDGE_CURVE ( 'NONE', #1044, #1856, #5413, .T. ) ;
#7438 = VERTEX_POINT ( 'NONE', #685 ) ;
#7439 = ORIENTED_EDGE ( 'NONE', *, *, #7008, .T. ) ;
#7440 = ORIENTED_EDGE ( 'NONE', *, *, #3882, .F. ) ;
#7441 = VECTOR ( 'NONE', #2047, 1000.000000000000000 ) ;
#7442 = CARTESIAN_POINT ( 'NONE',  ( 22.69999999999994955, 0.000000000000000000, -19.71005050633884181 ) ) ;
#7443 = ORIENTED_EDGE ( 'NONE', *, *, #5010, .F. ) ;
#7444 = CYLINDRICAL_SURFACE ( 'NONE', #8542, 1.400000000000000133 ) ;
#7445 = CARTESIAN_POINT ( 'NONE',  ( 4.999999999999998224, 60.00000000000000000, -4.999999999999998224 ) ) ;
#7446 = LINE ( 'NONE', #8247, #3221 ) ;
#7447 = EDGE_CURVE ( 'NONE', #5845, #7103, #4422, .T. ) ;
#7448 = CARTESIAN_POINT ( 'NONE',  ( 15.00000000000000000, 60.00000000000000000, -15.00000000000000355 ) ) ;
#7449 = CARTESIAN_POINT ( 'NONE',  ( 29.50000000000000000, 54.91315789473683395, 0.3473973793351891604 ) ) ;
#7450 = AXIS2_PLACEMENT_3D ( 'NONE', #154, #9329, #2589 ) ;
#7451 = ORIENTED_EDGE ( 'NONE', *, *, #7184, .T. ) ;
#7452 = ORIENTED_EDGE ( 'NONE', *, *, #4250, .T. ) ;
#7453 = FACE_OUTER_BOUND ( 'NONE', #2469, .T. ) ;
#7454 = CARTESIAN_POINT ( 'NONE',  ( 30.00000000000000000, 36.00000000000000711, -7.999999999999994671 ) ) ;
#7455 = CARTESIAN_POINT ( 'NONE',  ( 7.300000000000174794, 60.00000000000000000, -18.48284271247463195 ) ) ;
#7456 = DIRECTION ( 'NONE',  ( 1.000000000000000000, 0.000000000000000000, 0.000000000000000000 ) ) ;
#7457 = VECTOR ( 'NONE', #5752, 1000.000000000000000 ) ;
#7458 = DIRECTION ( 'NONE',  ( 1.000000000000000000, 0.000000000000000000, 0.000000000000000000 ) ) ;
#7459 = VECTOR ( 'NONE', #7425, 1000.000000000000000 ) ;
#7460 = CARTESIAN_POINT ( 'NONE',  ( 17.95348447494152211, 17.05961731129781001, -22.92091699930488602 ) ) ;
#7461 = FACE_OUTER_BOUND ( 'NONE', #523, .T. ) ;
#7462 = ORIENTED_EDGE ( 'NONE', *, *, #4251, .T. ) ;
#7463 = CARTESIAN_POINT ( 'NONE',  ( 1.500000000000001332, 60.00000000000000000, 0.000000000000000000 ) ) ;
#7464 = CARTESIAN_POINT ( 'NONE',  ( 36.00000000000001421, 45.65000000000000568, 3.000000000000003997 ) ) ;
#7465 = ORIENTED_EDGE ( 'NONE', *, *, #8554, .T. ) ;
#7466 = VECTOR ( 'NONE', #6080, 1000.000000000000000 ) ;
#7467 = AXIS2_PLACEMENT_3D ( 'NONE', #5139, #9625, #8823 ) ;
#7468 = VERTEX_POINT ( 'NONE', #6730 ) ;
#7469 = DIRECTION ( 'NONE',  ( -1.000000000000000000, 0.000000000000000000, 0.000000000000000000 ) ) ;
#7470 = DIRECTION ( 'NONE',  ( 0.000000000000000000, 0.000000000000000000, 1.000000000000000000 ) ) ;
#7471 = CARTESIAN_POINT ( 'NONE',  ( 6.105025253169586108, 40.03055035335581380, -17.98786796564399282 ) ) ;
#7472 = CARTESIAN_POINT ( 'NONE',  ( -3.000000000000000000, 60.00000000000000000, -2.999999999999996447 ) ) ;
#7473 = EDGE_CURVE ( 'NONE', #9135, #4302, #539, .T. ) ;
#7474 = CIRCLE ( 'NONE', #470, 1.500000000000001332 ) ;
#7475 = AXIS2_PLACEMENT_3D ( 'NONE', #5892, #3538, #1344 ) ;
#7476 = DIRECTION ( 'NONE',  ( 1.000000000000000000, 0.000000000000000000, 0.000000000000000000 ) ) ;
#7477 = LINE ( 'NONE', #8883, #3951 ) ;
#7478 = EDGE_CURVE ( 'NONE', #1194, #8467, #3724, .T. ) ;
#7479 = CARTESIAN_POINT ( 'NONE',  ( 17.77970381453093651, 44.61561007346444541, -23.35981940648964539 ) ) ;
#7480 = ORIENTED_EDGE ( 'NONE', *, *, #5596, .T. ) ;
#7481 = CIRCLE ( 'NONE', #5736, 1.399999999999998579 ) ;
#7482 = EDGE_LOOP ( 'NONE', ( #9533, #3514, #7754, #8144 ) ) ;
#7483 = VECTOR ( 'NONE', #4038, 1000.000000000000000 ) ;
#7484 = CARTESIAN_POINT ( 'NONE',  ( 19.71005050633884181, 16.00000000000000000, -21.99999999999999645 ) ) ;
#7485 = CARTESIAN_POINT ( 'NONE',  ( 11.27906848551946162, 41.00724144909123225, -5.371961704332732346 ) ) ;
#7486 = EDGE_CURVE ( 'NONE', #1939, #4075, #7628, .T. ) ;
#7487 = EDGE_CURVE ( 'NONE', #65, #897, #4475, .T. ) ;
#7488 = AXIS2_PLACEMENT_3D ( 'NONE', #2135, #5838, #3535 ) ;
#7489 = DIRECTION ( 'NONE',  ( -0.000000000000000000, -0.000000000000000000, 1.000000000000000000 ) ) ;
#7490 = CARTESIAN_POINT ( 'NONE',  ( 10.61213203435614361, 60.00000000000000000, -4.705025253169414334 ) ) ;
#7491 = ORIENTED_EDGE ( 'NONE', *, *, #9688, .F. ) ;
#7492 = ORIENTED_EDGE ( 'NONE', *, *, #8859, .T. ) ;
#7493 = VERTEX_POINT ( 'NONE', #1483 ) ;
#7494 = CIRCLE ( 'NONE', #1760, 3.000000000000002665 ) ;
#7495 = LINE ( 'NONE', #664, #2654 ) ;
#7496 = VERTEX_POINT ( 'NONE', #4522 ) ;
#7497 = ADVANCED_FACE ( 'NONE', ( #9066 ), #6822, .F. ) ;
#7498 = LINE ( 'NONE', #3606, #4241 ) ;
#7499 = EDGE_CURVE ( 'NONE', #131, #3249, #9864, .T. ) ;
#7500 = LINE ( 'NONE', #2952, #8949 ) ;
#7501 = CARTESIAN_POINT ( 'NONE',  ( 30.00000000000000000, 54.65000000000000568, -0.07774721070174327175 ) ) ;
#7502 = CARTESIAN_POINT ( 'NONE',  ( 30.29883315386329201, 53.34363752375366374, 1.532683498945952350 ) ) ;
#7503 = VECTOR ( 'NONE', #1703, 1000.000000000000000 ) ;
#7504 = DIRECTION ( 'NONE',  ( 0.000000000000000000, 0.000000000000000000, -1.000000000000000000 ) ) ;
#7505 = EDGE_LOOP ( 'NONE', ( #8182, #2585 ) ) ;
#7506 = EDGE_CURVE ( 'NONE', #2143, #9589, #5936, .T. ) ;
#7507 = ORIENTED_EDGE ( 'NONE', *, *, #2281, .T. ) ;
#7508 = FACE_BOUND ( 'NONE', #6495, .T. ) ;
#7509 = CARTESIAN_POINT ( 'NONE',  ( 7.300000000000174794, 40.13269016701055847, -18.48284271247462840 ) ) ;
#7510 = CARTESIAN_POINT ( 'NONE',  ( 30.00000000000000000, 16.00000000000000000, -21.99999999999999645 ) ) ;
#7511 = CARTESIAN_POINT ( 'NONE',  ( 6.599999999999996980, 4.000000000000000000, -59.00000000000000000 ) ) ;
#7512 = DIRECTION ( 'NONE',  ( 0.000000000000000000, -1.000000000000000000, 0.000000000000000000 ) ) ;
#7513 = LINE ( 'NONE', #4562, #3988 ) ;
#7514 = CARTESIAN_POINT ( 'NONE',  ( -3.000000000000011990, 45.65000000000000568, 3.000000000000003553 ) ) ;
#7515 = CARTESIAN_POINT ( 'NONE',  ( -0.1683865710970647855, 53.65747529210783995, 1.060468795401237951 ) ) ;
#7516 = VERTEX_POINT ( 'NONE', #731 ) ;
#7517 = FACE_OUTER_BOUND ( 'NONE', #5411, .T. ) ;
#7518 = CARTESIAN_POINT ( 'NONE',  ( 7.999999999999998224, 24.00000000000000000, -59.00000000000000000 ) ) ;
#7519 = ORIENTED_EDGE ( 'NONE', *, *, #5907, .F. ) ;
#7520 = CIRCLE ( 'NONE', #3537, 1.399999999999998579 ) ;
#7521 = ADVANCED_FACE ( 'NONE', ( #2969 ), #3678, .F. ) ;
#7522 = ORIENTED_EDGE ( 'NONE', *, *, #8310, .T. ) ;
#7523 = DIRECTION ( 'NONE',  ( 0.000000000000000000, 0.000000000000000000, -1.000000000000000000 ) ) ;
#7524 = DIRECTION ( 'NONE',  ( -0.000000000000000000, -0.000000000000000000, 1.000000000000000000 ) ) ;
#7525 = FACE_OUTER_BOUND ( 'NONE', #9639, .T. ) ;
#7526 = AXIS2_PLACEMENT_3D ( 'NONE', #5488, #190, #3218 ) ;
#7527 = VERTEX_POINT ( 'NONE', #7464 ) ;
#7528 = CARTESIAN_POINT ( 'NONE',  ( 30.00000000000000000, 26.00000000000000355, -28.49999999999999645 ) ) ;
#7529 = CARTESIAN_POINT ( 'NONE',  ( 10.28994949366131095, 14.73174228522548823, -8.592893218813408396 ) ) ;
#7530 = DIRECTION ( 'NONE',  ( -1.000000000000000000, 0.000000000000000000, -0.000000000000000000 ) ) ;
#7531 = ORIENTED_EDGE ( 'NONE', *, *, #1046, .T. ) ;
#7532 = EDGE_CURVE ( 'NONE', #7527, #7672, #3019, .T. ) ;
#7533 = AXIS2_PLACEMENT_3D ( 'NONE', #421, #2760, #9500 ) ;
#7534 = ORIENTED_EDGE ( 'NONE', *, *, #5847, .F. ) ;
#7535 = DIRECTION ( 'NONE',  ( 0.000000000000000000, 0.000000000000000000, 1.000000000000000000 ) ) ;
#7536 = CARTESIAN_POINT ( 'NONE',  ( 22.69999999999993179, 2.787564434701754301, -18.32850920836597197 ) ) ;
#7537 = DIRECTION ( 'NONE',  ( 0.000000000000000000, 1.000000000000000000, 0.000000000000000000 ) ) ;
#7538 = VECTOR ( 'NONE', #7891, 1000.000000000000000 ) ;
#7539 = CARTESIAN_POINT ( 'NONE',  ( 1.377365131763063744, 54.56077461740182599, 1.827485586088097635 ) ) ;
#7540 = DIRECTION ( 'NONE',  ( 6.938893903907232322E-16, 0.000000000000000000, -1.000000000000000000 ) ) ;
#7541 = ADVANCED_FACE ( 'NONE', ( #6031, #2925, #2175, #2228, #9119 ), #5086, .T. ) ;
#7542 = EDGE_LOOP ( 'NONE', ( #7601, #1510, #181, #1031, #1855, #1936, #3257, #640, #4062, #6344 ) ) ;
#7543 = ORIENTED_EDGE ( 'NONE', *, *, #8702, .F. ) ;
#7544 = ORIENTED_EDGE ( 'NONE', *, *, #5088, .F. ) ;
#7545 = ADVANCED_FACE ( 'NONE', ( #3577 ), #8269, .T. ) ;
#7546 = CARTESIAN_POINT ( 'NONE',  ( 30.50000000000000355, 45.65000000000000568, 54.49999999999998579 ) ) ;
#7547 = ORIENTED_EDGE ( 'NONE', *, *, #7309, .T. ) ;
#7548 = CARTESIAN_POINT ( 'NONE',  ( 27.00000000000000000, 47.00000000000000000, -59.00000000000000000 ) ) ;
#7549 = FACE_BOUND ( 'NONE', #4400, .T. ) ;
#7550 = CARTESIAN_POINT ( 'NONE',  ( 30.00001150031767239, 54.52044689577774506, 0.04254504593968769233 ) ) ;
#7551 = CARTESIAN_POINT ( 'NONE',  ( 4.705025253169601740, 60.00000000000000000, -5.000000000000000888 ) ) ;
#7552 = VERTEX_POINT ( 'NONE', #8170 ) ;
#7553 = B_SPLINE_CURVE_WITH_KNOTS ( 'NONE', 3,
 ( #2447, #8631, #1605, #7878, #251, #5502, #1043, #8531, #8437, #3937, #9188, #2543, #7690, #3284, #1795, #7134 ),
 .UNSPECIFIED., .F., .F.,
 ( 4, 2, 2, 2, 2, 2, 2, 4 ),
 ( 0.000000000000000000, 0.0009824168861341762982, 0.001964833772268352596, 0.002947250658402529328, 0.003929667544536705193, 0.005894501316805054320, 0.006876918202939228016, 0.007859335089073401712 ),
 .UNSPECIFIED. ) ;
#7554 = ORIENTED_EDGE ( 'NONE', *, *, #7486, .F. ) ;
#7555 = CARTESIAN_POINT ( 'NONE',  ( 7.300000000000174794, 60.00000000000000000, -19.71005050633883826 ) ) ;
#7556 = CYLINDRICAL_SURFACE ( 'NONE', #4727, 1.399999999999998579 ) ;
#7557 = CYLINDRICAL_SURFACE ( 'NONE', #6433, 2.000000000000001776 ) ;
#7558 = CARTESIAN_POINT ( 'NONE',  ( 15.00000000000000000, 63.00000000000000000, -15.00000000000000355 ) ) ;
#7559 = CARTESIAN_POINT ( 'NONE',  ( 7.300000000000174794, 5.212435565298317641, -59.00000000000000000 ) ) ;
#7560 = CARTESIAN_POINT ( 'NONE',  ( 6.599999999999996980, 3.848650766666677381, -12.21715728752533181 ) ) ;
#7561 = ORIENTED_EDGE ( 'NONE', *, *, #1959, .F. ) ;
#7562 = CARTESIAN_POINT ( 'NONE',  ( 17.78284271247460424, 36.00000000000000711, -6.599999999999994316 ) ) ;
#7563 = CARTESIAN_POINT ( 'NONE',  ( 11.51715728752552970, 0.000000000000000000, -7.299999999999952749 ) ) ;
#7564 = EDGE_LOOP ( 'NONE', ( #332, #3840, #7566, #5504, #489, #8856, #7195, #6221, #2291, #6720 ) ) ;
#7565 = EDGE_CURVE ( 'NONE', #5496, #440, #8975, .T. ) ;
#7566 = ORIENTED_EDGE ( 'NONE', *, *, #6410, .T. ) ;
#7567 = DIRECTION ( 'NONE',  ( 0.000000000000000000, 0.000000000000000000, 1.000000000000000000 ) ) ;
#7568 = DIRECTION ( 'NONE',  ( 0.000000000000000000, 1.000000000000000000, -0.000000000000000000 ) ) ;
#7569 = PLANE ( 'NONE',  #2261 ) ;
#7570 = CARTESIAN_POINT ( 'NONE',  ( 11.09705627484789936, 36.00000000000000711, -9.399999999999995026 ) ) ;
#7571 = ORIENTED_EDGE ( 'NONE', *, *, #3827, .T. ) ;
#7572 = DIRECTION ( 'NONE',  ( -1.000000000000000000, 0.000000000000000000, 0.000000000000000000 ) ) ;
#7573 = EDGE_CURVE ( 'NONE', #2561, #4302, #6994, .T. ) ;
#7574 = FACE_OUTER_BOUND ( 'NONE', #1380, .T. ) ;
#7575 = CARTESIAN_POINT ( 'NONE',  ( 30.50000000000000355, 45.65000000000000568, 52.99999999999998579 ) ) ;
#7576 = VECTOR ( 'NONE', #4284, 1000.000000000000000 ) ;
#7577 = ORIENTED_EDGE ( 'NONE', *, *, #784, .T. ) ;
#7578 = ORIENTED_EDGE ( 'NONE', *, *, #8556, .F. ) ;
#7579 = CARTESIAN_POINT ( 'NONE',  ( 30.50000000000000355, 51.64999999999999858, 21.99999999999998579 ) ) ;
#7580 = DIRECTION ( 'NONE',  ( 0.000000000000000000, 0.000000000000000000, 1.000000000000000000 ) ) ;
#7581 = CARTESIAN_POINT ( 'NONE',  ( 1.000000000000004663, 51.64999999999999858, 23.49999999999998579 ) ) ;
#7582 = VECTOR ( 'NONE', #9465, 1000.000000000000000 ) ;
#7583 = CARTESIAN_POINT ( 'NONE',  ( 7.300000000000188116, 25.21243556529832830, -18.32829755247197667 ) ) ;
#7584 = CARTESIAN_POINT ( 'NONE',  ( 23.57893150853081110, 52.59217487081254205, -12.19971650249964767 ) ) ;
#7585 = CARTESIAN_POINT ( 'NONE',  ( 10.50000000000013500, 10.00000000000000178, -15.00000000000000000 ) ) ;
#7586 = ORIENTED_EDGE ( 'NONE', *, *, #4197, .F. ) ;
#7587 = AXIS2_PLACEMENT_3D ( 'NONE', #8303, #7593, #3803 ) ;
#7588 = ORIENTED_EDGE ( 'NONE', *, *, #6898, .T. ) ;
#7589 = B_SPLINE_CURVE_WITH_KNOTS ( 'NONE', 3,
 ( #8169, #8119, #7322, #2874, #585, #8873, #5935, #2028, #8017, #9576, #9721, #538, #3626, #2675 ),
 .UNSPECIFIED., .F., .F.,
 ( 4, 2, 2, 2, 2, 2, 4 ),
 ( -1.788854973358724012E-05, 0.001955856176183426096, 0.003929600902100435257, 0.004916473265058946343, 0.005903345628017462633, 0.006890217990975978923, 0.007877090353934494346 ),
 .UNSPECIFIED. ) ;
#7590 = VERTEX_POINT ( 'NONE', #5186 ) ;
#7591 = LINE ( 'NONE', #3896, #7614 ) ;
#7592 = VERTEX_POINT ( 'NONE', #6683 ) ;
#7593 = DIRECTION ( 'NONE',  ( 0.000000000000000000, 1.000000000000000000, 0.000000000000000000 ) ) ;
#7594 = DIRECTION ( 'NONE',  ( 1.000000000000000000, 0.000000000000000000, 0.000000000000000000 ) ) ;
#7595 = AXIS2_PLACEMENT_3D ( 'NONE', #2619, #3312, #3414 ) ;
#7596 = EDGE_CURVE ( 'NONE', #3802, #4944, #8213, .T. ) ;
#7597 = CARTESIAN_POINT ( 'NONE',  ( 4.705025253169601740, 60.00000000000000000, -4.705025253169409005 ) ) ;
#7598 =( BOUNDED_CURVE ( )  B_SPLINE_CURVE ( 3, ( #4443, #2098, #7485, #655 ),
 .UNSPECIFIED., .F., .T. ) 
 B_SPLINE_CURVE_WITH_KNOTS ( ( 4, 4 ),
 ( 4.354170238248768143, 4.412561551205861576 ),
 .UNSPECIFIED. ) 
 CURVE ( )  GEOMETRIC_REPRESENTATION_ITEM ( )  RATIONAL_B_SPLINE_CURVE ( ( 1.000000000000000000, 0.9997158913959804938, 0.9997158913959804938, 1.000000000000000000 ) ) 
 REPRESENTATION_ITEM ( '' )  );
#7599 = ADVANCED_FACE ( 'NONE', ( #7760 ), #8361, .F. ) ;
#7600 = DIRECTION ( 'NONE',  ( 1.000000000000000000, 0.000000000000000000, -8.810015834663948693E-16 ) ) ;
#7601 = ORIENTED_EDGE ( 'NONE', *, *, #7331, .F. ) ;
#7602 = AXIS2_PLACEMENT_3D ( 'NONE', #7454, #2961, #1325 ) ;
#7603 = EDGE_LOOP ( 'NONE', ( #7715, #7492, #3543, #3786, #1613 ) ) ;
#7604 = FACE_OUTER_BOUND ( 'NONE', #761, .T. ) ;
#7605 =( NAMED_UNIT ( * ) PLANE_ANGLE_UNIT ( ) SI_UNIT ( $, .RADIAN. ) );
#7606 = EDGE_CURVE ( 'NONE', #3884, #8734, #6225, .T. ) ;
#7607 = PLANE ( 'NONE',  #4409 ) ;
#7608 = CYLINDRICAL_SURFACE ( 'NONE', #5797, 1.400000000000000133 ) ;
#7609 = DIRECTION ( 'NONE',  ( -0.000000000000000000, -1.000000000000000000, -0.000000000000000000 ) ) ;
#7610 = FACE_OUTER_BOUND ( 'NONE', #5439, .T. ) ;
#7611 = PLANE ( 'NONE',  #8804 ) ;
#7612 = EDGE_CURVE ( 'NONE', #6255, #5153, #3966, .T. ) ;
#7613 = ADVANCED_FACE ( 'NONE', ( #8559 ), #1530, .F. ) ;
#7614 = VECTOR ( 'NONE', #2451, 1000.000000000000000 ) ;
#7615 = ORIENTED_EDGE ( 'NONE', *, *, #9503, .T. ) ;
#7616 = CYLINDRICAL_SURFACE ( 'NONE', #5570, 1.500000000000001332 ) ;
#7617 = CARTESIAN_POINT ( 'NONE',  ( 18.48284271247459642, 14.78756443470181559, -7.299999999999950973 ) ) ;
#7618 = VERTEX_POINT ( 'NONE', #7617 ) ;
#7619 = ORIENTED_EDGE ( 'NONE', *, *, #4690, .T. ) ;
#7620 = VECTOR ( 'NONE', #2286, 1000.000000000000000 ) ;
#7621 = CYLINDRICAL_SURFACE ( 'NONE', #8056, 1.499999999999997780 ) ;
#7622 = DIRECTION ( 'NONE',  ( -0.000000000000000000, -1.000000000000000000, -0.000000000000000000 ) ) ;
#7623 = LINE ( 'NONE', #6829, #2580 ) ;
#7624 = LINE ( 'NONE', #2184, #5552 ) ;
#7625 = ORIENTED_EDGE ( 'NONE', *, *, #4501, .F. ) ;
#7626 = CYLINDRICAL_SURFACE ( 'NONE', #3330, 0.7000000000000009548 ) ;
#7627 = CARTESIAN_POINT ( 'NONE',  ( 10.50000000000013856, 0.000000000000000000, -17.80294372515233547 ) ) ;
#7628 = CIRCLE ( 'NONE', #1090, 2.499999999999996891 ) ;
#7629 = CARTESIAN_POINT ( 'NONE',  ( 20.83090141655195637, 47.73632044156009613, -19.13384514170425277 ) ) ;
#7630 = VECTOR ( 'NONE', #8179, 1000.000000000000000 ) ;
#7631 = ORIENTED_EDGE ( 'NONE', *, *, #3085, .T. ) ;
#7632 = VERTEX_POINT ( 'NONE', #970 ) ;
#7633 = DIRECTION ( 'NONE',  ( 0.000000000000000000, 1.000000000000000000, 0.000000000000000000 ) ) ;
#7634 = AXIS2_PLACEMENT_3D ( 'NONE', #5731, #7270, #6534 ) ;
#7635 = CARTESIAN_POINT ( 'NONE',  ( 18.48284271247459998, 0.000000000000000000, -6.599999999999957012 ) ) ;
#7636 = LINE ( 'NONE', #2295, #5901 ) ;
#7637 = CIRCLE ( 'NONE', #4930, 19.99999999999999645 ) ;
#7638 = FACE_OUTER_BOUND ( 'NONE', #608, .T. ) ;
#7639 = CARTESIAN_POINT ( 'NONE',  ( -0.1915665434111465948, 52.47650752541697017, 4.455255857246348761 ) ) ;
#7640 = DIRECTION ( 'NONE',  ( 1.000000000000000000, -0.000000000000000000, 6.188934370712447864E-16 ) ) ;
#7641 = EDGE_CURVE ( 'NONE', #1856, #1044, #3165, .T. ) ;
#7642 = VERTEX_POINT ( 'NONE', #4712 ) ;
#7643 = CIRCLE ( 'NONE', #5261, 1.400000000000001021 ) ;
#7644 = AXIS2_PLACEMENT_3D ( 'NONE', #1947, #3484, #3634 ) ;
#7645 = VERTEX_POINT ( 'NONE', #919 ) ;
#7646 = EDGE_LOOP ( 'NONE', ( #8231, #8757, #4556, #1112 ) ) ;
#7647 = EDGE_CURVE ( 'NONE', #6838, #7376, #83, .T. ) ;
#7648 = EDGE_CURVE ( 'NONE', #2493, #1652, #7714, .T. ) ;
#7649 = CYLINDRICAL_SURFACE ( 'NONE', #8567, 1.500000000000001332 ) ;
#7650 = CARTESIAN_POINT ( 'NONE',  ( 15.00000000000008171, 70.00000000000000000, -30.00000000000002842 ) ) ;
#7651 = AXIS2_PLACEMENT_3D ( 'NONE', #6429, #9420, #8197 ) ;
#7652 = DIRECTION ( 'NONE',  ( 0.000000000000000000, 0.000000000000000000, 1.000000000000000000 ) ) ;
#7653 = CARTESIAN_POINT ( 'NONE',  ( 23.39999999999999858, 24.00000000000000000, -12.21715728752533359 ) ) ;
#7654 = ORIENTED_EDGE ( 'NONE', *, *, #4406, .F. ) ;
#7655 = AXIS2_PLACEMENT_3D ( 'NONE', #5941, #8780, #7470 ) ;
#7656 = ADVANCED_FACE ( 'NONE', ( #2374 ), #3162, .F. ) ;
#7657 = ORIENTED_EDGE ( 'NONE', *, *, #2730, .T. ) ;
#7658 = LINE ( 'NONE', #1664, #2919 ) ;
#7659 = CARTESIAN_POINT ( 'NONE',  ( 23.20478540516801758, 24.72808133875777514, -12.19636318508763395 ) ) ;
#7660 = DIRECTION ( 'NONE',  ( 1.000000000000000000, -0.000000000000000000, -0.000000000000000000 ) ) ;
#7661 = CARTESIAN_POINT ( 'NONE',  ( -0.4999999999999970024, 45.65000000000000568, 24.99999999999998579 ) ) ;
#7662 = CARTESIAN_POINT ( 'NONE',  ( 0.000000000000000000, 54.65000000000000568, -2.999999999999996447 ) ) ;
#7663 = CARTESIAN_POINT ( 'NONE',  ( 6.625243008437314174, 3.695321738145954882, -12.21838400667453861 ) ) ;
#7664 = AXIS2_PLACEMENT_3D ( 'NONE', #5776, #4272, #7317 ) ;
#7665 = ORIENTED_EDGE ( 'NONE', *, *, #2837, .T. ) ;
#7666 = CARTESIAN_POINT ( 'NONE',  ( 22.69999999999995666, 22.78756443470176407, -10.28994949366116884 ) ) ;
#7667 = CARTESIAN_POINT ( 'NONE',  ( 12.03637771049947247, 14.94843003901032397, -22.92664606716944320 ) ) ;
#7668 = ORIENTED_EDGE ( 'NONE', *, *, #9425, .T. ) ;
#7669 = EDGE_CURVE ( 'NONE', #2569, #8661, #2376, .T. ) ;
#7670 = AXIS2_PLACEMENT_3D ( 'NONE', #3659, #8304, #7652 ) ;
#7671 = EDGE_CURVE ( 'NONE', #4658, #8744, #779, .T. ) ;
#7672 = VERTEX_POINT ( 'NONE', #227 ) ;
#7673 = DIRECTION ( 'NONE',  ( 0.000000000000000000, 0.000000000000000000, 1.000000000000000000 ) ) ;
#7674 = EDGE_CURVE ( 'NONE', #2338, #7516, #39, .T. ) ;
#7675 = SURFACE_STYLE_USAGE ( .BOTH. , #9822 ) ;
#7676 = CARTESIAN_POINT ( 'NONE',  ( -0.4999999999999970024, 51.64999999999999858, 23.49999999999998579 ) ) ;
#7677 = LINE ( 'NONE', #831, #9373 ) ;
#7678 = ORIENTED_EDGE ( 'NONE', *, *, #8132, .T. ) ;
#7679 = FACE_OUTER_BOUND ( 'NONE', #3425, .T. ) ;
#7680 = DIRECTION ( 'NONE',  ( 0.000000000000000000, 0.000000000000000000, 1.000000000000000000 ) ) ;
#7681 = CARTESIAN_POINT ( 'NONE',  ( 1.499982749523469661, 55.27582765782452867, 1.298985301843940565 ) ) ;
#7682 = EDGE_CURVE ( 'NONE', #6684, #7468, #133, .T. ) ;
#7683 = EDGE_CURVE ( 'NONE', #74, #3355, #868, .T. ) ;
#7684 = ORIENTED_EDGE ( 'NONE', *, *, #1046, .F. ) ;
#7685 = ORIENTED_EDGE ( 'NONE', *, *, #9343, .F. ) ;
#7686 = CARTESIAN_POINT ( 'NONE',  ( 29.75684152239196933, 48.97212936489249557, -30.00000000000000355 ) ) ;
#7687 = CARTESIAN_POINT ( 'NONE',  ( 8.592893218813628664, 0.000000000000000000, -10.28994949366116352 ) ) ;
#7688 = CARTESIAN_POINT ( 'NONE',  ( 23.89497474683053824, 53.44409202957850624, -12.01213203435591836 ) ) ;
#7689 = CARTESIAN_POINT ( 'NONE',  ( -0.7340795613882667991, 52.16546227981620376, 5.174790286519376892 ) ) ;
#7690 = CARTESIAN_POINT ( 'NONE',  ( 15.12032540147679605, 26.68366805285916499, -30.07385416398616584 ) ) ;
#7691 = ORIENTED_EDGE ( 'NONE', *, *, #1610, .F. ) ;
#7692 = AXIS2_PLACEMENT_3D ( 'NONE', #3963, #7016, #3206 ) ;
#7693 = ORIENTED_EDGE ( 'NONE', *, *, #2169, .F. ) ;
#7694 = EDGE_CURVE ( 'NONE', #2803, #3867, #2779, .T. ) ;
#7695 = VERTEX_POINT ( 'NONE', #1868 ) ;
#7696 = DIRECTION ( 'NONE',  ( 2.683475248743013296E-15, -0.000000000000000000, 1.000000000000000000 ) ) ;
#7697 = EDGE_LOOP ( 'NONE', ( #8709, #983 ) ) ;
#7698 = CIRCLE ( 'NONE', #6746, 1.400000000000000133 ) ;
#7699 = DIRECTION ( 'NONE',  ( 1.000000000000000000, 0.000000000000000000, -0.000000000000000000 ) ) ;
#7700 = DIRECTION ( 'NONE',  ( -0.000000000000000000, 1.000000000000000000, -0.000000000000000000 ) ) ;
#7701 = CARTESIAN_POINT ( 'NONE',  ( 33.00000000000000000, 51.64999999999999147, 7.999999999999998224 ) ) ;
#7702 = EDGE_CURVE ( 'NONE', #74, #6549, #3459, .T. ) ;
#7703 = ORIENTED_EDGE ( 'NONE', *, *, #9151, .T. ) ;
#7704 = AXIS2_PLACEMENT_3D ( 'NONE', #218, #9302, #2460 ) ;
#7705 = VERTEX_POINT ( 'NONE', #1216 ) ;
#7706 = CARTESIAN_POINT ( 'NONE',  ( 18.48284271247456090, 14.78756443470178361, -22.69999999999998863 ) ) ;
#7707 = CARTESIAN_POINT ( 'NONE',  ( 23.37482759074413607, 24.30447419218125304, -12.21839180194909957 ) ) ;
#7708 = ORIENTED_EDGE ( 'NONE', *, *, #1328, .F. ) ;
#7709 = LINE ( 'NONE', #6815, #4879 ) ;
#7710 = CARTESIAN_POINT ( 'NONE',  ( 20.60000000000000142, 24.00000000000000000, -18.90294372515227650 ) ) ;
#7711 = CARTESIAN_POINT ( 'NONE',  ( 17.77960743825996559, 44.61553061195159842, -6.562533482929767459 ) ) ;
#7712 = VERTEX_POINT ( 'NONE', #9407 ) ;
#7713 = DIRECTION ( 'NONE',  ( 1.000000000000000000, 0.000000000000000000, 0.000000000000000000 ) ) ;
#7714 = LINE ( 'NONE', #8510, #4127 ) ;
#7715 = ORIENTED_EDGE ( 'NONE', *, *, #7181, .F. ) ;
#7716 = ORIENTED_EDGE ( 'NONE', *, *, #6398, .F. ) ;
#7717 = PLANE ( 'NONE',  #8810 ) ;
#7718 = PLANE ( 'NONE',  #5836 ) ;
#7719 = DIRECTION ( 'NONE',  ( 0.000000000000000000, 0.000000000000000000, 1.000000000000000000 ) ) ;
#7720 = CARTESIAN_POINT ( 'NONE',  ( 30.31043797964023412, 53.32097553806612211, 1.570332152365560008 ) ) ;
#7721 = ORIENTED_EDGE ( 'NONE', *, *, #4055, .T. ) ;
#7722 = CYLINDRICAL_SURFACE ( 'NONE', #8289, 1.399999999999998579 ) ;
#7723 = EDGE_CURVE ( 'NONE', #5241, #9338, #6988, .T. ) ;
#7724 = CARTESIAN_POINT ( 'NONE',  ( 11.09705627484790291, 15.44059295743963034, -9.400000000000000355 ) ) ;
#7725 = CARTESIAN_POINT ( 'NONE',  ( 1.441801589431179753, 54.81281182981597766, 1.625280619630221413 ) ) ;
#7726 = EDGE_CURVE ( 'NONE', #217, #4451, #7109, .T. ) ;
#7727 = ORIENTED_EDGE ( 'NONE', *, *, #9392, .T. ) ;
#7728 = VERTEX_POINT ( 'NONE', #4164 ) ;
#7729 = DIRECTION ( 'NONE',  ( 0.000000000000000000, 0.000000000000000000, 1.000000000000000000 ) ) ;
#7730 = DIRECTION ( 'NONE',  ( 0.000000000000000000, 1.000000000000000000, -0.000000000000000000 ) ) ;
#7731 = DIRECTION ( 'NONE',  ( -1.166200656118861713E-16, 0.000000000000000000, 1.000000000000000000 ) ) ;
#7732 = VECTOR ( 'NONE', #7349, 1000.000000000000000 ) ;
#7733 = EDGE_CURVE ( 'NONE', #317, #6208, #4059, .T. ) ;
#7734 = EDGE_CURVE ( 'NONE', #8191, #7468, #9346, .T. ) ;
#7735 = CARTESIAN_POINT ( 'NONE',  ( -0.2979177487107758648, 52.40702507419348422, 4.599098148644648276 ) ) ;
#7736 = CARTESIAN_POINT ( 'NONE',  ( 23.89497474683053824, 0.000000000000000000, -12.01213203435592014 ) ) ;
#7737 = ORIENTED_EDGE ( 'NONE', *, *, #412, .F. ) ;
#7738 = VERTEX_POINT ( 'NONE', #7310 ) ;
#7739 = VERTEX_POINT ( 'NONE', #7901 ) ;
#7740 = CIRCLE ( 'NONE', #7260, 3.000000000000000000 ) ;
#7741 = CARTESIAN_POINT ( 'NONE',  ( 12.18937538807555931, 16.72271101082510469, -6.798598713709892216 ) ) ;
#7742 = EDGE_LOOP ( 'NONE', ( #3456, #171 ) ) ;
#7743 = CYLINDRICAL_SURFACE ( 'NONE', #967, 1.399999999999998579 ) ;
#7744 = EDGE_CURVE ( 'NONE', #1554, #8508, #476, .T. ) ;
#7745 = CARTESIAN_POINT ( 'NONE',  ( 11.09705627484776080, 16.00000000000000000, -20.59999999999999787 ) ) ;
#7746 = DIRECTION ( 'NONE',  ( 0.000000000000000000, 0.000000000000000000, -1.000000000000000000 ) ) ;
#7747 = AXIS2_PLACEMENT_3D ( 'NONE', #3000, #6062, #1873 ) ;
#7748 = ORIENTED_EDGE ( 'NONE', *, *, #6451, .F. ) ;
#7749 = ORIENTED_EDGE ( 'NONE', *, *, #5244, .T. ) ;
#7750 = ORIENTED_EDGE ( 'NONE', *, *, #8597, .F. ) ;
#7751 = CARTESIAN_POINT ( 'NONE',  ( 19.71005050633881339, 14.78756443470183690, -7.299999999999916334 ) ) ;
#7752 = CIRCLE ( 'NONE', #425, 0.7000000000000027311 ) ;
#7753 = DIRECTION ( 'NONE',  ( -1.000000000000000000, 0.000000000000000000, 0.000000000000000000 ) ) ;
#7754 = ORIENTED_EDGE ( 'NONE', *, *, #1940, .F. ) ;
#7755 = PLANE ( 'NONE',  #2159 ) ;
#7756 = CARTESIAN_POINT ( 'NONE',  ( 17.96362628520685334, 34.94837507499683227, -7.073392686021040987 ) ) ;
#7757 = CARTESIAN_POINT ( 'NONE',  ( 29.00000000000000000, 45.65000000000000568, 21.99999999999998579 ) ) ;
#7758 = EDGE_LOOP ( 'NONE', ( #2505, #8964, #4408, #4453 ) ) ;
#7759 = CARTESIAN_POINT ( 'NONE',  ( 17.79368335179886174, 16.58960378116877976, -6.727976557960171355 ) ) ;
#7760 = FACE_OUTER_BOUND ( 'NONE', #795, .T. ) ;
#7761 = AXIS2_PLACEMENT_3D ( 'NONE', #3761, #2866, #5823 ) ;
#7762 = VERTEX_POINT ( 'NONE', #4212 ) ;
#7763 = ORIENTED_EDGE ( 'NONE', *, *, #6993, .F. ) ;
#7764 = EDGE_CURVE ( 'NONE', #5638, #7632, #5715, .T. ) ;
#7765 = CARTESIAN_POINT ( 'NONE',  ( 23.24401215325130821, 51.80396794100085600, -17.79814328543169566 ) ) ;
#7766 = CARTESIAN_POINT ( 'NONE',  ( 28.50000000000001066, 27.49999999999998934, -30.40192378864668044 ) ) ;
#7767 = CARTESIAN_POINT ( 'NONE',  ( 6.599999999999578648, 40.06410272899638869, -12.21715728753089891 ) ) ;
#7768 = DIRECTION ( 'NONE',  ( -0.000000000000000000, -1.000000000000000000, -0.000000000000000000 ) ) ;
#7769 = DIRECTION ( 'NONE',  ( 0.000000000000000000, 1.000000000000000000, -0.000000000000000000 ) ) ;
#7770 = DIRECTION ( 'NONE',  ( 1.000000000000000000, 0.000000000000000000, -6.188934370712449836E-16 ) ) ;
#7771 = FACE_OUTER_BOUND ( 'NONE', #5562, .T. ) ;
#7772 = CARTESIAN_POINT ( 'NONE',  ( 19.99999999999999645, 32.00000000000000711, -43.00000000000000000 ) ) ;
#7773 = VERTEX_POINT ( 'NONE', #9504 ) ;
#7774 = EDGE_CURVE ( 'NONE', #3498, #5438, #9558, .T. ) ;
#7775 = VERTEX_POINT ( 'NONE', #2714 ) ;
#7776 = CYLINDRICAL_SURFACE ( 'NONE', #6301, 1.500000000000001332 ) ;
#7777 = PLANE ( 'NONE',  #3977 ) ;
#7778 = CARTESIAN_POINT ( 'NONE',  ( 0.000000000000000000, 0.000000000000000000, -28.50000000000001066 ) ) ;
#7779 = VECTOR ( 'NONE', #4541, 1000.000000000000000 ) ;
#7780 = EDGE_CURVE ( 'NONE', #7787, #956, #5418, .T. ) ;
#7781 = VECTOR ( 'NONE', #5419, 1000.000000000000000 ) ;
#7782 = CARTESIAN_POINT ( 'NONE',  ( 7.300000000000174794, 2.787564434701682803, -18.48284271247463550 ) ) ;
#7783 = DIRECTION ( 'NONE',  ( 0.000000000000000000, 0.000000000000000000, -1.000000000000000000 ) ) ;
#7784 = ORIENTED_EDGE ( 'NONE', *, *, #5907, .T. ) ;
#7785 = VERTEX_POINT ( 'NONE', #9357 ) ;
#7786 = CIRCLE ( 'NONE', #4755, 1.400000000000000133 ) ;
#7787 = VERTEX_POINT ( 'NONE', #9459 ) ;
#7788 = AXIS2_PLACEMENT_3D ( 'NONE', #6478, #1983, #4980 ) ;
#7789 = EDGE_CURVE ( 'NONE', #9047, #440, #7643, .T. ) ;
#7790 = EDGE_CURVE ( 'NONE', #6208, #7429, #4601, .T. ) ;
#7791 = DIRECTION ( 'NONE',  ( 1.000000000000000000, 0.000000000000000000, 0.000000000000000000 ) ) ;
#7792 = VERTEX_POINT ( 'NONE', #1923 ) ;
#7793 = CARTESIAN_POINT ( 'NONE',  ( 0.000000000000000000, 36.00000000000000711, -21.99999999999999645 ) ) ;
#7794 = VECTOR ( 'NONE', #2664, 1000.000000000000000 ) ;
#7795 = CARTESIAN_POINT ( 'NONE',  ( -0.09583924171797571223, 53.89764134244490634, 0.7410945369738766164 ) ) ;
#7796 = AXIS2_PLACEMENT_3D ( 'NONE', #9734, #7383, #8934 ) ;
#7797 = CARTESIAN_POINT ( 'NONE',  ( 32.10616310548481067, 51.72391628130625207, 6.903617419311717462 ) ) ;
#7798 = ORIENTED_EDGE ( 'NONE', *, *, #4130, .T. ) ;
#7799 = VERTEX_POINT ( 'NONE', #3511 ) ;
#7800 = EDGE_CURVE ( 'NONE', #3802, #8240, #1419, .T. ) ;
#7801 = VECTOR ( 'NONE', #7842, 1000.000000000000000 ) ;
#7802 = EDGE_CURVE ( 'NONE', #2610, #1007, #7474, .T. ) ;
#7803 = ORIENTED_EDGE ( 'NONE', *, *, #6842, .F. ) ;
#7804 = DIRECTION ( 'NONE',  ( -0.000000000000000000, -1.000000000000000000, -0.000000000000000000 ) ) ;
#7805 = CARTESIAN_POINT ( 'NONE',  ( -6.999999999999999112, 30.00000000000000355, -15.00000000000000178 ) ) ;
#7806 = ORIENTED_EDGE ( 'NONE', *, *, #4369, .F. ) ;
#7807 = CARTESIAN_POINT ( 'NONE',  ( 22.75528487927552845, 2.816720744691689760, -11.82296937001093795 ) ) ;
#7808 = CARTESIAN_POINT ( 'NONE',  ( 17.88987305145458251, 35.04196243646008924, -6.976926139492491075 ) ) ;
#7809 = CARTESIAN_POINT ( 'NONE',  ( 17.77988564622131307, 44.61576095241697715, -6.642423360288538525 ) ) ;
#7810 = ORIENTED_EDGE ( 'NONE', *, *, #9813, .T. ) ;
#7811 = DIRECTION ( 'NONE',  ( -1.000000000000000000, 0.000000000000000000, 0.000000000000000000 ) ) ;
#7812 = CONICAL_SURFACE ( 'NONE', #2551, 3.000000000000002665, 0.7853981633974528309 ) ;
#7813 = CARTESIAN_POINT ( 'NONE',  ( 12.10983699076715858, 15.04154480178086040, -23.02266120962083562 ) ) ;
#7814 = EDGE_LOOP ( 'NONE', ( #6785, #210, #8827, #2765 ) ) ;
#7815 = ORIENTED_EDGE ( 'NONE', *, *, #5433, .F. ) ;
#7816 = CARTESIAN_POINT ( 'NONE',  ( 7.999999999999998224, 24.00000000000000000, -59.00000000000000000 ) ) ;
#7817 = CARTESIAN_POINT ( 'NONE',  ( 22.00000000000000000, 29.00000000000000000, -30.00000000000000355 ) ) ;
#7818 = CARTESIAN_POINT ( 'NONE',  ( 0.000000000000000000, 60.00000000000000000, -25.00000000000000000 ) ) ;
#7819 = AXIS2_PLACEMENT_3D ( 'NONE', #2564, #7015, #8605 ) ;
#7820 = FACE_OUTER_BOUND ( 'NONE', #718, .T. ) ;
#7821 = EDGE_CURVE ( 'NONE', #4477, #857, #1772, .T. ) ;
#7822 = DIRECTION ( 'NONE',  ( -1.000000000000000000, 0.000000000000000000, 3.094467185356272743E-16 ) ) ;
#7823 = CARTESIAN_POINT ( 'NONE',  ( 30.02985507510928542, 54.22342395463586229, 0.3544941798428707380 ) ) ;
#7824 = DIRECTION ( 'NONE',  ( 0.000000000000000000, 0.000000000000000000, -1.000000000000000000 ) ) ;
#7825 = CYLINDRICAL_SURFACE ( 'NONE', #9069, 1.400000000000000133 ) ;
#7826 = DIRECTION ( 'NONE',  ( 8.921435019309302283E-14, 0.000000000000000000, 1.000000000000000000 ) ) ;
#7827 = EDGE_CURVE ( 'NONE', #8903, #956, #3611, .T. ) ;
#7828 = CIRCLE ( 'NONE', #3359, 1.399999999999998579 ) ;
#7829 = ORIENTED_EDGE ( 'NONE', *, *, #70, .F. ) ;
#7830 = CARTESIAN_POINT ( 'NONE',  ( 7.300000000000169464, 60.00000000000000000, -11.51715728752537871 ) ) ;
#7831 = CARTESIAN_POINT ( 'NONE',  ( 4.999999999999928058, 40.00000000000000000, -10.90710678118630028 ) ) ;
#7832 = CARTESIAN_POINT ( 'NONE',  ( 6.105025253169586108, 0.000000000000000000, -17.98786796564399282 ) ) ;
#7833 = DIRECTION ( 'NONE',  ( 0.000000000000000000, 0.000000000000000000, 1.000000000000000000 ) ) ;
#7834 = CARTESIAN_POINT ( 'NONE',  ( 27.00000000000000000, 29.00000000000000000, -33.00000000000000000 ) ) ;
#7835 = ORIENTED_EDGE ( 'NONE', *, *, #1339, .T. ) ;
#7836 = ORIENTED_EDGE ( 'NONE', *, *, #6158, .T. ) ;
#7837 = FACE_OUTER_BOUND ( 'NONE', #4524, .T. ) ;
#7838 = ORIENTED_EDGE ( 'NONE', *, *, #3033, .F. ) ;
#7839 = CARTESIAN_POINT ( 'NONE',  ( 4.705025253169601740, 0.000000000000000000, -19.38786796564397719 ) ) ;
#7840 = CIRCLE ( 'NONE', #4654, 1.399999999999998579 ) ;
#7841 = LINE ( 'NONE', #6298, #7147 ) ;
#7842 = DIRECTION ( 'NONE',  ( -0.000000000000000000, -1.000000000000000000, -0.000000000000000000 ) ) ;
#7843 = ORIENTED_EDGE ( 'NONE', *, *, #8165, .F. ) ;
#7844 = ORIENTED_EDGE ( 'NONE', *, *, #51, .T. ) ;
#7845 = EDGE_CURVE ( 'NONE', #7739, #3188, #789, .T. ) ;
#7846 = AXIS2_PLACEMENT_3D ( 'NONE', #7817, #8918, #4971 ) ;
#7847 = ORIENTED_EDGE ( 'NONE', *, *, #2297, .F. ) ;
#7848 = DIRECTION ( 'NONE',  ( -0.000000000000000000, -1.000000000000000000, -0.000000000000000000 ) ) ;
#7849 = CARTESIAN_POINT ( 'NONE',  ( 31.53039954169278047, 51.85773945005511365, 6.188583804750818373 ) ) ;
#7850 = ORIENTED_EDGE ( 'NONE', *, *, #4317, .F. ) ;
#7851 = CARTESIAN_POINT ( 'NONE',  ( -6.999999999999999112, 10.00000000000000178, -12.50000000000000000 ) ) ;
#7852 = CARTESIAN_POINT ( 'NONE',  ( 17.86303532010945716, 35.09544627107367631, -6.928936208234272698 ) ) ;
#7853 = DIRECTION ( 'NONE',  ( 0.000000000000000000, 0.000000000000000000, -1.000000000000000000 ) ) ;
#7854 = ORIENTED_EDGE ( 'NONE', *, *, #2127, .T. ) ;
#7855 = EDGE_CURVE ( 'NONE', #9648, #4713, #5273, .T. ) ;
#7856 = DIRECTION ( 'NONE',  ( 0.000000000000000000, 0.000000000000000000, 1.000000000000000000 ) ) ;
#7857 = CARTESIAN_POINT ( 'NONE',  ( 4.999999999999998224, 60.00000000000000000, -24.99999999999999645 ) ) ;
#7858 = ORIENTED_EDGE ( 'NONE', *, *, #2419, .T. ) ;
#7859 = ORIENTED_EDGE ( 'NONE', *, *, #948, .T. ) ;
#7860 = CARTESIAN_POINT ( 'NONE',  ( 19.99999999999999645, 32.00000000000000000, -56.49999999999999289 ) ) ;
#7861 = DIRECTION ( 'NONE',  ( 1.000000000000000000, 0.000000000000000000, 0.000000000000000000 ) ) ;
#7862 = FACE_BOUND ( 'NONE', #4211, .T. ) ;
#7863 = CARTESIAN_POINT ( 'NONE',  ( 29.50000000000000355, 51.64999999999999858, 59.50000000000001421 ) ) ;
#7864 = LINE ( 'NONE', #7072, #3983 ) ;
#7865 = CARTESIAN_POINT ( 'NONE',  ( 27.00000000000000000, 26.00000000000000355, -30.00000000000000000 ) ) ;
#7866 = DIRECTION ( 'NONE',  ( 1.000000000000000000, -0.000000000000000000, -0.000000000000000000 ) ) ;
#7867 = CARTESIAN_POINT ( 'NONE',  ( 1.499999999999997780, 59.64999999999999858, 8.000000000000000000 ) ) ;
#7868 = DIRECTION ( 'NONE',  ( -1.000000000000000000, 0.000000000000000000, 0.000000000000000000 ) ) ;
#7869 = EDGE_CURVE ( 'NONE', #7785, #417, #6369, .T. ) ;
#7870 = CARTESIAN_POINT ( 'NONE',  ( 22.00000000000000000, 47.00000000000000000, -59.00000000000000000 ) ) ;
#7871 = CARTESIAN_POINT ( 'NONE',  ( -2.319613352253508953, 51.72689551692268140, 6.512259867702168137 ) ) ;
#7872 = ORIENTED_EDGE ( 'NONE', *, *, #2957, .F. ) ;
#7873 = DIRECTION ( 'NONE',  ( 1.000000000000000000, -0.000000000000000000, -0.000000000000000000 ) ) ;
#7874 = DIRECTION ( 'NONE',  ( -0.000000000000000000, -1.000000000000000000, 0.000000000000000000 ) ) ;
#7875 = EDGE_CURVE ( 'NONE', #9147, #7258, #2062, .T. ) ;
#7876 = DIRECTION ( 'NONE',  ( -0.000000000000000000, -1.000000000000000000, -0.000000000000000000 ) ) ;
#7877 = LINE ( 'NONE', #1042, #4436 ) ;
#7878 = CARTESIAN_POINT ( 'NONE',  ( 19.35576583967107567, 28.85459856420100166, -32.04852166585943962 ) ) ;
#7879 = EDGE_LOOP ( 'NONE', ( #3114, #3860, #2365, #2992, #9386, #6963, #7716, #9326, #6703, #2325 ) ) ;
#7880 = EDGE_LOOP ( 'NONE', ( #2677, #8488 ) ) ;
#7881 = VECTOR ( 'NONE', #6336, 1000.000000000000000 ) ;
#7882 = EDGE_CURVE ( 'NONE', #6712, #6581, #571, .T. ) ;
#7883 = LINE ( 'NONE', #6396, #4581 ) ;
#7884 = DIRECTION ( 'NONE',  ( -9.257989608163444543E-14, 0.000000000000000000, 1.000000000000000000 ) ) ;
#7885 = LINE ( 'NONE', #1000, #6557 ) ;
#7886 = LINE ( 'NONE', #3295, #8598 ) ;
#7887 = ORIENTED_EDGE ( 'NONE', *, *, #5154, .F. ) ;
#7888 = AXIS2_PLACEMENT_3D ( 'NONE', #2429, #8365, #8515 ) ;
#7889 = VERTEX_POINT ( 'NONE', #671 ) ;
#7890 = ORIENTED_EDGE ( 'NONE', *, *, #514, .T. ) ;
#7891 = DIRECTION ( 'NONE',  ( 0.000000000000000000, 0.000000000000000000, -1.000000000000000000 ) ) ;
#7892 = DIRECTION ( 'NONE',  ( -5.873343889775981244E-16, 0.000000000000000000, -1.000000000000000000 ) ) ;
#7893 = CARTESIAN_POINT ( 'NONE',  ( 29.56329033103453696, 52.99284328208158712, 3.563196454713440264 ) ) ;
#7894 = ORIENTED_EDGE ( 'NONE', *, *, #663, .T. ) ;
#7895 = CARTESIAN_POINT ( 'NONE',  ( 22.69999999999995666, 2.787564434701762739, -11.51715728752537871 ) ) ;
#7896 = LINE ( 'NONE', #3205, #6708 ) ;
#7897 = VECTOR ( 'NONE', #2258, 1000.000000000000000 ) ;
#7898 = CARTESIAN_POINT ( 'NONE',  ( 19.09289321881340484, 60.00000000000000000, -4.999999999999996447 ) ) ;
#7899 = ADVANCED_FACE ( 'NONE', ( #4318 ), #8306, .T. ) ;
#7900 = ORIENTED_EDGE ( 'NONE', *, *, #5453, .F. ) ;
#7901 = CARTESIAN_POINT ( 'NONE',  ( 9.399999999999998579, 24.00000000000000000, 0.000000000000000000 ) ) ;
#7902 = ORIENTED_EDGE ( 'NONE', *, *, #26, .F. ) ;
#7903 = CIRCLE ( 'NONE', #3608, 2.499999999999998668 ) ;
#7904 = EDGE_LOOP ( 'NONE', ( #9311, #9308, #4644, #2899, #1182, #7272, #5461, #8098, #9489, #2780, #3676, #7145, #6756 ) ) ;
#7905 = CARTESIAN_POINT ( 'NONE',  ( 29.00000000000000000, 51.64999999999999858, 0.000000000000000000 ) ) ;
#7906 = ADVANCED_FACE ( 'NONE', ( #4461 ), #3710, .F. ) ;
#7907 = DIRECTION ( 'NONE',  ( -5.873343889775906302E-16, 0.000000000000000000, -1.000000000000000000 ) ) ;
#7908 = LINE ( 'NONE', #2573, #7220 ) ;
#7909 = CARTESIAN_POINT ( 'NONE',  ( 20.83090141655196348, 47.73632044156010323, -10.86615485829575078 ) ) ;
#7910 = ADVANCED_FACE ( 'NONE', ( #1417 ), #1468, .F. ) ;
#7911 = CARTESIAN_POINT ( 'NONE',  ( 29.00000000000000000, 45.65000000000000568, 0.000000000000000000 ) ) ;
#7912 = DIRECTION ( 'NONE',  ( 0.000000000000000000, 0.000000000000000000, 1.000000000000000000 ) ) ;
#7913 = LINE ( 'NONE', #2528, #9531 ) ;
#7914 = DIRECTION ( 'NONE',  ( 1.000000000000000000, 0.000000000000000000, 0.000000000000000000 ) ) ;
#7915 = AXIS2_PLACEMENT_3D ( 'NONE', #4006, #176, #2413 ) ;
#7916 = CARTESIAN_POINT ( 'NONE',  ( 12.17772740067988302, 41.33235275442102363, -6.328556344922108501 ) ) ;
#7917 = CARTESIAN_POINT ( 'NONE',  ( 0.000000000000000000, 60.00000000000000000, 0.000000000000000000 ) ) ;
#7918 = LINE ( 'NONE', #4981, #6049 ) ;
#7919 = EDGE_LOOP ( 'NONE', ( #3236, #9674, #4228, #9345, #8821, #4463, #5031, #7392, #2748, #3605, #6449, #3993, #5303, #8029, #5692, #560, #3820, #7815, #8420, #8211, #746, #9844, #2471, #1520, #3102, #5576, #8955, #1045 ) ) ;
#7920 = CIRCLE ( 'NONE', #5697, 1.499999999999997780 ) ;
#7921 = EDGE_CURVE ( 'NONE', #2440, #8118, #1738, .T. ) ;
#7922 = LINE ( 'NONE', #4231, #4386 ) ;
#7923 = CARTESIAN_POINT ( 'NONE',  ( 9.399999999999998579, 4.000000000000000000, -4.705025253169418775 ) ) ;
#7924 = LINE ( 'NONE', #1039, #5702 ) ;
#7925 = CARTESIAN_POINT ( 'NONE',  ( 0.4999999999999995559, 51.64999999999999858, 56.50000000000000000 ) ) ;
#7926 = CARTESIAN_POINT ( 'NONE',  ( 23.02299727492100700, 23.04191574826207400, -12.11002771204313078 ) ) ;
#7927 = AXIS2_PLACEMENT_3D ( 'NONE', #1538, #9126, #3120 ) ;
#7928 = EDGE_LOOP ( 'NONE', ( #3409, #3260, #7631, #995, #6061, #8746, #2401, #3351, #3991, #2958 ) ) ;
#7929 = ORIENTED_EDGE ( 'NONE', *, *, #1935, .F. ) ;
#7930 = CIRCLE ( 'NONE', #2995, 8.000000000000000000 ) ;
#7931 = AXIS2_PLACEMENT_3D ( 'NONE', #2746, #2842, #5902 ) ;
#7932 = CARTESIAN_POINT ( 'NONE',  ( 10.50000000000013500, 40.77111547697062832, -12.19705627484766453 ) ) ;
#7933 = DIRECTION ( 'NONE',  ( 1.000000000000000000, 0.000000000000000000, -6.195440985631453345E-16 ) ) ;
#7934 = CARTESIAN_POINT ( 'NONE',  ( 0.000000000000000000, 45.65000000000000568, 0.000000000000000000 ) ) ;
#7935 = DIRECTION ( 'NONE',  ( 0.000000000000000000, 0.000000000000000000, 1.000000000000000000 ) ) ;
#7936 = ORIENTED_EDGE ( 'NONE', *, *, #7117, .T. ) ;
#7937 = VECTOR ( 'NONE', #8180, 1000.000000000000000 ) ;
#7938 = VECTOR ( 'NONE', #9430, 1000.000000000000000 ) ;
#7939 = VERTEX_POINT ( 'NONE', #2015 ) ;
#7940 =( BOUNDED_CURVE ( )  B_SPLINE_CURVE ( 3, ( #7193, #3596, #5853, #5002 ),
 .UNSPECIFIED., .F., .T. ) 
 B_SPLINE_CURVE_WITH_KNOTS ( ( 4, 4 ),
 ( 1.292206624403238857, 1.390171102939514514 ),
 .UNSPECIFIED. ) 
 CURVE ( )  GEOMETRIC_REPRESENTATION_ITEM ( )  RATIONAL_B_SPLINE_CURVE ( ( 1.000000000000000000, 0.9992004066339555957, 0.9992004066339555957, 1.000000000000000000 ) ) 
 REPRESENTATION_ITEM ( '' )  );
#7941 = EDGE_CURVE ( 'NONE', #393, #6366, #624, .T. ) ;
#7942 = ADVANCED_FACE ( 'NONE', ( #2909 ), #5819, .F. ) ;
#7943 = ORIENTED_EDGE ( 'NONE', *, *, #5300, .T. ) ;
#7944 = LINE ( 'NONE', #1109, #1331 ) ;
#7945 = DIRECTION ( 'NONE',  ( 0.000000000000000000, 0.000000000000000000, 1.000000000000000000 ) ) ;
#7946 = CARTESIAN_POINT ( 'NONE',  ( 30.27209872794139756, 52.42474762942637767, 4.563891234040193368 ) ) ;
#7947 = ORIENTED_EDGE ( 'NONE', *, *, #2540, .T. ) ;
#7948 = CARTESIAN_POINT ( 'NONE',  ( 23.39999999999999147, 3.848650766666692036, -12.21715728752533181 ) ) ;
#7949 = VECTOR ( 'NONE', #9167, 1000.000000000000000 ) ;
#7950 = CARTESIAN_POINT ( 'NONE',  ( 11.57212953677388079, 41.09878994752406811, -9.875073261925974677 ) ) ;
#7951 = CIRCLE ( 'NONE', #1255, 1.499999999999999556 ) ;
#7952 = CARTESIAN_POINT ( 'NONE',  ( 9.099659145546635131, 25.03135154185256894, -19.20328457960584245 ) ) ;
#7953 = VERTEX_POINT ( 'NONE', #9803 ) ;
#7954 = CARTESIAN_POINT ( 'NONE',  ( 14.99999999999987566, 70.00000000000000000, 3.196819863353100386E-14 ) ) ;
#7955 = VERTEX_POINT ( 'NONE', #2763 ) ;
#7956 = AXIS2_PLACEMENT_3D ( 'NONE', #886, #8334, #6187 ) ;
#7957 = ORIENTED_EDGE ( 'NONE', *, *, #2199, .F. ) ;
#7958 = DIRECTION ( 'NONE',  ( 1.000000000000000000, 0.000000000000000000, 0.000000000000000000 ) ) ;
#7959 = CARTESIAN_POINT ( 'NONE',  ( 22.69999999999995666, 25.21243556529823593, -59.00000000000000000 ) ) ;
#7960 = DIRECTION ( 'NONE',  ( 0.000000000000000000, 1.000000000000000000, 0.000000000000000000 ) ) ;
#7961 = DIRECTION ( 'NONE',  ( -0.000000000000000000, -1.000000000000000000, -0.000000000000000000 ) ) ;
#7962 = FACE_OUTER_BOUND ( 'NONE', #4179, .T. ) ;
#7963 = CYLINDRICAL_SURFACE ( 'NONE', #1790, 3.000000000000002665 ) ;
#7964 = CARTESIAN_POINT ( 'NONE',  ( 32.46827594521234772, 51.69748724965555198, 6.838705984526962212 ) ) ;
#7965 = CIRCLE ( 'NONE', #4779, 1.399999999999998579 ) ;
#7966 = CARTESIAN_POINT ( 'NONE',  ( -2.491798711254861853, 51.69335656390581590, 6.890281619773362287 ) ) ;
#7967 = CARTESIAN_POINT ( 'NONE',  ( 23.07677193911426272, 51.44115378046612364, -12.14323674761494409 ) ) ;
#7968 = PLANE ( 'NONE',  #9387 ) ;
#7969 = CARTESIAN_POINT ( 'NONE',  ( -1.432503907982633606, 52.09052401296032997, 4.513630598480099287 ) ) ;
#7970 = EDGE_LOOP ( 'NONE', ( #7077, #126, #5525, #8442 ) ) ;
#7971 = AXIS2_PLACEMENT_3D ( 'NONE', #4106, #5431, #1814 ) ;
#7972 = EDGE_CURVE ( 'NONE', #3355, #4889, #524, .T. ) ;
#7973 = EDGE_LOOP ( 'NONE', ( #7685, #9787, #9297, #8003, #6302, #9181, #946, #5447, #9170, #8858 ) ) ;
#7974 = DIRECTION ( 'NONE',  ( 2.683475248743013296E-15, -0.000000000000000000, 1.000000000000000000 ) ) ;
#7975 = CARTESIAN_POINT ( 'NONE',  ( 28.63393810309674947, 27.63393810309673171, -30.32459458876902758 ) ) ;
#7976 = CARTESIAN_POINT ( 'NONE',  ( 12.19705627484785637, 41.33981830268866275, -10.49999999999995204 ) ) ;
#7977 = VECTOR ( 'NONE', #3668, 1000.000000000000000 ) ;
#7978 = CARTESIAN_POINT ( 'NONE',  ( 17.81073006691146787, 15.27670144217134940, -6.798956735503337789 ) ) ;
#7979 = CARTESIAN_POINT ( 'NONE',  ( 22.87904425229902472, 22.90915974417590917, -11.98980912885104466 ) ) ;
#7980 = EDGE_CURVE ( 'NONE', #8005, #3188, #5069, .T. ) ;
#7981 = VERTEX_POINT ( 'NONE', #9610 ) ;
#7982 = VERTEX_POINT ( 'NONE', #9051 ) ;
#7983 = DIRECTION ( 'NONE',  ( 0.000000000000000000, 0.000000000000000000, 1.000000000000000000 ) ) ;
#7984 = CARTESIAN_POINT ( 'NONE',  ( 12.21715728752556096, 36.00000000000000711, -23.39999999999999503 ) ) ;
#7985 = CARTESIAN_POINT ( 'NONE',  ( 12.04630684445328370, 37.05965542552527836, -7.079162025202916375 ) ) ;
#7986 = CARTESIAN_POINT ( 'NONE',  ( 23.39999999999999858, 24.00000000000000000, -4.705025253169416999 ) ) ;
#7987 = ORIENTED_EDGE ( 'NONE', *, *, #8773, .F. ) ;
#7988 = ADVANCED_FACE ( 'NONE', ( #2215 ), #8857, .F. ) ;
#7989 = CIRCLE ( 'NONE', #5770, 1.500000000000001332 ) ;
#7990 = ORIENTED_EDGE ( 'NONE', *, *, #2663, .T. ) ;
#7991 = VERTEX_POINT ( 'NONE', #8910 ) ;
#7992 = CARTESIAN_POINT ( 'NONE',  ( 27.00000000000000000, 49.00000000000000000, -30.00000000000000000 ) ) ;
#7993 = CARTESIAN_POINT ( 'NONE',  ( 18.48284271247459642, 60.00000000000000000, -7.299999999999952749 ) ) ;
#7994 = CARTESIAN_POINT ( 'NONE',  ( 31.49601889381419539, 51.86790943629109307, 6.145522769240172600 ) ) ;
#7995 = ORIENTED_EDGE ( 'NONE', *, *, #2656, .T. ) ;
#7996 = DIRECTION ( 'NONE',  ( 0.000000000000000000, 0.000000000000000000, -1.000000000000000000 ) ) ;
#7997 = VECTOR ( 'NONE', #2870, 1000.000000000000000 ) ;
#7998 = CARTESIAN_POINT ( 'NONE',  ( 17.78284271247460424, 35.84736041654499417, -6.599999999999994316 ) ) ;
#7999 = DIRECTION ( 'NONE',  ( -1.000000000000000000, 0.000000000000000000, -0.000000000000000000 ) ) ;
#8000 =( BOUNDED_CURVE ( )  B_SPLINE_CURVE ( 3, ( #8677, #4034, #3280, #299 ),
 .UNSPECIFIED., .F., .T. ) 
 B_SPLINE_CURVE_WITH_KNOTS ( ( 4, 4 ),
 ( 2.008096404397857970, 3.141592653589793116 ),
 .UNSPECIFIED. ) 
 CURVE ( )  GEOMETRIC_REPRESENTATION_ITEM ( )  RATIONAL_B_SPLINE_CURVE ( ( 1.000000000000000000, 0.8957675578916530768, 0.8957675578916530768, 1.000000000000000000 ) ) 
 REPRESENTATION_ITEM ( '' )  );
#8001 = ORIENTED_EDGE ( 'NONE', *, *, #5427, .T. ) ;
#8002 = CARTESIAN_POINT ( 'NONE',  ( 9.099659145546633354, 5.031351541852574272, -10.79671542039416998 ) ) ;
#8003 = ORIENTED_EDGE ( 'NONE', *, *, #3285, .T. ) ;
#8004 = VECTOR ( 'NONE', #4974, 1000.000000000000000 ) ;
#8005 = VERTEX_POINT ( 'NONE', #8154 ) ;
#8006 = CARTESIAN_POINT ( 'NONE',  ( 23.20478540516800336, 23.27191866124218578, -17.80363681491228434 ) ) ;
#8007 = CARTESIAN_POINT ( 'NONE',  ( 12.21448963730567883, 41.34645688002563446, -23.24814010010803500 ) ) ;
#8008 = DIRECTION ( 'NONE',  ( 1.000000000000000000, -0.000000000000000000, -0.000000000000000000 ) ) ;
#8009 = LINE ( 'NONE', #3316, #2791 ) ;
#8010 = CARTESIAN_POINT ( 'NONE',  ( 23.39999999999999858, 4.000000000000003553, -12.21715728752533359 ) ) ;
#8011 = CARTESIAN_POINT ( 'NONE',  ( 9.399999999999998579, 4.000000000000000000, -25.29497474683058300 ) ) ;
#8012 = EDGE_CURVE ( 'NONE', #5395, #9064, #3968, .T. ) ;
#8013 = CARTESIAN_POINT ( 'NONE',  ( 31.97729073499485608, 51.82970316379808651, 5.753020114445939193 ) ) ;
#8014 = AXIS2_PLACEMENT_3D ( 'NONE', #9464, #5824, #1224 ) ;
#8015 = CARTESIAN_POINT ( 'NONE',  ( -2.651462464625270687, 51.67000687785852620, 7.239742096845168895 ) ) ;
#8016 = ORIENTED_EDGE ( 'NONE', *, *, #2313, .F. ) ;
#8017 = CARTESIAN_POINT ( 'NONE',  ( 18.61335622770380027, 49.41859303370713974, -31.45667508610354446 ) ) ;
#8018 = CARTESIAN_POINT ( 'NONE',  ( 17.78284271247456516, 35.84666498916401167, -23.39999999999999858 ) ) ;
#8019 = ORIENTED_EDGE ( 'NONE', *, *, #9034, .F. ) ;
#8020 = AXIS2_PLACEMENT_3D ( 'NONE', #4513, #5375, #9254 ) ;
#8021 = ORIENTED_EDGE ( 'NONE', *, *, #229, .T. ) ;
#8022 = DIRECTION ( 'NONE',  ( 0.000000000000000000, 0.000000000000000000, 1.000000000000000000 ) ) ;
#8023 = LINE ( 'NONE', #645, #5112 ) ;
#8024 = CARTESIAN_POINT ( 'NONE',  ( 22.00000000000000000, 31.00000000000000000, -56.99999999999999289 ) ) ;
#8025 = DIRECTION ( 'NONE',  ( 0.000000000000000000, -0.000000000000000000, 1.000000000000000000 ) ) ;
#8026 = DIRECTION ( 'NONE',  ( 0.000000000000000000, 0.000000000000000000, 1.000000000000000000 ) ) ;
#8027 = ADVANCED_FACE ( 'NONE', ( #6807, #5325, #8350 ), #9848, .F. ) ;
#8028 = DIRECTION ( 'NONE',  ( -0.000000000000000000, -1.000000000000000000, -0.000000000000000000 ) ) ;
#8029 = ORIENTED_EDGE ( 'NONE', *, *, #8471, .F. ) ;
#8030 = EDGE_LOOP ( 'NONE', ( #5205, #8929, #2764, #6356, #333, #4606, #245, #73, #2253, #9544 ) ) ;
#8031 = EDGE_CURVE ( 'NONE', #513, #2803, #2078, .T. ) ;
#8032 = CARTESIAN_POINT ( 'NONE',  ( 23.39999999999999858, 4.151283650665255287, -12.21715728752533359 ) ) ;
#8033 = FACE_OUTER_BOUND ( 'NONE', #1201, .T. ) ;
#8034 = EDGE_CURVE ( 'NONE', #2375, #6656, #7155, .T. ) ;
#8035 = ADVANCED_FACE ( 'NONE', ( #6382 ), #2067, .T. ) ;
#8036 = CARTESIAN_POINT ( 'NONE',  ( 12.03637371479326212, 14.94837507499682516, -7.073392686021044540 ) ) ;
#8037 = FACE_OUTER_BOUND ( 'NONE', #4086, .T. ) ;
#8038 = ORIENTED_EDGE ( 'NONE', *, *, #7674, .T. ) ;
#8039 = ORIENTED_EDGE ( 'NONE', *, *, #9325, .T. ) ;
#8040 = EDGE_LOOP ( 'NONE', ( #5161, #3904, #1546, #1721, #5184 ) ) ;
#8041 = EDGE_LOOP ( 'NONE', ( #3020, #950, #6912, #4345 ) ) ;
#8042 = PLANE ( 'NONE',  #4354 ) ;
#8043 = CARTESIAN_POINT ( 'NONE',  ( -6.999999999999999112, 16.00000000000000000, -23.39999999999999503 ) ) ;
#8044 = DIRECTION ( 'NONE',  ( 1.000000000000000000, 0.000000000000000000, 0.000000000000000000 ) ) ;
#8045 = ORIENTED_EDGE ( 'NONE', *, *, #6066, .F. ) ;
#8046 = EDGE_CURVE ( 'NONE', #1276, #5108, #4926, .T. ) ;
#8047 = LINE ( 'NONE', #8904, #7271 ) ;
#8048 = DIRECTION ( 'NONE',  ( 1.000000000000000000, 0.000000000000000000, 0.000000000000000000 ) ) ;
#8049 = CARTESIAN_POINT ( 'NONE',  ( 15.00000000000008171, 60.00000000000000711, -30.00000000000002842 ) ) ;
#8050 = AXIS2_PLACEMENT_3D ( 'NONE', #394, #1036, #6538 ) ;
#8051 = ORIENTED_EDGE ( 'NONE', *, *, #6111, .T. ) ;
#8052 = CARTESIAN_POINT ( 'NONE',  ( 4.705025253169601740, 60.00000000000000000, -10.61213203435593577 ) ) ;
#8053 = ORIENTED_EDGE ( 'NONE', *, *, #1751, .T. ) ;
#8054 = ORIENTED_EDGE ( 'NONE', *, *, #4734, .F. ) ;
#8055 = FACE_BOUND ( 'NONE', #4114, .T. ) ;
#8056 = AXIS2_PLACEMENT_3D ( 'NONE', #785, #3169, #9172 ) ;
#8057 = CARTESIAN_POINT ( 'NONE',  ( 22.00000000000000000, 24.00000000000000000, -10.28994949366116707 ) ) ;
#8058 = CARTESIAN_POINT ( 'NONE',  ( 25.29497474683051905, 36.00000000000000711, -20.59999999999999787 ) ) ;
#8059 = DIRECTION ( 'NONE',  ( 0.000000000000000000, 1.000000000000000000, 0.000000000000000000 ) ) ;
#8060 = CARTESIAN_POINT ( 'NONE',  ( 19.38786796564398429, 60.00000000000000000, -4.705025253169416111 ) ) ;
#8061 = CARTESIAN_POINT ( 'NONE',  ( 9.399999999999998579, 24.00000000000000000, -11.09705627484753521 ) ) ;
#8062 = CARTESIAN_POINT ( 'NONE',  ( 31.48939181727762460, 52.05807054877557505, 4.645079049924833114 ) ) ;
#8063 = CARTESIAN_POINT ( 'NONE',  ( -1.527968795088798348, 52.03597037740988895, 4.734256350371550681 ) ) ;
#8064 = ORIENTED_EDGE ( 'NONE', *, *, #8833, .F. ) ;
#8065 = CARTESIAN_POINT ( 'NONE',  ( 7.300000000000174794, 25.21243556529831764, -59.00000000000000000 ) ) ;
#8066 = CARTESIAN_POINT ( 'NONE',  ( -2.360385304933876327, 51.68690440753044868, 7.216494068648097837 ) ) ;
#8067 = VECTOR ( 'NONE', #2011, 1000.000000000000000 ) ;
#8068 = EDGE_LOOP ( 'NONE', ( #4387, #866 ) ) ;
#8069 = ADVANCED_FACE ( 'NONE', ( #3321 ), #5171, .F. ) ;
#8070 = VERTEX_POINT ( 'NONE', #4362 ) ;
#8071 = FACE_OUTER_BOUND ( 'NONE', #9182, .T. ) ;
#8072 = CARTESIAN_POINT ( 'NONE',  ( 17.80294372515235679, 44.63495421514853945, -19.49999999999998224 ) ) ;
#8073 = CIRCLE ( 'NONE', #7122, 2.999999999999999112 ) ;
#8074 = UNCERTAINTY_MEASURE_WITH_UNIT (LENGTH_MEASURE( 1.000000000000000082E-05 ), #4514, 'distance_accuracy_value', 'NONE');
#8075 = CYLINDRICAL_SURFACE ( 'NONE', #916, 1.399999999999998579 ) ;
#8076 = CARTESIAN_POINT ( 'NONE',  ( 22.87904425229897498, 5.090840255824123695, -18.01019087114891093 ) ) ;
#8077 = DIRECTION ( 'NONE',  ( 0.000000000000000000, 0.000000000000000000, 1.000000000000000000 ) ) ;
#8078 = DIRECTION ( 'NONE',  ( 1.000000000000000000, 0.000000000000000000, 5.873343889775966453E-16 ) ) ;
#8079 = VECTOR ( 'NONE', #4752, 1000.000000000000000 ) ;
#8080 = ORIENTED_EDGE ( 'NONE', *, *, #6842, .T. ) ;
#8081 = EDGE_LOOP ( 'NONE', ( #1289, #3461, #2895, #6855, #7337, #2129, #3349, #8288, #5220, #710 ) ) ;
#8082 = EDGE_CURVE ( 'NONE', #6889, #7042, #7308, .T. ) ;
#8083 = CARTESIAN_POINT ( 'NONE',  ( 22.00000000000000000, 32.00000000000000000, -57.99999999999999289 ) ) ;
#8084 = VECTOR ( 'NONE', #2247, 1000.000000000000000 ) ;
#8085 = CARTESIAN_POINT ( 'NONE',  ( 0.6807603141091914667, 53.25769902620464080, 3.188294014712990787 ) ) ;
#8086 = DIRECTION ( 'NONE',  ( 1.000000000000000000, 0.000000000000000000, 0.000000000000000000 ) ) ;
#8087 = EDGE_CURVE ( 'NONE', #8996, #1458, #6328, .T. ) ;
#8088 = ORIENTED_EDGE ( 'NONE', *, *, #7734, .F. ) ;
#8089 = ORIENTED_EDGE ( 'NONE', *, *, #1312, .T. ) ;
#8090 = EDGE_CURVE ( 'NONE', #2257, #3556, #4772, .T. ) ;
#8091 = EDGE_CURVE ( 'NONE', #6247, #4811, #4686, .T. ) ;
#8092 = VERTEX_POINT ( 'NONE', #5866 ) ;
#8093 = AXIS2_PLACEMENT_3D ( 'NONE', #5544, #8576, #3183 ) ;
#8094 = VERTEX_POINT ( 'NONE', #4175 ) ;
#8095 = LINE ( 'NONE', #9649, #1034 ) ;
#8096 = LINE ( 'NONE', #2008, #3658 ) ;
#8097 = CYLINDRICAL_SURFACE ( 'NONE', #5061, 2.499999999999996891 ) ;
#8098 = ORIENTED_EDGE ( 'NONE', *, *, #2395, .F. ) ;
#8099 = LINE ( 'NONE', #616, #2960 ) ;
#8100 = LINE ( 'NONE', #1266, #3520 ) ;
#8101 = CARTESIAN_POINT ( 'NONE',  ( 9.099659145546636907, 22.96864845814743461, -19.20328457960583535 ) ) ;
#8102 = AXIS2_PLACEMENT_3D ( 'NONE', #3187, #4688, #6290 ) ;
#8103 = CIRCLE ( 'NONE', #9062, 1.399999999999998579 ) ;
#8104 = EDGE_LOOP ( 'NONE', ( #7149, #9850, #1258, #4800, #8989 ) ) ;
#8105 = DIRECTION ( 'NONE',  ( 0.000000000000000000, 0.000000000000000000, 1.000000000000000000 ) ) ;
#8106 = ORIENTED_EDGE ( 'NONE', *, *, #5980, .F. ) ;
#8107 = EDGE_CURVE ( 'NONE', #2053, #9692, #1432, .T. ) ;
#8108 = VECTOR ( 'NONE', #8028, 1000.000000000000000 ) ;
#8109 = VERTEX_POINT ( 'NONE', #8721 ) ;
#8110 = FACE_OUTER_BOUND ( 'NONE', #766, .T. ) ;
#8111 = AXIS2_PLACEMENT_3D ( 'NONE', #2335, #3783, #94 ) ;
#8112 = LINE ( 'NONE', #5928, #4255 ) ;
#8113 = PLANE ( 'NONE',  #5321 ) ;
#8114 = CARTESIAN_POINT ( 'NONE',  ( 21.40710678118649568, 22.73174228522552909, -10.28994949366116529 ) ) ;
#8115 = CARTESIAN_POINT ( 'NONE',  ( 6.795213870581346960, 4.728073580139128929, -17.80364041439971956 ) ) ;
#8116 = LINE ( 'NONE', #6578, #3213 ) ;
#8117 = CARTESIAN_POINT ( 'NONE',  ( -2.004190376698863130, 51.82008758171494378, 5.813086114619291145 ) ) ;
#8118 = VERTEX_POINT ( 'NONE', #1319 ) ;
#8119 = CARTESIAN_POINT ( 'NONE',  ( 14.56107202064432293, 51.65641522029712007, -30.00000000000001421 ) ) ;
#8120 = AXIS2_PLACEMENT_3D ( 'NONE', #3113, #7020, #6965 ) ;
#8121 = CARTESIAN_POINT ( 'NONE',  ( 22.69999999999995666, 5.212435565298237705, -59.00000000000000000 ) ) ;
#8122 = VECTOR ( 'NONE', #2516, 1000.000000000000000 ) ;
#8123 = VERTEX_POINT ( 'NONE', #1882 ) ;
#8124 = EDGE_CURVE ( 'NONE', #6403, #2236, #7222, .T. ) ;
#8125 = ORIENTED_EDGE ( 'NONE', *, *, #499, .F. ) ;
#8126 = EDGE_CURVE ( 'NONE', #9550, #4215, #5122, .T. ) ;
#8127 = FACE_OUTER_BOUND ( 'NONE', #6934, .T. ) ;
#8128 = VECTOR ( 'NONE', #3558, 1000.000000000000000 ) ;
#8129 = DIRECTION ( 'NONE',  ( 0.000000000000000000, 0.000000000000000000, -1.000000000000000000 ) ) ;
#8130 = DIRECTION ( 'NONE',  ( 0.000000000000000000, 0.000000000000000000, -1.000000000000000000 ) ) ;
#8131 = DIRECTION ( 'NONE',  ( -0.000000000000000000, 1.000000000000000000, 0.000000000000000000 ) ) ;
#8132 = EDGE_CURVE ( 'NONE', #1236, #7991, #6906, .T. ) ;
#8133 = CYLINDRICAL_SURFACE ( 'NONE', #9535, 0.7000000000000009548 ) ;
#8134 = VECTOR ( 'NONE', #9676, 1000.000000000000000 ) ;
#8135 = VERTEX_POINT ( 'NONE', #7653 ) ;
#8136 = ORIENTED_EDGE ( 'NONE', *, *, #109, .T. ) ;
#8137 = FACE_OUTER_BOUND ( 'NONE', #6102, .T. ) ;
#8138 = AXIS2_PLACEMENT_3D ( 'NONE', #2320, #9207, #5381 ) ;
#8139 = DIRECTION ( 'NONE',  ( 1.000000000000000000, 0.000000000000000000, 0.000000000000000000 ) ) ;
#8140 = CARTESIAN_POINT ( 'NONE',  ( 4.999999999999998224, 60.00000000000000000, -4.999999999999998224 ) ) ;
#8141 = VERTEX_POINT ( 'NONE', #3003 ) ;
#8142 = VERTEX_POINT ( 'NONE', #1467 ) ;
#8143 = CIRCLE ( 'NONE', #7670, 1.399999999999998579 ) ;
#8144 = ORIENTED_EDGE ( 'NONE', *, *, #5628, .T. ) ;
#8145 = ORIENTED_EDGE ( 'NONE', *, *, #9851, .F. ) ;
#8146 = CARTESIAN_POINT ( 'NONE',  ( 30.00000000000000000, 60.00000000000000000, -28.49999999999999645 ) ) ;
#8147 = CARTESIAN_POINT ( 'NONE',  ( 0.000000000000000000, 36.00000000000000711, -21.99999999999999645 ) ) ;
#8148 = ORIENTED_EDGE ( 'NONE', *, *, #5262, .T. ) ;
#8149 = LINE ( 'NONE', #8956, #1213 ) ;
#8150 = CARTESIAN_POINT ( 'NONE',  ( 10.93589265023111246, 40.88943207173357308, -9.238836375383208122 ) ) ;
#8151 = CARTESIAN_POINT ( 'NONE',  ( 7.300000000000174794, 60.00000000000000000, -18.48284271247463195 ) ) ;
#8152 = DIRECTION ( 'NONE',  ( -1.000000000000000000, 0.000000000000000000, -6.188934370712541542E-16 ) ) ;
#8153 = ADVANCED_FACE ( 'NONE', ( #6112, #2158, #2953 ), #72, .F. ) ;
#8154 = CARTESIAN_POINT ( 'NONE',  ( 6.599999999999997868, 24.00000000000000000, -4.705025253169416999 ) ) ;
#8155 = ORIENTED_EDGE ( 'NONE', *, *, #290, .F. ) ;
#8156 = VERTEX_POINT ( 'NONE', #764 ) ;
#8157 = PLANE ( 'NONE',  #5535 ) ;
#8158 = EDGE_CURVE ( 'NONE', #809, #5233, #1746, .T. ) ;
#8159 = CARTESIAN_POINT ( 'NONE',  ( 9.399999999999998579, 4.000000000000000000, -59.00000000000000000 ) ) ;
#8160 = DIRECTION ( 'NONE',  ( 0.000000000000000000, 1.000000000000000000, 0.000000000000000000 ) ) ;
#8161 = CARTESIAN_POINT ( 'NONE',  ( 19.09289321881340484, 45.80879283770675414, -24.99999999999999645 ) ) ;
#8162 = DIRECTION ( 'NONE',  ( 0.000000000000000000, -1.000000000000000000, 0.000000000000000000 ) ) ;
#8163 = DIRECTION ( 'NONE',  ( 1.000000000000000000, -0.000000000000000000, -0.000000000000000000 ) ) ;
#8164 = ADVANCED_FACE ( 'NONE', ( #5369 ), #2116, .T. ) ;
#8165 = EDGE_CURVE ( 'NONE', #7590, #120, #6349, .T. ) ;
#8166 = CARTESIAN_POINT ( 'NONE',  ( -2.498292316056482498, 51.69224829140035382, 6.904515148394821722 ) ) ;
#8167 = ORIENTED_EDGE ( 'NONE', *, *, #1235, .T. ) ;
#8168 = AXIS2_PLACEMENT_3D ( 'NONE', #1815, #1768, #8656 ) ;
#8169 = CARTESIAN_POINT ( 'NONE',  ( 13.99999999999999822, 52.00000000000000711, -30.00000000000000000 ) ) ;
#8170 = CARTESIAN_POINT ( 'NONE',  ( 19.71005050633878142, 14.78756443470178361, -22.69999999999998863 ) ) ;
#8171 = ORIENTED_EDGE ( 'NONE', *, *, #1170, .T. ) ;
#8172 = VERTEX_POINT ( 'NONE', #6299 ) ;
#8173 = DIRECTION ( 'NONE',  ( -1.000000000000000000, 0.000000000000000000, 0.000000000000000000 ) ) ;
#8174 = VECTOR ( 'NONE', #3408, 1000.000000000000000 ) ;
#8175 = LINE ( 'NONE', #5738, #6069 ) ;
#8176 = CARTESIAN_POINT ( 'NONE',  ( 23.02299727492096793, 24.95808425173797573, -17.88997228795680883 ) ) ;
#8177 = ADVANCED_FACE ( 'NONE', ( #856 ), #1660, .F. ) ;
#8178 = DIRECTION ( 'NONE',  ( 0.000000000000000000, 0.000000000000000000, -1.000000000000000000 ) ) ;
#8179 = DIRECTION ( 'NONE',  ( -0.000000000000000000, 1.000000000000000000, -0.000000000000000000 ) ) ;
#8180 = DIRECTION ( 'NONE',  ( 0.000000000000000000, -1.000000000000000000, 0.000000000000000000 ) ) ;
#8181 = VECTOR ( 'NONE', #6305, 1000.000000000000000 ) ;
#8182 = ORIENTED_EDGE ( 'NONE', *, *, #1442, .F. ) ;
#8183 = ORIENTED_EDGE ( 'NONE', *, *, #7437, .F. ) ;
#8184 = FACE_OUTER_BOUND ( 'NONE', #8809, .T. ) ;
#8185 = CARTESIAN_POINT ( 'NONE',  ( -0.06277983232244346845, 52.56854611861083271, 4.278020364432554956 ) ) ;
#8186 = CARTESIAN_POINT ( 'NONE',  ( 11.59353726138919605, 34.78756443470161486, -22.69999999999968665 ) ) ;
#8187 = EDGE_LOOP ( 'NONE', ( #1994, #1985, #5862, #3245 ) ) ;
#8188 = ORIENTED_EDGE ( 'NONE', *, *, #3534, .F. ) ;
#8189 = ORIENTED_EDGE ( 'NONE', *, *, #475, .T. ) ;
#8190 = EDGE_CURVE ( 'NONE', #3472, #2515, #9341, .T. ) ;
#8191 = VERTEX_POINT ( 'NONE', #5558 ) ;
#8192 = CARTESIAN_POINT ( 'NONE',  ( 28.64377404996969290, 54.48919954047371306, 1.887205092390636052 ) ) ;
#8193 = ORIENTED_EDGE ( 'NONE', *, *, #9569, .T. ) ;
#8194 = CARTESIAN_POINT ( 'NONE',  ( 21.40710678118648502, 2.731742285225534861, -19.71005050633883826 ) ) ;
#8195 = DIRECTION ( 'NONE',  ( 0.000000000000000000, 0.000000000000000000, -1.000000000000000000 ) ) ;
#8196 = CARTESIAN_POINT ( 'NONE',  ( 8.592893218813633993, 2.731742285225609468, -19.71005050633883826 ) ) ;
#8197 = DIRECTION ( 'NONE',  ( 0.000000000000000000, 0.000000000000000000, 1.000000000000000000 ) ) ;
#8198 = DIRECTION ( 'NONE',  ( 5.873343889775965467E-16, 0.000000000000000000, -1.000000000000000000 ) ) ;
#8199 = ORIENTED_EDGE ( 'NONE', *, *, #1654, .T. ) ;
#8200 = ORIENTED_EDGE ( 'NONE', *, *, #2427, .F. ) ;
#8201 = DIRECTION ( 'NONE',  ( -0.7071067811865474617, 0.000000000000000000, -0.7071067811865474617 ) ) ;
#8202 = DIRECTION ( 'NONE',  ( 0.000000000000000000, 0.000000000000000000, 1.000000000000000000 ) ) ;
#8203 = DIRECTION ( 'NONE',  ( -0.7071067811865483499, 0.000000000000000000, 0.7071067811865465735 ) ) ;
#8204 = CYLINDRICAL_SURFACE ( 'NONE', #3713, 1.399999999999998579 ) ;
#8205 = DIRECTION ( 'NONE',  ( -0.7071067811865469066, 0.000000000000000000, -0.7071067811865482389 ) ) ;
#8206 = EDGE_CURVE ( 'NONE', #8796, #5663, #9296, .T. ) ;
#8207 = CARTESIAN_POINT ( 'NONE',  ( -6.000000000000005329, 51.64999999999999858, 56.50000000000000000 ) ) ;
#8208 = AXIS2_PLACEMENT_3D ( 'NONE', #8526, #6890, #5403 ) ;
#8209 = LINE ( 'NONE', #6817, #200 ) ;
#8210 = DIRECTION ( 'NONE',  ( -0.000000000000000000, -0.000000000000000000, 1.000000000000000000 ) ) ;
#8211 = ORIENTED_EDGE ( 'NONE', *, *, #5980, .T. ) ;
#8212 = CARTESIAN_POINT ( 'NONE',  ( 13.99999999999999822, 29.00000000000000000, -38.00000000000000000 ) ) ;
#8213 = LINE ( 'NONE', #2324, #1265 ) ;
#8214 = ORIENTED_EDGE ( 'NONE', *, *, #1817, .F. ) ;
#8215 = EDGE_CURVE ( 'NONE', #9249, #1639, #2500, .T. ) ;
#8216 = AXIS2_PLACEMENT_3D ( 'NONE', #3370, #8616, #5775 ) ;
#8217 = EDGE_CURVE ( 'NONE', #7044, #1206, #5898, .T. ) ;
#8218 = EDGE_CURVE ( 'NONE', #8228, #402, #7886, .T. ) ;
#8219 = VERTEX_POINT ( 'NONE', #5609 ) ;
#8220 = LINE ( 'NONE', #9777, #7090 ) ;
#8221 = DIRECTION ( 'NONE',  ( -1.000000000000000000, -0.000000000000000000, 0.000000000000000000 ) ) ;
#8222 = CARTESIAN_POINT ( 'NONE',  ( 7.999999999999998224, 4.000000000000000000, -59.00000000000000000 ) ) ;
#8223 = CARTESIAN_POINT ( 'NONE',  ( 17.98786796564402124, 44.79094724491371693, -6.105025253169378274 ) ) ;
#8224 = CARTESIAN_POINT ( 'NONE',  ( 23.39999999999999858, 4.000000000000000000, -17.78284271247457582 ) ) ;
#8225 = VECTOR ( 'NONE', #762, 1000.000000000000000 ) ;
#8226 = CARTESIAN_POINT ( 'NONE',  ( -6.000000000000012434, 45.65000000000000568, 3.000000000000003997 ) ) ;
#8227 = CARTESIAN_POINT ( 'NONE',  ( 17.83114106740085347, 44.65842882295166305, -23.13440464042838585 ) ) ;
#8228 = VERTEX_POINT ( 'NONE', #1051 ) ;
#8229 = EDGE_CURVE ( 'NONE', #7618, #4295, #4204, .T. ) ;
#8230 = EDGE_CURVE ( 'NONE', #3068, #9095, #2941, .T. ) ;
#8231 = ORIENTED_EDGE ( 'NONE', *, *, #8383, .F. ) ;
#8232 = VECTOR ( 'NONE', #2523, 1000.000000000000000 ) ;
#8233 = DIRECTION ( 'NONE',  ( 1.000000000000000000, 0.000000000000000000, 0.000000000000000000 ) ) ;
#8234 = CYLINDRICAL_SURFACE ( 'NONE', #5229, 1.399999999999998579 ) ;
#8235 = CARTESIAN_POINT ( 'NONE',  ( 1.368970569080723898, 54.53163788818113744, 1.851626910434306605 ) ) ;
#8236 = LINE ( 'NONE', #8993, #9215 ) ;
#8237 = VECTOR ( 'NONE', #5317, 1000.000000000000000 ) ;
#8238 = ADVANCED_FACE ( 'NONE', ( #8695 ), #9602, .F. ) ;
#8239 = EDGE_LOOP ( 'NONE', ( #6501, #2161, #4548, #9223 ) ) ;
#8240 = VERTEX_POINT ( 'NONE', #9450 ) ;
#8241 = ORIENTED_EDGE ( 'NONE', *, *, #9427, .T. ) ;
#8242 = AXIS2_PLACEMENT_3D ( 'NONE', #4741, #1099, #7791 ) ;
#8243 = DIRECTION ( 'NONE',  ( -1.000000000000000000, 0.000000000000000000, 0.000000000000000000 ) ) ;
#8244 = ORIENTED_EDGE ( 'NONE', *, *, #2070, .F. ) ;
#8245 = CARTESIAN_POINT ( 'NONE',  ( 13.50000000000008171, 60.00000000000000000, -30.00000000000000000 ) ) ;
#8246 = LINE ( 'NONE', #668, #5756 ) ;
#8247 = CARTESIAN_POINT ( 'NONE',  ( -6.000000000000012434, 51.64999999999999858, 6.997203936713186057E-16 ) ) ;
#8248 = CARTESIAN_POINT ( 'NONE',  ( 30.06094280479086223, 54.03727833754808785, 0.5660942434353787300 ) ) ;
#8249 = EDGE_CURVE ( 'NONE', #589, #9840, #6407, .T. ) ;
#8250 = EDGE_CURVE ( 'NONE', #8734, #2642, #8096, .T. ) ;
#8251 = EDGE_CURVE ( 'NONE', #7290, #1584, #4256, .T. ) ;
#8252 = CARTESIAN_POINT ( 'NONE',  ( 4.999999999999998224, 63.00000000000000000, -4.999999999999998224 ) ) ;
#8253 = CIRCLE ( 'NONE', #3468, 2.499999999999998668 ) ;
#8254 = VERTEX_POINT ( 'NONE', #8848 ) ;
#8255 = VERTEX_POINT ( 'NONE', #2754 ) ;
#8256 = CARTESIAN_POINT ( 'NONE',  ( 15.00000000000008171, 60.00000000000000711, -30.00000000000002842 ) ) ;
#8257 = CARTESIAN_POINT ( 'NONE',  ( 14.99999999999987566, 60.00000000000000711, 3.196819863353100386E-14 ) ) ;
#8258 = DIRECTION ( 'NONE',  ( -0.000000000000000000, -0.000000000000000000, 1.000000000000000000 ) ) ;
#8259 = DIRECTION ( 'NONE',  ( 0.000000000000000000, 0.000000000000000000, 1.000000000000000000 ) ) ;
#8260 = VECTOR ( 'NONE', #2399, 1000.000000000000000 ) ;
#8261 = CARTESIAN_POINT ( 'NONE',  ( 14.99999999999987566, 60.00000000000000711, 3.196819863353100386E-14 ) ) ;
#8262 = VECTOR ( 'NONE', #9225, 1000.000000000000000 ) ;
#8263 = CYLINDRICAL_SURFACE ( 'NONE', #6897, 0.7000000000000027311 ) ;
#8264 = CARTESIAN_POINT ( 'NONE',  ( 1.000000000000004663, 45.65000000000000568, 0.000000000000000000 ) ) ;
#8265 = EDGE_CURVE ( 'NONE', #5018, #4048, #8748, .T. ) ;
#8266 = ORIENTED_EDGE ( 'NONE', *, *, #8217, .F. ) ;
#8267 = ADVANCED_FACE ( 'NONE', ( #2608 ), #1058, .F. ) ;
#8268 = DIRECTION ( 'NONE',  ( -0.000000000000000000, -1.000000000000000000, -0.000000000000000000 ) ) ;
#8269 = PLANE ( 'NONE',  #2838 ) ;
#8270 = ORIENTED_EDGE ( 'NONE', *, *, #5539, .T. ) ;
#8271 = VECTOR ( 'NONE', #4994, 1000.000000000000000 ) ;
#8272 = VECTOR ( 'NONE', #5185, 1000.000000000000114 ) ;
#8273 = ORIENTED_EDGE ( 'NONE', *, *, #7789, .F. ) ;
#8274 = DIRECTION ( 'NONE',  ( 0.000000000000000000, 0.000000000000000000, 1.000000000000000000 ) ) ;
#8275 = CYLINDRICAL_SURFACE ( 'NONE', #9730, 3.000000000000002665 ) ;
#8276 = ADVANCED_FACE ( 'NONE', ( #3502, #6506, #1158 ), #6000, .T. ) ;
#8277 = CARTESIAN_POINT ( 'NONE',  ( 0.000000000000000000, 60.00000000000000000, -5.000000000000000888 ) ) ;
#8278 = VECTOR ( 'NONE', #1166, 1000.000000000000000 ) ;
#8279 = ORIENTED_EDGE ( 'NONE', *, *, #8465, .T. ) ;
#8280 = CARTESIAN_POINT ( 'NONE',  ( 30.50000000000000355, 45.65000000000000568, 23.49999999999998579 ) ) ;
#8281 = EDGE_CURVE ( 'NONE', #8109, #6081, #5009, .T. ) ;
#8282 = LINE ( 'NONE', #4531, #5891 ) ;
#8283 = CARTESIAN_POINT ( 'NONE',  ( 0.000000000000000000, 59.64999999999999858, -1.499999999999988898 ) ) ;
#8284 = EDGE_CURVE ( 'NONE', #3736, #1352, #4154, .T. ) ;
#8285 = VERTEX_POINT ( 'NONE', #7247 ) ;
#8286 = B_SPLINE_CURVE_WITH_KNOTS ( 'NONE', 3,
 ( #7434, #8296, #1457, #6702, #3088, #658, #5312, #4494, #14, #704, #2100, #607, #8186, #9744 ),
 .UNSPECIFIED., .F., .F.,
 ( 4, 2, 2, 2, 2, 2, 4 ),
 ( 0.003626514920277525578, 0.004079983923318736272, 0.004533452926359946532, 0.004760187427880554698, 0.004986921929401163731, 0.005213656430921771896, 0.005440390932442380062 ),
 .UNSPECIFIED. ) ;
#8287 = VECTOR ( 'NONE', #2987, 1000.000000000000000 ) ;
#8288 = ORIENTED_EDGE ( 'NONE', *, *, #5755, .T. ) ;
#8289 = AXIS2_PLACEMENT_3D ( 'NONE', #879, #142, #7076 ) ;
#8290 = CARTESIAN_POINT ( 'NONE',  ( 28.50000000000001066, 52.00000000000000711, -33.00000000000000000 ) ) ;
#8291 = DIRECTION ( 'NONE',  ( 0.000000000000000000, 0.000000000000000000, -1.000000000000000000 ) ) ;
#8292 = DIRECTION ( 'NONE',  ( 0.000000000000000000, 0.000000000000000000, 1.000000000000000000 ) ) ;
#8293 = EDGE_CURVE ( 'NONE', #2610, #9794, #7350, .T. ) ;
#8294 = EDGE_CURVE ( 'NONE', #5993, #9021, #5062, .T. ) ;
#8295 = CARTESIAN_POINT ( 'NONE',  ( 19.71005050633889510, 60.00000000000000000, -21.40710678118653121 ) ) ;
#8296 = CARTESIAN_POINT ( 'NONE',  ( 12.21715728752555918, 35.84827106045869272, -23.39999999999999503 ) ) ;
#8297 = ORIENTED_EDGE ( 'NONE', *, *, #6432, .F. ) ;
#8298 = VERTEX_POINT ( 'NONE', #415 ) ;
#8299 = ORIENTED_EDGE ( 'NONE', *, *, #729, .F. ) ;
#8300 = VECTOR ( 'NONE', #6026, 1000.000000000000000 ) ;
#8301 = DIRECTION ( 'NONE',  ( 0.000000000000000000, 0.000000000000000000, -1.000000000000000000 ) ) ;
#8302 = ORIENTED_EDGE ( 'NONE', *, *, #8217, .T. ) ;
#8303 = CARTESIAN_POINT ( 'NONE',  ( 15.00000000000008171, 60.00000000000000711, -30.00000000000002842 ) ) ;
#8304 = DIRECTION ( 'NONE',  ( -1.000000000000000000, 0.000000000000000000, 0.000000000000000000 ) ) ;
#8305 = CARTESIAN_POINT ( 'NONE',  ( 30.88469017131222216, 52.52213366050805377, 3.188074113758246231 ) ) ;
#8306 = PLANE ( 'NONE',  #4928 ) ;
#8307 = ORIENTED_EDGE ( 'NONE', *, *, #948, .F. ) ;
#8308 = ORIENTED_EDGE ( 'NONE', *, *, #3702, .T. ) ;
#8309 = FACE_BOUND ( 'NONE', #4648, .T. ) ;
#8310 = EDGE_CURVE ( 'NONE', #706, #1508, #6809, .T. ) ;
#8311 = CARTESIAN_POINT ( 'NONE',  ( 10.28994949366131095, 60.00000000000000000, -7.299999999999952749 ) ) ;
#8312 = FACE_OUTER_BOUND ( 'NONE', #8941, .T. ) ;
#8313 = CARTESIAN_POINT ( 'NONE',  ( 22.00000000000000000, 4.000000000000000000, -59.00000000000000000 ) ) ;
#8314 = CARTESIAN_POINT ( 'NONE',  ( 6.600000000000168399, 60.00000000000000000, -11.51715728752533074 ) ) ;
#8315 = ORIENTED_EDGE ( 'NONE', *, *, #2304, .F. ) ;
#8316 = DIRECTION ( 'NONE',  ( 0.000000000000000000, 0.000000000000000000, 1.000000000000000000 ) ) ;
#8317 = CARTESIAN_POINT ( 'NONE',  ( 20.60000000000000142, 24.00000000000000000, -59.00000000000000000 ) ) ;
#8318 = ORIENTED_EDGE ( 'NONE', *, *, #8468, .F. ) ;
#8319 = EDGE_LOOP ( 'NONE', ( #8106, #840, #4047, #1773, #6801, #1382 ) ) ;
#8320 = ADVANCED_FACE ( 'NONE', ( #2655 ), #5705, .F. ) ;
#8321 = DIRECTION ( 'NONE',  ( -0.000000000000000000, -1.000000000000000000, -0.000000000000000000 ) ) ;
#8322 = CARTESIAN_POINT ( 'NONE',  ( 0.4999999999999995559, 45.65000000000000568, 56.50000000000000000 ) ) ;
#8323 = CARTESIAN_POINT ( 'NONE',  ( 28.50000000000001066, 60.00000000000000000, -30.00000000000000000 ) ) ;
#8324 = VECTOR ( 'NONE', #7157, 1000.000000000000000 ) ;
#8325 = ORIENTED_EDGE ( 'NONE', *, *, #7882, .F. ) ;
#8326 = CARTESIAN_POINT ( 'NONE',  ( 15.00000000000000000, 60.00000000000000000, -15.00000000000000355 ) ) ;
#8327 = DIRECTION ( 'NONE',  ( 1.000000000000000000, 0.000000000000000000, -1.341737624371510395E-15 ) ) ;
#8328 = CARTESIAN_POINT ( 'NONE',  ( 22.69999999999994955, 2.787564434701758298, -59.00000000000000000 ) ) ;
#8329 = ORIENTED_EDGE ( 'NONE', *, *, #7875, .F. ) ;
#8330 = VECTOR ( 'NONE', #2905, 1000.000000000000000 ) ;
#8331 = ORIENTED_EDGE ( 'NONE', *, *, #4281, .T. ) ;
#8332 = CARTESIAN_POINT ( 'NONE',  ( 21.40710678118648502, 0.000000000000000000, -19.71005050633883826 ) ) ;
#8333 = DIRECTION ( 'NONE',  ( 8.921435019309302283E-14, 0.000000000000000000, 1.000000000000000000 ) ) ;
#8334 = DIRECTION ( 'NONE',  ( -1.000000000000000000, 0.000000000000000000, 0.000000000000000000 ) ) ;
#8335 = CARTESIAN_POINT ( 'NONE',  ( 15.00000000000000000, 63.00000000000000000, -15.00000000000000355 ) ) ;
#8336 = ADVANCED_FACE ( 'NONE', ( #2394 ), #4684, .F. ) ;
#8337 = VECTOR ( 'NONE', #7848, 1000.000000000000000 ) ;
#8338 = CARTESIAN_POINT ( 'NONE',  ( -2.554326170089106451, 51.66858072704787475, 7.454342522728922837 ) ) ;
#8339 = LINE ( 'NONE', #7490, #7779 ) ;
#8340 = ORIENTED_EDGE ( 'NONE', *, *, #7427, .T. ) ;
#8341 = EDGE_LOOP ( 'NONE', ( #7507, #7836, #5210, #9776, #3034 ) ) ;
#8342 = VERTEX_POINT ( 'NONE', #6892 ) ;
#8343 = EDGE_CURVE ( 'NONE', #857, #252, #1549, .T. ) ;
#8344 = ADVANCED_FACE ( 'NONE', ( #8378 ), #9089, .F. ) ;
#8345 = DIRECTION ( 'NONE',  ( 1.000000000000000000, -0.000000000000000000, -0.000000000000000000 ) ) ;
#8346 = VERTEX_POINT ( 'NONE', #4490 ) ;
#8347 = DIRECTION ( 'NONE',  ( -0.7071067811865495711, 0.000000000000000000, -0.7071067811865454633 ) ) ;
#8348 = FACE_OUTER_BOUND ( 'NONE', #9176, .T. ) ;
#8349 = CARTESIAN_POINT ( 'NONE',  ( 32.31961335225349785, 51.72689551692268140, 6.512259867702177907 ) ) ;
#8350 = FACE_OUTER_BOUND ( 'NONE', #7357, .T. ) ;
#8351 = ORIENTED_EDGE ( 'NONE', *, *, #2260, .T. ) ;
#8352 = EDGE_LOOP ( 'NONE', ( #5566, #8266 ) ) ;
#8353 = DIRECTION ( 'NONE',  ( -1.000000000000000000, 0.000000000000000000, -6.195440985631460248E-16 ) ) ;
#8354 = DIRECTION ( 'NONE',  ( 0.000000000000000000, 0.000000000000000000, 1.000000000000000000 ) ) ;
#8355 = DIRECTION ( 'NONE',  ( 1.000000000000000000, -0.000000000000000000, 6.188934370712447864E-16 ) ) ;
#8356 = FACE_OUTER_BOUND ( 'NONE', #2132, .T. ) ;
#8357 = LINE ( 'NONE', #1525, #8459 ) ;
#8358 = FACE_OUTER_BOUND ( 'NONE', #641, .T. ) ;
#8359 = VERTEX_POINT ( 'NONE', #3887 ) ;
#8360 = CARTESIAN_POINT ( 'NONE',  ( 23.39999999999995595, 52.16163282309373983, -12.21715728752533359 ) ) ;
#8361 = CYLINDRICAL_SURFACE ( 'NONE', #8591, 1.400000000000000133 ) ;
#8362 = ORIENTED_EDGE ( 'NONE', *, *, #663, .F. ) ;
#8363 = ORIENTED_EDGE ( 'NONE', *, *, #5486, .F. ) ;
#8364 = AXIS2_PLACEMENT_3D ( 'NONE', #9821, #5940, #2973 ) ;
#8365 = DIRECTION ( 'NONE',  ( 0.000000000000000000, -1.000000000000000000, 0.000000000000000000 ) ) ;
#8366 = DIRECTION ( 'NONE',  ( -0.000000000000000000, -0.000000000000000000, 1.000000000000000000 ) ) ;
#8367 = CARTESIAN_POINT ( 'NONE',  ( 11.51715728752552970, 60.00000000000000000, -7.299999999999952749 ) ) ;
#8368 = PLANE ( 'NONE',  #7927 ) ;
#8369 = VERTEX_POINT ( 'NONE', #3130 ) ;
#8370 = DIRECTION ( 'NONE',  ( -1.000000000000000000, 0.000000000000000000, 0.000000000000000000 ) ) ;
#8371 = CARTESIAN_POINT ( 'NONE',  ( 25.29497474683052261, 60.00000000000000000, -25.29497474683058300 ) ) ;
#8372 = CARTESIAN_POINT ( 'NONE',  ( 30.00000000000000000, 60.00000000000000000, -30.00000000000000000 ) ) ;
#8373 = CIRCLE ( 'NONE', #3433, 1.400000000000000133 ) ;
#8374 = ORIENTED_EDGE ( 'NONE', *, *, #1609, .T. ) ;
#8375 = ORIENTED_EDGE ( 'NONE', *, *, #3826, .F. ) ;
#8376 = CARTESIAN_POINT ( 'NONE',  ( 22.00000000000000000, 4.000000000000000000, -10.28994949366116707 ) ) ;
#8377 = CARTESIAN_POINT ( 'NONE',  ( 30.00000000000000000, 52.00000000000000711, -33.00000000000000000 ) ) ;
#8378 = FACE_OUTER_BOUND ( 'NONE', #4334, .T. ) ;
#8379 = VECTOR ( 'NONE', #2659, 1000.000000000000000 ) ;
#8380 = DIRECTION ( 'NONE',  ( 0.000000000000000000, -0.000000000000000000, 1.000000000000000000 ) ) ;
#8381 = FACE_OUTER_BOUND ( 'NONE', #6020, .T. ) ;
#8382 = VERTEX_POINT ( 'NONE', #4586 ) ;
#8383 = EDGE_CURVE ( 'NONE', #9563, #4682, #6051, .T. ) ;
#8384 = VECTOR ( 'NONE', #8201, 1000.000000000000114 ) ;
#8385 = ORIENTED_EDGE ( 'NONE', *, *, #1998, .T. ) ;
#8386 = EDGE_CURVE ( 'NONE', #2850, #2762, #159, .T. ) ;
#8387 = VERTEX_POINT ( 'NONE', #5405 ) ;
#8388 = LINE ( 'NONE', #709, #6175 ) ;
#8389 = ORIENTED_EDGE ( 'NONE', *, *, #957, .T. ) ;
#8390 = CARTESIAN_POINT ( 'NONE',  ( 19.71005050633889510, 0.000000000000000000, -21.40710678118653121 ) ) ;
#8391 = FACE_BOUND ( 'NONE', #5187, .T. ) ;
#8392 = VECTOR ( 'NONE', #6072, 1000.000000000000114 ) ;
#8393 = EDGE_CURVE ( 'NONE', #6811, #7590, #7636, .T. ) ;
#8394 = CARTESIAN_POINT ( 'NONE',  ( 30.03879894036076692, 54.15389269875065281, 0.4300207356523390589 ) ) ;
#8395 = EDGE_CURVE ( 'NONE', #3850, #2518, #6210, .T. ) ;
#8396 = EDGE_CURVE ( 'NONE', #6563, #9355, #6, .T. ) ;
#8397 = VERTEX_POINT ( 'NONE', #701 ) ;
#8398 = EDGE_CURVE ( 'NONE', #2850, #441, #8432, .T. ) ;
#8399 = VECTOR ( 'NONE', #2059, 1000.000000000000000 ) ;
#8400 = EDGE_LOOP ( 'NONE', ( #783, #5963, #3117, #6335 ) ) ;
#8401 = DIRECTION ( 'NONE',  ( 0.000000000000000000, 0.000000000000000000, -1.000000000000000000 ) ) ;
#8402 = CARTESIAN_POINT ( 'NONE',  ( 30.00000000000000000, 45.65000000000000568, -1.500000000000001332 ) ) ;
#8403 = DIRECTION ( 'NONE',  ( 0.000000000000000000, 0.000000000000000000, -1.000000000000000000 ) ) ;
#8404 = DIRECTION ( 'NONE',  ( 0.000000000000000000, -1.000000000000000000, 0.000000000000000000 ) ) ;
#8405 = DIRECTION ( 'NONE',  ( 0.000000000000000000, 0.000000000000000000, 1.000000000000000000 ) ) ;
#8406 = CARTESIAN_POINT ( 'NONE',  ( 6.599999999999578648, 40.06410272899638869, -12.21715728753089891 ) ) ;
#8407 = VECTOR ( 'NONE', #5695, 1000.000000000000000 ) ;
#8408 = ORIENTED_EDGE ( 'NONE', *, *, #4492, .T. ) ;
#8409 = EDGE_CURVE ( 'NONE', #1460, #6921, #3933, .T. ) ;
#8410 = CARTESIAN_POINT ( 'NONE',  ( 4.999999999999998224, 70.00000000000000000, -24.99999999999999645 ) ) ;
#8411 = EDGE_CURVE ( 'NONE', #8285, #9840, #6241, .T. ) ;
#8412 = DIRECTION ( 'NONE',  ( 1.000000000000000000, 0.000000000000000000, 5.873343889775966453E-16 ) ) ;
#8413 = EDGE_LOOP ( 'NONE', ( #4001, #5414, #4283, #3339 ) ) ;
#8414 = ORIENTED_EDGE ( 'NONE', *, *, #236, .T. ) ;
#8415 = VECTOR ( 'NONE', #445, 1000.000000000000000 ) ;
#8416 = DIRECTION ( 'NONE',  ( -1.000000000000000000, 0.000000000000000000, 5.873343889775981244E-16 ) ) ;
#8417 = FACE_OUTER_BOUND ( 'NONE', #2822, .T. ) ;
#8418 = CARTESIAN_POINT ( 'NONE',  ( 29.25000000000006750, 60.00000000000000000, -29.24999999999993605 ) ) ;
#8419 = DIRECTION ( 'NONE',  ( 1.000000000000000000, 0.000000000000000000, 0.000000000000000000 ) ) ;
#8420 = ORIENTED_EDGE ( 'NONE', *, *, #4790, .T. ) ;
#8421 = CARTESIAN_POINT ( 'NONE',  ( 4.705025253169601740, 0.000000000000000000, -10.61213203435593577 ) ) ;
#8422 = B_SPLINE_CURVE_WITH_KNOTS ( 'NONE', 3,
 ( #5203, #9039, #2048, #3547, #5258, #556, #1456, #7539, #1350, #8235, #9640, #606, #1401, #3696, #3646, #6747, #2795, #4348, #9792, #5158, #7390, #5852, #8085, #1304, #9743, #5955, #2944, #8892, #5106, #6553, #2000, #3595, #2146, #4392, #8185, #3891, #753, #7639, #7735, #2398, #5311, #4590, #6100, #7689, #6941, #4641, #3186, #9236, #3846, #3793, #5501, #846, #3742, #9187, #104, #2251, #3133, #8486, #2990, #6192, #5358, #6989, #5458, #4687, #3086, #703, #1650, #2446, #4733, #6143, #8338, #3040, #804, #3936, #9282, #9837, #6847, #6894, #2345 ),
 .UNSPECIFIED., .F., .F.,
 ( 4, 2, 1, 1, 1, 2, 2, 2, 1, 1, 1, 2, 2, 2, 1, 1, 1, 2, 2, 2, 1, 1, 1, 2, 2, 2, 1, 1, 1, 2, 2, 2, 1, 1, 1, 1, 2, 2, 2, 1, 1, 1, 1, 2, 2, 2, 1, 1, 1, 1, 2, 2, 4 ),
 ( 0.000000000000000000, 0.06250000000001466882, 0.09375000000002203793, 0.1093750000000257155, 0.1171875000000267009, 0.1210937500000271866, 0.1250000000000276723, 0.1875000000000376643, 0.2187500000000427436, 0.2343750000000460187, 0.2421875000000476841, 0.2460937500000484890, 0.2500000000000492939, 0.3125000000000692779, 0.3437500000000793254, 0.3593750000000837663, 0.3671875000000859868, 0.3710937500000870970, 0.3750000000000882627, 0.4375000000000922595, 0.4687500000000943134, 0.4843750000000954237, 0.4921875000000959788, 0.4960937500000962563, 0.5000000000000965894, 0.5625000000000887068, 0.5937500000000842659, 0.6093750000000816014, 0.6171875000000806022, 0.6210937500000803801, 0.6250000000000801581, 0.6875000000000731637, 0.7187500000000695000, 0.7343750000000675016, 0.7421875000000666134, 0.7460937500000659472, 0.7480468750000657252, 0.7500000000000655032, 0.8125000000000476286, 0.8437500000000384137, 0.8593750000000338618, 0.8671875000000315303, 0.8710937500000303091, 0.8730468750000297540, 0.8750000000000290878, 0.9062500000000200950, 0.9218750000000157652, 0.9296875000000135447, 0.9335937500000125455, 0.9355468750000119904, 0.9365234375000116573, 0.9375000000000113243, 1.000000000000000000 ),
 .UNSPECIFIED. ) ;
#8423 = DIRECTION ( 'NONE',  ( 1.000000000000000000, 0.000000000000000000, 0.000000000000000000 ) ) ;
#8424 = AXIS2_PLACEMENT_3D ( 'NONE', #7385, #8785, #6440 ) ;
#8425 = DIRECTION ( 'NONE',  ( -0.000000000000000000, -0.000000000000000000, 1.000000000000000000 ) ) ;
#8426 = CIRCLE ( 'NONE', #2359, 3.000000000000002665 ) ;
#8427 = ORIENTED_EDGE ( 'NONE', *, *, #5234, .F. ) ;
#8428 = VERTEX_POINT ( 'NONE', #7688 ) ;
#8429 = CARTESIAN_POINT ( 'NONE',  ( -0.4999999999999970024, 51.64999999999999858, 54.49999999999998579 ) ) ;
#8430 = AXIS2_PLACEMENT_3D ( 'NONE', #7415, #586, #3627 ) ;
#8431 = FACE_OUTER_BOUND ( 'NONE', #9638, .T. ) ;
#8432 = LINE ( 'NONE', #9139, #794 ) ;
#8433 = VECTOR ( 'NONE', #695, 1000.000000000000000 ) ;
#8434 = EDGE_CURVE ( 'NONE', #6586, #6955, #6789, .T. ) ;
#8435 = LINE ( 'NONE', #1550, #1394 ) ;
#8436 = CARTESIAN_POINT ( 'NONE',  ( 23.49161745035286231, 52.37669816112230592, -12.21715728752533359 ) ) ;
#8437 = CARTESIAN_POINT ( 'NONE',  ( 17.57414262106506797, 28.08702905916252845, -30.83668077058074175 ) ) ;
#8438 = ORIENTED_EDGE ( 'NONE', *, *, #6887, .T. ) ;
#8439 = AXIS2_PLACEMENT_3D ( 'NONE', #8622, #1079, #4123 ) ;
#8440 = AXIS2_PLACEMENT_3D ( 'NONE', #5984, #3065, #8316 ) ;
#8441 = ORIENTED_EDGE ( 'NONE', *, *, #8580, .T. ) ;
#8442 = ORIENTED_EDGE ( 'NONE', *, *, #9807, .F. ) ;
#8443 = EDGE_CURVE ( 'NONE', #9683, #8794, #1503, .T. ) ;
#8444 = DIRECTION ( 'NONE',  ( 0.000000000000000000, 0.000000000000000000, -1.000000000000000000 ) ) ;
#8445 = ORIENTED_EDGE ( 'NONE', *, *, #514, .F. ) ;
#8446 = CIRCLE ( 'NONE', #4142, 19.99999999999999645 ) ;
#8447 = PLANE ( 'NONE',  #6716 ) ;
#8448 = CARTESIAN_POINT ( 'NONE',  ( 0.000000000000000000, 54.65000000000000568, 0.000000000000000000 ) ) ;
#8449 = CARTESIAN_POINT ( 'NONE',  ( 30.98917800695907587, 52.42314296804916296, 3.450304877837751416 ) ) ;
#8450 = B_SPLINE_CURVE_WITH_KNOTS ( 'NONE', 3,
 ( #9281, #2090, #4287, #6690, #9528, #5943, #8176, #7332, #8983, #3536, #3431, #1989 ),
 .UNSPECIFIED., .F., .F.,
 ( 4, 2, 2, 2, 2, 4 ),
 ( 0.001825440514497000347, 0.002281998478873496772, 0.002738556443249993630, 0.002966835425438240324, 0.003195114407626487019, 0.003651672372002969999 ),
 .UNSPECIFIED. ) ;
#8451 = VERTEX_POINT ( 'NONE', #7581 ) ;
#8452 = ORIENTED_EDGE ( 'NONE', *, *, #6183, .F. ) ;
#8453 = DIRECTION ( 'NONE',  ( -0.000000000000000000, -1.000000000000000000, -0.000000000000000000 ) ) ;
#8454 = DIRECTION ( 'NONE',  ( 0.000000000000000000, 0.000000000000000000, -1.000000000000000000 ) ) ;
#8455 = ORIENTED_EDGE ( 'NONE', *, *, #7694, .F. ) ;
#8456 = LINE ( 'NONE', #3204, #2954 ) ;
#8457 = LINE ( 'NONE', #3254, #7341 ) ;
#8458 = CARTESIAN_POINT ( 'NONE',  ( 18.48284271247459998, 60.00000000000000000, -6.599999999999957012 ) ) ;
#8459 = VECTOR ( 'NONE', #5226, 1000.000000000000000 ) ;
#8460 = EDGE_CURVE ( 'NONE', #5297, #9129, #3790, .T. ) ;
#8461 = ORIENTED_EDGE ( 'NONE', *, *, #8090, .F. ) ;
#8462 = LINE ( 'NONE', #6123, #1592 ) ;
#8463 = CARTESIAN_POINT ( 'NONE',  ( 12.21715728752556096, 16.00000000000000000, -23.39999999999999503 ) ) ;
#8464 = ORIENTED_EDGE ( 'NONE', *, *, #5284, .F. ) ;
#8465 = EDGE_CURVE ( 'NONE', #9100, #2493, #2634, .T. ) ;
#8466 = CIRCLE ( 'NONE', #4325, 0.7000000000000009548 ) ;
#8467 = VERTEX_POINT ( 'NONE', #6386 ) ;
#8468 = EDGE_CURVE ( 'NONE', #3136, #9332, #319, .T. ) ;
#8469 = DIRECTION ( 'NONE',  ( 0.000000000000000000, 0.000000000000000000, -1.000000000000000000 ) ) ;
#8470 = DIRECTION ( 'NONE',  ( -0.000000000000000000, -0.000000000000000000, 1.000000000000000000 ) ) ;
#8471 = EDGE_CURVE ( 'NONE', #1407, #5663, #3329, .T. ) ;
#8472 = FILL_AREA_STYLE ('',( #4479 ) ) ;
#8473 = CARTESIAN_POINT ( 'NONE',  ( 19.71005050634034816, 46.44956037241168190, -21.40710678118653121 ) ) ;
#8474 = LINE ( 'NONE', #3072, #2351 ) ;
#8475 = ORIENTED_EDGE ( 'NONE', *, *, #4141, .F. ) ;
#8476 = CARTESIAN_POINT ( 'NONE',  ( 0.000000000000000000, 60.00000000000000000, -28.50000000000001066 ) ) ;
#8477 = CARTESIAN_POINT ( 'NONE',  ( 18.48284271247459642, 60.00000000000000000, -7.299999999999952749 ) ) ;
#8478 = CARTESIAN_POINT ( 'NONE',  ( 24.62821063288074086, 55.55737269381238974, -18.72110385169420255 ) ) ;
#8479 = ORIENTED_EDGE ( 'NONE', *, *, #662, .T. ) ;
#8480 = ORIENTED_EDGE ( 'NONE', *, *, #9592, .F. ) ;
#8481 = EDGE_CURVE ( 'NONE', #1480, #3497, #3101, .T. ) ;
#8482 = DIRECTION ( 'NONE',  ( 0.000000000000000000, 0.000000000000000000, -1.000000000000000000 ) ) ;
#8483 = AXIS2_PLACEMENT_3D ( 'NONE', #5193, #4089, #2881 ) ;
#8484 = DIRECTION ( 'NONE',  ( 0.000000000000000000, -1.000000000000000000, 0.000000000000000000 ) ) ;
#8485 = CARTESIAN_POINT ( 'NONE',  ( 8.592893218813633993, 22.73174228522560014, -19.71005050633883826 ) ) ;
#8486 = CARTESIAN_POINT ( 'NONE',  ( -1.707996329276133762, 51.80792202889890063, 6.410433518349265114 ) ) ;
#8487 = DIRECTION ( 'NONE',  ( -0.000000000000000000, -1.000000000000000000, -0.000000000000000000 ) ) ;
#8488 = ORIENTED_EDGE ( 'NONE', *, *, #3546, .F. ) ;
#8489 = VECTOR ( 'NONE', #4054, 1000.000000000000000 ) ;
#8490 = ORIENTED_EDGE ( 'NONE', *, *, #3150, .F. ) ;
#8491 = VERTEX_POINT ( 'NONE', #2443 ) ;
#8492 = FACE_OUTER_BOUND ( 'NONE', #2118, .T. ) ;
#8493 = ORIENTED_EDGE ( 'NONE', *, *, #8832, .F. ) ;
#8494 = AXIS2_PLACEMENT_3D ( 'NONE', #3570, #2669, #7262 ) ;
#8495 = CARTESIAN_POINT ( 'NONE',  ( 19.71005050633878142, 60.00000000000000000, -22.69999999999998863 ) ) ;
#8496 = CARTESIAN_POINT ( 'NONE',  ( -0.3345834190460699187, 53.27319412167000934, 1.649175447532670757 ) ) ;
#8497 = CARTESIAN_POINT ( 'NONE',  ( 29.02099757252771894, 53.66824134223378451, 2.687122199449049731 ) ) ;
#8498 = ORIENTED_EDGE ( 'NONE', *, *, #3726, .F. ) ;
#8499 = ORIENTED_EDGE ( 'NONE', *, *, #7669, .F. ) ;
#8500 = EDGE_CURVE ( 'NONE', #3615, #1418, #8000, .T. ) ;
#8501 = VECTOR ( 'NONE', #7101, 1000.000000000000000 ) ;
#8502 = EDGE_LOOP ( 'NONE', ( #9460, #8653, #4202, #6787 ) ) ;
#8503 = CARTESIAN_POINT ( 'NONE',  ( 6.625172409255871031, 3.695525807818698993, -17.78160819805079740 ) ) ;
#8504 = DIRECTION ( 'NONE',  ( 0.000000000000000000, 0.000000000000000000, -1.000000000000000000 ) ) ;
#8505 = ORIENTED_EDGE ( 'NONE', *, *, #7176, .F. ) ;
#8506 = CARTESIAN_POINT ( 'NONE',  ( 17.78159533343947629, 36.30424443789777911, -23.37492057871645557 ) ) ;
#8507 = CARTESIAN_POINT ( 'NONE',  ( 7.300000000000159694, 2.787564434701692573, -11.67170244752803399 ) ) ;
#8508 = VERTEX_POINT ( 'NONE', #9328 ) ;
#8509 = CARTESIAN_POINT ( 'NONE',  ( 17.78284271247461490, 16.15279283707064906, -6.600000000000001421 ) ) ;
#8510 = CARTESIAN_POINT ( 'NONE',  ( 19.38786796564398429, 0.000000000000000000, -4.705025253169416111 ) ) ;
#8511 = ORIENTED_EDGE ( 'NONE', *, *, #7127, .F. ) ;
#8512 = ADVANCED_FACE ( 'NONE', ( #4730, #395, #9476 ), #7777, .T. ) ;
#8513 = VERTEX_POINT ( 'NONE', #938 ) ;
#8514 = DIRECTION ( 'NONE',  ( 0.000000000000000000, 0.000000000000000000, -1.000000000000000000 ) ) ;
#8515 = DIRECTION ( 'NONE',  ( 0.000000000000000000, 0.000000000000000000, -1.000000000000000000 ) ) ;
#8516 = DIRECTION ( 'NONE',  ( 0.000000000000000000, 0.000000000000000000, -1.000000000000000000 ) ) ;
#8517 = DIRECTION ( 'NONE',  ( 0.000000000000000000, 0.000000000000000000, 1.000000000000000000 ) ) ;
#8518 = CARTESIAN_POINT ( 'NONE',  ( 30.36868912043407676, 53.20555911195005194, 1.760655914176517012 ) ) ;
#8519 = DIRECTION ( 'NONE',  ( 0.000000000000000000, -1.000000000000000000, 0.000000000000000000 ) ) ;
#8520 = CARTESIAN_POINT ( 'NONE',  ( 17.82340237826005591, 36.78698697949273821, -6.839799338769513959 ) ) ;
#8521 = CARTESIAN_POINT ( 'NONE',  ( -0.6487558618605167027, 52.20645138484664471, 5.064109977520245387 ) ) ;
#8522 = EDGE_CURVE ( 'NONE', #3121, #4150, #5640, .T. ) ;
#8523 = ADVANCED_FACE ( 'NONE', ( #7180 ), #5594, .F. ) ;
#8524 = ORIENTED_EDGE ( 'NONE', *, *, #1294, .T. ) ;
#8525 = ORIENTED_EDGE ( 'NONE', *, *, #8648, .F. ) ;
#8526 = CARTESIAN_POINT ( 'NONE',  ( 5.000000000000000000, 39.99999999999999289, -24.99999999999999645 ) ) ;
#8527 = DIRECTION ( 'NONE',  ( -0.000000000000000000, -1.000000000000000000, -0.000000000000000000 ) ) ;
#8528 = CARTESIAN_POINT ( 'NONE',  ( -6.999999999999999112, 16.00000000000000000, -21.99999999999999645 ) ) ;
#8529 = AXIS2_PLACEMENT_3D ( 'NONE', #8878, #5989, #9729 ) ;
#8530 = CARTESIAN_POINT ( 'NONE',  ( 18.48284271247456445, 0.000000000000000000, -23.39999999999999147 ) ) ;
#8531 = CARTESIAN_POINT ( 'NONE',  ( 17.84017049920652909, 28.22269761719793024, -30.97543958367950978 ) ) ;
#8532 = ORIENTED_EDGE ( 'NONE', *, *, #1193, .T. ) ;
#8533 = EDGE_CURVE ( 'NONE', #8359, #1259, #2384, .T. ) ;
#8534 = ORIENTED_EDGE ( 'NONE', *, *, #1205, .F. ) ;
#8535 = ORIENTED_EDGE ( 'NONE', *, *, #5421, .F. ) ;
#8536 = VECTOR ( 'NONE', #4468, 1000.000000000000000 ) ;
#8537 = CARTESIAN_POINT ( 'NONE',  ( 18.48284271247459642, 0.000000000000000000, -7.299999999999952749 ) ) ;
#8538 = ORIENTED_EDGE ( 'NONE', *, *, #1332, .F. ) ;
#8539 = DIRECTION ( 'NONE',  ( 0.000000000000000000, 0.000000000000000000, -1.000000000000000000 ) ) ;
#8540 = CARTESIAN_POINT ( 'NONE',  ( 0.000000000000000000, 30.00000000000000355, -12.50000000000000355 ) ) ;
#8541 = CARTESIAN_POINT ( 'NONE',  ( 30.53427839334236538, 52.26740376225103546, 4.913895501129315058 ) ) ;
#8542 = AXIS2_PLACEMENT_3D ( 'NONE', #4259, #6713, #3657 ) ;
#8543 = ORIENTED_EDGE ( 'NONE', *, *, #4055, .F. ) ;
#8544 = ORIENTED_EDGE ( 'NONE', *, *, #264, .F. ) ;
#8545 = EDGE_CURVE ( 'NONE', #2439, #463, #4834, .T. ) ;
#8546 = ORIENTED_EDGE ( 'NONE', *, *, #9515, .F. ) ;
#8547 = LINE ( 'NONE', #3250, #8181 ) ;
#8548 = CIRCLE ( 'NONE', #4247, 1.399999999999998579 ) ;
#8549 = LINE ( 'NONE', #3814, #8079 ) ;
#8550 = ORIENTED_EDGE ( 'NONE', *, *, #2972, .T. ) ;
#8551 = DIRECTION ( 'NONE',  ( 0.000000000000000000, 0.000000000000000000, 1.000000000000000000 ) ) ;
#8552 = DIRECTION ( 'NONE',  ( 2.683475248743013296E-15, -0.000000000000000000, 1.000000000000000000 ) ) ;
#8553 = CARTESIAN_POINT ( 'NONE',  ( 17.83146674364678219, 44.65870001433378178, -6.866502472447769456 ) ) ;
#8554 = EDGE_CURVE ( 'NONE', #8661, #2569, #7481, .T. ) ;
#8555 = ADVANCED_FACE ( 'NONE', ( #5543 ), #1791, .T. ) ;
#8556 = EDGE_CURVE ( 'NONE', #8382, #2762, #4782, .T. ) ;
#8557 = VERTEX_POINT ( 'NONE', #7831 ) ;
#8558 = CARTESIAN_POINT ( 'NONE',  ( 17.78284271247456161, 36.00000000000000711, -23.39999999999999503 ) ) ;
#8559 = FACE_OUTER_BOUND ( 'NONE', #474, .T. ) ;
#8560 = ORIENTED_EDGE ( 'NONE', *, *, #8031, .F. ) ;
#8561 =( BOUNDED_CURVE ( )  B_SPLINE_CURVE ( 3, ( #581, #1282, #9666, #2672 ),
 .UNSPECIFIED., .F., .T. ) 
 B_SPLINE_CURVE_WITH_KNOTS ( ( 4, 4 ),
 ( 1.515516914509418944, 1.570796326794896558 ),
 .UNSPECIFIED. ) 
 CURVE ( )  GEOMETRIC_REPRESENTATION_ITEM ( )  RATIONAL_B_SPLINE_CURVE ( ( 1.000000000000000000, 0.9997453650928328495, 0.9997453650928328495, 1.000000000000000000 ) ) 
 REPRESENTATION_ITEM ( '' )  );
#8562 = ORIENTED_EDGE ( 'NONE', *, *, #6792, .F. ) ;
#8563 = CARTESIAN_POINT ( 'NONE',  ( -6.999999999999999112, 37.21243556529822172, -22.69999999999998863 ) ) ;
#8564 = CARTESIAN_POINT ( 'NONE',  ( 7.300000000000174794, 60.00000000000000000, -19.71005050633883826 ) ) ;
#8565 = DIRECTION ( 'NONE',  ( -1.000000000000000000, 0.000000000000000000, 0.000000000000000000 ) ) ;
#8566 = CARTESIAN_POINT ( 'NONE',  ( 15.00000000000008171, 70.00000000000000000, -31.50000000000002842 ) ) ;
#8567 = AXIS2_PLACEMENT_3D ( 'NONE', #7546, #6106, #4502 ) ;
#8568 = CYLINDRICAL_SURFACE ( 'NONE', #5314, 1.399999999999998579 ) ;
#8569 = CARTESIAN_POINT ( 'NONE',  ( 30.64837814533714422, 52.78722853469636078, 2.568490795507575974 ) ) ;
#8570 = DIRECTION ( 'NONE',  ( 0.000000000000000000, 1.000000000000000000, 0.000000000000000000 ) ) ;
#8571 = DIRECTION ( 'NONE',  ( 0.000000000000000000, -0.000000000000000000, 1.000000000000000000 ) ) ;
#8572 = CARTESIAN_POINT ( 'NONE',  ( 0.3247981769914858319, 52.88292342333715368, 3.729706235593639896 ) ) ;
#8573 = ORIENTED_EDGE ( 'NONE', *, *, #784, .F. ) ;
#8574 = DIRECTION ( 'NONE',  ( 1.000000000000000000, -0.000000000000000000, -0.000000000000000000 ) ) ;
#8575 = CARTESIAN_POINT ( 'NONE',  ( 19.99999999999999645, 32.00000000000000711, -41.49999999999999289 ) ) ;
#8576 = DIRECTION ( 'NONE',  ( 1.000000000000000000, 0.000000000000000000, 0.000000000000000000 ) ) ;
#8577 = VECTOR ( 'NONE', #156, 1000.000000000000114 ) ;
#8578 = CIRCLE ( 'NONE', #6836, 3.000000000000002665 ) ;
#8579 = CARTESIAN_POINT ( 'NONE',  ( 17.78284271247460424, 16.00000000000000000, -6.600000000000000533 ) ) ;
#8580 = EDGE_CURVE ( 'NONE', #4520, #5845, #7965, .T. ) ;
#8581 = CARTESIAN_POINT ( 'NONE',  ( -6.999999999999999112, 17.21243556529821461, -22.69999999999998863 ) ) ;
#8582 = ORIENTED_EDGE ( 'NONE', *, *, #3367, .T. ) ;
#8583 = VECTOR ( 'NONE', #6597, 1000.000000000000000 ) ;
#8584 = ORIENTED_EDGE ( 'NONE', *, *, #9169, .F. ) ;
#8585 = VECTOR ( 'NONE', #6168, 1000.000000000000000 ) ;
#8586 = LINE ( 'NONE', #2596, #8407 ) ;
#8587 = VERTEX_POINT ( 'NONE', #7923 ) ;
#8588 = EDGE_CURVE ( 'NONE', #665, #4888, #5744, .T. ) ;
#8589 = EDGE_CURVE ( 'NONE', #2340, #131, #8023, .T. ) ;
#8590 = FACE_OUTER_BOUND ( 'NONE', #6741, .T. ) ;
#8591 = AXIS2_PLACEMENT_3D ( 'NONE', #6919, #2278, #5524 ) ;
#8592 = CARTESIAN_POINT ( 'NONE',  ( 22.00000000000000000, 4.000000000000000000, -59.00000000000000000 ) ) ;
#8593 = CIRCLE ( 'NONE', #3797, 1.399999999999998579 ) ;
#8594 = CARTESIAN_POINT ( 'NONE',  ( 28.91336883292757420, 53.85141931893404887, 2.487755512296972782 ) ) ;
#8595 = EDGE_LOOP ( 'NONE', ( #2314, #5754, #9344, #8001 ) ) ;
#8596 = VERTEX_POINT ( 'NONE', #9527 ) ;
#8597 = EDGE_CURVE ( 'NONE', #7728, #1702, #7421, .T. ) ;
#8598 = VECTOR ( 'NONE', #9395, 1000.000000000000114 ) ;
#8599 = VERTEX_POINT ( 'NONE', #2880 ) ;
#8600 = DIRECTION ( 'NONE',  ( 0.000000000000000000, -1.000000000000000000, 0.000000000000000000 ) ) ;
#8601 = CARTESIAN_POINT ( 'NONE',  ( 30.79194195223463382, 52.13754703248221034, 5.249884142447619695 ) ) ;
#8602 = ORIENTED_EDGE ( 'NONE', *, *, #6010, .F. ) ;
#8603 = EDGE_CURVE ( 'NONE', #3105, #6873, #803, .T. ) ;
#8604 = CARTESIAN_POINT ( 'NONE',  ( -6.999999999999999112, 16.00000000000000000, -20.59999999999999787 ) ) ;
#8605 = DIRECTION ( 'NONE',  ( 0.000000000000000000, 0.000000000000000000, -1.000000000000000000 ) ) ;
#8606 = CYLINDRICAL_SURFACE ( 'NONE', #2109, 0.6999999999999940714 ) ;
#8607 = ORIENTED_EDGE ( 'NONE', *, *, #247, .F. ) ;
#8608 = DIRECTION ( 'NONE',  ( 0.000000000000000000, 0.000000000000000000, 1.000000000000000000 ) ) ;
#8609 = AXIS2_PLACEMENT_3D ( 'NONE', #2431, #339, #5627 ) ;
#8610 = DIRECTION ( 'NONE',  ( 0.000000000000000000, 0.000000000000000000, 1.000000000000000000 ) ) ;
#8611 = ORIENTED_EDGE ( 'NONE', *, *, #3490, .T. ) ;
#8612 = ORIENTED_EDGE ( 'NONE', *, *, #318, .T. ) ;
#8613 = CARTESIAN_POINT ( 'NONE',  ( 0.000000000000000000, 30.00000000000000355, -15.00000000000000178 ) ) ;
#8614 = DIRECTION ( 'NONE',  ( -1.000000000000000000, 0.000000000000000000, 8.855468320851990103E-14 ) ) ;
#8615 = CARTESIAN_POINT ( 'NONE',  ( 22.76862729931198359, 50.81964912922310873, -18.17650416334269181 ) ) ;
#8616 = DIRECTION ( 'NONE',  ( -1.000000000000000000, 0.000000000000000000, 5.873343889775981244E-16 ) ) ;
#8617 = CIRCLE ( 'NONE', #4316, 1.400000000000001021 ) ;
#8618 = FACE_OUTER_BOUND ( 'NONE', #6284, .T. ) ;
#8619 = CARTESIAN_POINT ( 'NONE',  ( 14.99999999999987566, 60.00000000000000711, -1.499999999999967804 ) ) ;
#8620 = CARTESIAN_POINT ( 'NONE',  ( 12.03637371479326745, 34.94837507499682516, -7.073392686021042763 ) ) ;
#8621 = DIRECTION ( 'NONE',  ( 0.000000000000000000, 0.000000000000000000, 1.000000000000000000 ) ) ;
#8622 = CARTESIAN_POINT ( 'NONE',  ( -3.000000000000011990, 51.64999999999999858, 3.000000000000003553 ) ) ;
#8623 = CARTESIAN_POINT ( 'NONE',  ( 7.999999999999998224, 4.000000000000000000, -59.00000000000000000 ) ) ;
#8624 = CARTESIAN_POINT ( 'NONE',  ( 1.051750269205306676, 53.78933160895240206, 2.553838735954018446 ) ) ;
#8625 = VECTOR ( 'NONE', #3751, 1000.000000000000000 ) ;
#8626 = VERTEX_POINT ( 'NONE', #2682 ) ;
#8627 = FACE_OUTER_BOUND ( 'NONE', #3128, .T. ) ;
#8628 = DIRECTION ( 'NONE',  ( -1.000000000000000000, 0.000000000000000000, 0.000000000000000000 ) ) ;
#8629 = CARTESIAN_POINT ( 'NONE',  ( 22.00000000000000000, 47.00000000000000000, -59.00000000000000000 ) ) ;
#8630 = DIRECTION ( 'NONE',  ( 0.000000000000000000, 1.000000000000000000, -0.000000000000000000 ) ) ;
#8631 = CARTESIAN_POINT ( 'NONE',  ( 20.03757457902520045, 29.00000000000000711, -32.74092823223869431 ) ) ;
#8632 = ORIENTED_EDGE ( 'NONE', *, *, #9070, .T. ) ;
#8633 = VECTOR ( 'NONE', #9025, 1000.000000000000000 ) ;
#8634 = EDGE_CURVE ( 'NONE', #3091, #3142, #8175, .T. ) ;
#8635 = VERTEX_POINT ( 'NONE', #8072 ) ;
#8636 = EDGE_CURVE ( 'NONE', #9205, #8255, #8879, .T. ) ;
#8637 = CARTESIAN_POINT ( 'NONE',  ( 23.89497474683053824, 60.00000000000000000, -17.98786796564399637 ) ) ;
#8638 = CARTESIAN_POINT ( 'NONE',  ( 8.592893218813633993, 40.32536866118699237, -19.71005050633883826 ) ) ;
#8639 = FACE_OUTER_BOUND ( 'NONE', #2173, .T. ) ;
#8640 = AXIS2_PLACEMENT_3D ( 'NONE', #5181, #1979, #384 ) ;
#8641 = DIRECTION ( 'NONE',  ( -1.000000000000000000, 0.000000000000000000, 8.855468320851990103E-14 ) ) ;
#8642 = CARTESIAN_POINT ( 'NONE',  ( 31.97942002838298592, 51.74713117927009165, 6.747166204384176247 ) ) ;
#8643 = EDGE_CURVE ( 'NONE', #4296, #7344, #2703, .T. ) ;
#8644 = ADVANCED_FACE ( 'NONE', ( #591 ), #3632, .T. ) ;
#8645 = VERTEX_POINT ( 'NONE', #6688 ) ;
#8646 = ORIENTED_EDGE ( 'NONE', *, *, #4933, .T. ) ;
#8647 = EDGE_CURVE ( 'NONE', #9044, #7792, #4232, .T. ) ;
#8648 = EDGE_CURVE ( 'NONE', #4048, #7493, #1754, .T. ) ;
#8649 = AXIS2_PLACEMENT_3D ( 'NONE', #5214, #4404, #8958 ) ;
#8650 = EDGE_LOOP ( 'NONE', ( #468, #1168, #1119, #1167, #1160, #390, #3949, #6135, #5619, #5164, #7749, #4438, #2229, #6959, #1156, #4545 ) ) ;
#8651 = FACE_BOUND ( 'NONE', #3917, .T. ) ;
#8652 = CARTESIAN_POINT ( 'NONE',  ( 31.48651251006329232, 51.87075766161608215, 6.133608589466457595 ) ) ;
#8653 = ORIENTED_EDGE ( 'NONE', *, *, #7367, .T. ) ;
#8654 = CARTESIAN_POINT ( 'NONE',  ( 22.00000000000000000, 32.00000000000000000, -56.49999999999999289 ) ) ;
#8655 = CARTESIAN_POINT ( 'NONE',  ( 4.999999999999997335, 60.00000000000000000, -4.999999999999996447 ) ) ;
#8656 = DIRECTION ( 'NONE',  ( 0.000000000000000000, 0.000000000000000000, -1.000000000000000000 ) ) ;
#8657 = ORIENTED_EDGE ( 'NONE', *, *, #109, .F. ) ;
#8658 = CIRCLE ( 'NONE', #3392, 1.400000000000000133 ) ;
#8659 = DIRECTION ( 'NONE',  ( 0.000000000000000000, 0.000000000000000000, 1.000000000000000000 ) ) ;
#8660 = VERTEX_POINT ( 'NONE', #7381 ) ;
#8661 = VERTEX_POINT ( 'NONE', #5093 ) ;
#8662 = CARTESIAN_POINT ( 'NONE',  ( 19.71005050633881339, 46.44956037241001212, -7.299999999999954525 ) ) ;
#8663 = CARTESIAN_POINT ( 'NONE',  ( 19.71005050633889510, 60.00000000000000000, -21.40710678118653121 ) ) ;
#8664 = CARTESIAN_POINT ( 'NONE',  ( 23.51696431499154372, 52.43721370360665901, -17.78484273818618888 ) ) ;
#8665 = DIRECTION ( 'NONE',  ( 0.000000000000000000, 0.000000000000000000, 1.000000000000000000 ) ) ;
#8666 = DIRECTION ( 'NONE',  ( -0.000000000000000000, -1.000000000000000000, -0.000000000000000000 ) ) ;
#8667 = LINE ( 'NONE', #4923, #6103 ) ;
#8668 = CARTESIAN_POINT ( 'NONE',  ( 11.66925982622307778, 34.78756443470179960, -7.299999999999950084 ) ) ;
#8669 = CARTESIAN_POINT ( 'NONE',  ( 17.79186592017359914, 15.40753023728432325, -23.27765016612220350 ) ) ;
#8670 = CARTESIAN_POINT ( 'NONE',  ( 11.78336837499679746, 41.18510378665752825, -7.261123465622667084 ) ) ;
#8671 = EDGE_CURVE ( 'NONE', #4373, #9358, #1293, .T. ) ;
#8672 = ORIENTED_EDGE ( 'NONE', *, *, #1874, .F. ) ;
#8673 = FACE_BOUND ( 'NONE', #7919, .T. ) ;
#8674 = CARTESIAN_POINT ( 'NONE',  ( -0.1171133640906385082, 53.81187017890812996, 0.8483556149944471159 ) ) ;
#8675 = ORIENTED_EDGE ( 'NONE', *, *, #4465, .T. ) ;
#8676 = FACE_OUTER_BOUND ( 'NONE', #8187, .T. ) ;
#8677 = CARTESIAN_POINT ( 'NONE',  ( 19.71005050633889510, 34.73174228522552198, -21.40710678118653121 ) ) ;
#8678 = DIRECTION ( 'NONE',  ( 0.7071067811865495711, -0.000000000000000000, 0.7071067811865454633 ) ) ;
#8679 = EDGE_CURVE ( 'NONE', #7496, #4534, #4188, .T. ) ;
#8680 = LINE ( 'NONE', #7039, #7938 ) ;
#8681 = CARTESIAN_POINT ( 'NONE',  ( 23.27821405490509932, 23.40927632607119335, -12.20818862162029816 ) ) ;
#8682 = ORIENTED_EDGE ( 'NONE', *, *, #1205, .T. ) ;
#8683 = VERTEX_POINT ( 'NONE', #7330 ) ;
#8684 = AXIS2_PLACEMENT_3D ( 'NONE', #4683, #7633, #4033 ) ;
#8685 = DIRECTION ( 'NONE',  ( -0.7071067811865454633, 0.000000000000000000, 0.7071067811865495711 ) ) ;
#8686 = CARTESIAN_POINT ( 'NONE',  ( 11.51715728752552970, 0.000000000000000000, -7.299999999999952749 ) ) ;
#8687 = DIRECTION ( 'NONE',  ( 0.000000000000000000, 0.000000000000000000, 1.000000000000000000 ) ) ;
#8688 = DIRECTION ( 'NONE',  ( 1.000000000000000000, 0.000000000000000000, 0.000000000000000000 ) ) ;
#8689 = CARTESIAN_POINT ( 'NONE',  ( 32.36038530493389231, 51.68690440753044868, 7.216494068648098725 ) ) ;
#8690 = EDGE_LOOP ( 'NONE', ( #4840, #262 ) ) ;
#8691 = CIRCLE ( 'NONE', #9020, 1.500000000000046407 ) ;
#8692 = EDGE_LOOP ( 'NONE', ( #8445, #41, #9597, #9424 ) ) ;
#8693 = EDGE_LOOP ( 'NONE', ( #85, #1963, #6319, #7439, #6981, #3711, #9165, #3093, #9198, #739 ) ) ;
#8694 = FACE_OUTER_BOUND ( 'NONE', #554, .T. ) ;
#8695 = FACE_OUTER_BOUND ( 'NONE', #7051, .T. ) ;
#8696 = CARTESIAN_POINT ( 'NONE',  ( 32.62523129182268633, 51.66316331421256081, 7.541241320031862649 ) ) ;
#8697 = VERTEX_POINT ( 'NONE', #2782 ) ;
#8698 = DIRECTION ( 'NONE',  ( -0.000000000000000000, -0.000000000000000000, 1.000000000000000000 ) ) ;
#8699 = CARTESIAN_POINT ( 'NONE',  ( 22.00000000000000000, 47.00000000000000000, -59.00000000000000000 ) ) ;
#8700 = VECTOR ( 'NONE', #1360, 1000.000000000000000 ) ;
#8701 = FACE_OUTER_BOUND ( 'NONE', #8319, .T. ) ;
#8702 = EDGE_CURVE ( 'NONE', #7148, #4447, #4285, .T. ) ;
#8703 =( BOUNDED_CURVE ( )  B_SPLINE_CURVE ( 3, ( #1658, #4695, #900, #2599 ),
 .UNSPECIFIED., .F., .T. ) 
 B_SPLINE_CURVE_WITH_KNOTS ( ( 4, 4 ),
 ( 3.141592653589793116, 4.275088902781700284 ),
 .UNSPECIFIED. ) 
 CURVE ( )  GEOMETRIC_REPRESENTATION_ITEM ( )  RATIONAL_B_SPLINE_CURVE ( ( 1.000000000000000000, 0.8957675578916580728, 0.8957675578916580728, 1.000000000000000000 ) ) 
 REPRESENTATION_ITEM ( '' )  );
#8704 = ORIENTED_EDGE ( 'NONE', *, *, #1272, .T. ) ;
#8705 = EDGE_CURVE ( 'NONE', #402, #2835, #2035, .T. ) ;
#8706 = CARTESIAN_POINT ( 'NONE',  ( 28.50000000000000000, 55.43947368421052602, 1.197686559409050000 ) ) ;
#8707 = EDGE_LOOP ( 'NONE', ( #4109, #7708, #2204, #6648 ) ) ;
#8708 = VECTOR ( 'NONE', #379, 1000.000000000000000 ) ;
#8709 = ORIENTED_EDGE ( 'NONE', *, *, #6025, .F. ) ;
#8710 = DIRECTION ( 'NONE',  ( 1.000000000000000000, -0.000000000000000000, -0.000000000000000000 ) ) ;
#8711 = EDGE_CURVE ( 'NONE', #2594, #5018, #6547, .T. ) ;
#8712 = LINE ( 'NONE', #5671, #4091 ) ;
#8713 = DIRECTION ( 'NONE',  ( -0.000000000000000000, 1.000000000000000000, -0.000000000000000000 ) ) ;
#8714 = CARTESIAN_POINT ( 'NONE',  ( -6.999999999999999112, 16.00000000000000000, -23.39999999999999503 ) ) ;
#8715 = CARTESIAN_POINT ( 'NONE',  ( 19.71005050633889510, 60.00000000000000000, -21.40710678118653121 ) ) ;
#8716 = FACE_OUTER_BOUND ( 'NONE', #7254, .T. ) ;
#8717 = CARTESIAN_POINT ( 'NONE',  ( 32.44785076910165600, 51.70120763103044936, 6.793903941120846390 ) ) ;
#8718 = EDGE_CURVE ( 'NONE', #832, #9129, #1342, .T. ) ;
#8719 = CARTESIAN_POINT ( 'NONE',  ( 11.51715728752552792, 34.78756443470181381, -7.299999999999952749 ) ) ;
#8720 = AXIS2_PLACEMENT_3D ( 'NONE', #2074, #6766, #8203 ) ;
#8721 = CARTESIAN_POINT ( 'NONE',  ( -3.000000000000006217, 51.64999999999999858, 59.50000000000000711 ) ) ;
#8722 = CARTESIAN_POINT ( 'NONE',  ( 20.60000000000000142, 24.00000000000000000, -30.00000000000000000 ) ) ;
#8723 = CARTESIAN_POINT ( 'NONE',  ( -0.8846901713122163891, 52.52213366050805377, 3.188074113758246231 ) ) ;
#8724 = ORIENTED_EDGE ( 'NONE', *, *, #9791, .T. ) ;
#8725 = ORIENTED_EDGE ( 'NONE', *, *, #2512, .T. ) ;
#8726 = AXIS2_PLACEMENT_3D ( 'NONE', #5507, #9193, #6949 ) ;
#8727 = LINE ( 'NONE', #7179, #9171 ) ;
#8728 = CARTESIAN_POINT ( 'NONE',  ( 29.01827986923035141, 28.08141489341835495, -30.16186722613434412 ) ) ;
#8729 = CARTESIAN_POINT ( 'NONE',  ( 19.50000000000016342, 0.000000000000000000, -12.19705627484766630 ) ) ;
#8730 = CARTESIAN_POINT ( 'NONE',  ( 17.96362628520685689, 14.94837507499683049, -7.073392686021045428 ) ) ;
#8731 = DIRECTION ( 'NONE',  ( -0.000000000000000000, 1.000000000000000000, -0.000000000000000000 ) ) ;
#8732 = CIRCLE ( 'NONE', #1075, 1.500000000000001332 ) ;
#8733 = ORIENTED_EDGE ( 'NONE', *, *, #9644, .F. ) ;
#8734 = VERTEX_POINT ( 'NONE', #736 ) ;
#8735 = VECTOR ( 'NONE', #2991, 1000.000000000000000 ) ;
#8736 = VECTOR ( 'NONE', #6447, 1000.000000000000000 ) ;
#8737 = CARTESIAN_POINT ( 'NONE',  ( 22.69999999999994955, 50.68817955499562089, -18.48284271247463550 ) ) ;
#8738 = DIRECTION ( 'NONE',  ( 8.810015834663948693E-16, -0.000000000000000000, 1.000000000000000000 ) ) ;
#8739 = CARTESIAN_POINT ( 'NONE',  ( 12.11735222048577754, 36.96291095198317578, -6.973131547181480983 ) ) ;
#8740 = ORIENTED_EDGE ( 'NONE', *, *, #8284, .T. ) ;
#8741 = CIRCLE ( 'NONE', #4594, 8.000000000000000000 ) ;
#8742 = MANIFOLD_SOLID_BREP ( 'Cut-Extrude4', #3530 ) ;
#8743 = VECTOR ( 'NONE', #1287, 1000.000000000000000 ) ;
#8744 = VERTEX_POINT ( 'NONE', #6128 ) ;
#8745 = ADVANCED_FACE ( 'NONE', ( #690 ), #7812, .F. ) ;
#8746 = ORIENTED_EDGE ( 'NONE', *, *, #7671, .F. ) ;
#8747 = DIRECTION ( 'NONE',  ( -1.000000000000000000, 0.000000000000000000, 0.000000000000000000 ) ) ;
#8748 = LINE ( 'NONE', #8043, #6696 ) ;
#8749 = CARTESIAN_POINT ( 'NONE',  ( 30.77844401258698426, 52.14397357946642586, 5.232391972590731299 ) ) ;
#8750 = EDGE_LOOP ( 'NONE', ( #7128, #3554, #6104, #3235 ) ) ;
#8751 = LINE ( 'NONE', #8604, #5046 ) ;
#8752 = CARTESIAN_POINT ( 'NONE',  ( 23.89497474683053824, 60.00000000000000000, -12.01213203435592014 ) ) ;
#8753 = VECTOR ( 'NONE', #5040, 1000.000000000000000 ) ;
#8754 = DIRECTION ( 'NONE',  ( 0.000000000000000000, 0.000000000000000000, -1.000000000000000000 ) ) ;
#8755 = ORIENTED_EDGE ( 'NONE', *, *, #2250, .T. ) ;
#8756 = DIRECTION ( 'NONE',  ( 0.000000000000000000, 1.000000000000000000, 0.000000000000000000 ) ) ;
#8757 = ORIENTED_EDGE ( 'NONE', *, *, #1901, .F. ) ;
#8758 = VECTOR ( 'NONE', #8152, 1000.000000000000000 ) ;
#8759 = AXIS2_PLACEMENT_3D ( 'NONE', #4246, #8086, #4301 ) ;
#8760 = ORIENTED_EDGE ( 'NONE', *, *, #1354, .F. ) ;
#8761 = CARTESIAN_POINT ( 'NONE',  ( 22.69999999999994955, 22.78756443470176052, -18.48284271247463550 ) ) ;
#8762 = DIRECTION ( 'NONE',  ( 0.000000000000000000, -1.000000000000000000, 0.000000000000000000 ) ) ;
#8763 = CYLINDRICAL_SURFACE ( 'NONE', #994, 1.500000000000046407 ) ;
#8764 = DIRECTION ( 'NONE',  ( 0.000000000000000000, 0.000000000000000000, -1.000000000000000000 ) ) ;
#8765 = ADVANCED_FACE ( 'NONE', ( #8417 ), #829, .T. ) ;
#8766 = CARTESIAN_POINT ( 'NONE',  ( 10.61213203435614361, 0.000000000000000000, -4.705025253169414334 ) ) ;
#8767 = CARTESIAN_POINT ( 'NONE',  ( 19.71005050633881339, 37.26825771477451354, -8.592893218813411949 ) ) ;
#8768 = CARTESIAN_POINT ( 'NONE',  ( 32.74088450193728761, 51.66121072034796669, 7.434992774080456002 ) ) ;
#8769 = CIRCLE ( 'NONE', #4623, 1.500000000000046407 ) ;
#8770 = LINE ( 'NONE', #3623, #765 ) ;
#8771 = DIRECTION ( 'NONE',  ( 1.000000000000000000, 0.000000000000000000, 0.000000000000000000 ) ) ;
#8772 = CARTESIAN_POINT ( 'NONE',  ( -0.03879894036076276392, 54.15389269875065281, 0.4300207356523351732 ) ) ;
#8773 = EDGE_CURVE ( 'NONE', #7312, #7080, #2974, .T. ) ;
#8774 = ORIENTED_EDGE ( 'NONE', *, *, #9425, .F. ) ;
#8775 = ADVANCED_FACE ( 'NONE', ( #6923 ), #89, .F. ) ;
#8776 = CIRCLE ( 'NONE', #1290, 1.399999999999998579 ) ;
#8777 = EDGE_CURVE ( 'NONE', #5522, #6706, #8769, .T. ) ;
#8778 = ORIENTED_EDGE ( 'NONE', *, *, #9392, .F. ) ;
#8779 = CARTESIAN_POINT ( 'NONE',  ( 18.90294372515236532, 16.55940704256034834, -20.59999999999999787 ) ) ;
#8780 = DIRECTION ( 'NONE',  ( -1.000000000000000000, 0.000000000000000000, 0.000000000000000000 ) ) ;
#8781 = CARTESIAN_POINT ( 'NONE',  ( 4.705025253169601740, 60.00000000000000000, -5.000000000000000888 ) ) ;
#8782 = CARTESIAN_POINT ( 'NONE',  ( 22.00000000000000000, 49.00000000000000000, -38.00000000000000000 ) ) ;
#8783 = AXIS2_PLACEMENT_3D ( 'NONE', #4793, #7047, #5466 ) ;
#8784 = DIRECTION ( 'NONE',  ( -0.000000000000000000, -1.000000000000000000, -0.000000000000000000 ) ) ;
#8785 = DIRECTION ( 'NONE',  ( -0.000000000000000000, 1.000000000000000000, -0.000000000000000000 ) ) ;
#8786 = ORIENTED_EDGE ( 'NONE', *, *, #7723, .F. ) ;
#8787 = EDGE_CURVE ( 'NONE', #1942, #7393, #5275, .T. ) ;
#8788 = ORIENTED_EDGE ( 'NONE', *, *, #1312, .F. ) ;
#8789 = CARTESIAN_POINT ( 'NONE',  ( 22.75439911253678105, 5.183913352014588583, -11.82164130191882379 ) ) ;
#8790 = CARTESIAN_POINT ( 'NONE',  ( 6.203281390608158752, 40.03598743425037298, -17.88961182820542106 ) ) ;
#8791 = CARTESIAN_POINT ( 'NONE',  ( 19.71005050633889510, 14.73174228522551310, -21.40710678118653121 ) ) ;
#8792 = CARTESIAN_POINT ( 'NONE',  ( 6.977002725079060497, 23.04191574826199940, -12.11002771204316986 ) ) ;
#8793 = EDGE_CURVE ( 'NONE', #7321, #9652, #2929, .T. ) ;
#8794 = VERTEX_POINT ( 'NONE', #9024 ) ;
#8795 = AXIS2_PLACEMENT_3D ( 'NONE', #1492, #737, #787 ) ;
#8796 = VERTEX_POINT ( 'NONE', #9073 ) ;
#8797 = EDGE_LOOP ( 'NONE', ( #1961, #2150, #6209, #2797, #8279, #7345 ) ) ;
#8798 = ORIENTED_EDGE ( 'NONE', *, *, #112, .F. ) ;
#8799 = CARTESIAN_POINT ( 'NONE',  ( 10.28994949366122214, 14.73174228522551310, -21.40710678118653121 ) ) ;
#8800 = DIRECTION ( 'NONE',  ( 1.000000000000000000, -0.000000000000000000, -0.000000000000000000 ) ) ;
#8801 = CARTESIAN_POINT ( 'NONE',  ( 32.33515374788557750, 51.69143608643647525, 7.185353461464638158 ) ) ;
#8802 = EDGE_LOOP ( 'NONE', ( #7693, #3768, #2702, #7806 ) ) ;
#8803 = CARTESIAN_POINT ( 'NONE',  ( 20.90034085445341461, 2.968648458147348901, -19.20328457960571811 ) ) ;
#8804 = AXIS2_PLACEMENT_3D ( 'NONE', #2321, #5227, #3015 ) ;
#8805 = CARTESIAN_POINT ( 'NONE',  ( 25.29497474683051905, 36.00000000000000711, -21.99999999999999645 ) ) ;
#8806 = CARTESIAN_POINT ( 'NONE',  ( 19.09289321881340129, 60.00000000000000000, -24.99999999999999645 ) ) ;
#8807 = VERTEX_POINT ( 'NONE', #2181 ) ;
#8808 = DIRECTION ( 'NONE',  ( 0.000000000000000000, 0.000000000000000000, 1.000000000000000000 ) ) ;
#8809 = EDGE_LOOP ( 'NONE', ( #8850, #839, #297, #1867 ) ) ;
#8810 = AXIS2_PLACEMENT_3D ( 'NONE', #8564, #9362, #7070 ) ;
#8811 = ORIENTED_EDGE ( 'NONE', *, *, #5073, .F. ) ;
#8812 = FACE_OUTER_BOUND ( 'NONE', #209, .T. ) ;
#8813 = CARTESIAN_POINT ( 'NONE',  ( 15.00000000000000000, 70.00000000000000000, -34.97500000000000853 ) ) ;
#8814 = DIRECTION ( 'NONE',  ( 0.000000000000000000, 0.000000000000000000, -1.000000000000000000 ) ) ;
#8815 = LINE ( 'NONE', #8714, #7582 ) ;
#8816 = DIRECTION ( 'NONE',  ( -1.000000000000000000, 0.000000000000000000, 0.000000000000000000 ) ) ;
#8817 = CARTESIAN_POINT ( 'NONE',  ( 6.600000000000168399, 60.00000000000000000, -12.21715728752533359 ) ) ;
#8818 = CARTESIAN_POINT ( 'NONE',  ( 32.70288134462338547, 51.66470989106247913, 7.352030283744046990 ) ) ;
#8819 = VECTOR ( 'NONE', #7660, 1000.000000000000000 ) ;
#8820 = CARTESIAN_POINT ( 'NONE',  ( 32.80061738179671238, 51.65609065630162178, 7.565365855283030072 ) ) ;
#8821 = ORIENTED_EDGE ( 'NONE', *, *, #3882, .T. ) ;
#8822 = ADVANCED_FACE ( 'NONE', ( #5238 ), #8275, .T. ) ;
#8823 = DIRECTION ( 'NONE',  ( 0.000000000000000000, 0.000000000000000000, 1.000000000000000000 ) ) ;
#8824 = CARTESIAN_POINT ( 'NONE',  ( -1.356185595558700996, 52.13877797845075435, 4.335250907584247138 ) ) ;
#8825 = ORIENTED_EDGE ( 'NONE', *, *, #2617, .T. ) ;
#8826 = EDGE_CURVE ( 'NONE', #2996, #2652, #1491, .T. ) ;
#8827 = ORIENTED_EDGE ( 'NONE', *, *, #4132, .F. ) ;
#8828 = LINE ( 'NONE', #2681, #3588 ) ;
#8829 = CARTESIAN_POINT ( 'NONE',  ( 6.721866218463865117, 4.590956406574886017, -12.20817980467238151 ) ) ;
#8830 = DIRECTION ( 'NONE',  ( 1.000000000000000000, 0.000000000000000000, 0.000000000000000000 ) ) ;
#8831 = CARTESIAN_POINT ( 'NONE',  ( 9.399999999999998579, 24.00000000000000000, -4.705025253169418775 ) ) ;
#8832 = EDGE_CURVE ( 'NONE', #3155, #252, #8446, .T. ) ;
#8833 = EDGE_CURVE ( 'NONE', #3240, #9358, #9124, .T. ) ;
#8834 = CARTESIAN_POINT ( 'NONE',  ( 6.972726246787630089, 24.96245464532838554, -12.11757758554543329 ) ) ;
#8835 = DIRECTION ( 'NONE',  ( 0.000000000000000000, 0.000000000000000000, -1.000000000000000000 ) ) ;
#8836 = ORIENTED_EDGE ( 'NONE', *, *, #9636, .T. ) ;
#8837 = ORIENTED_EDGE ( 'NONE', *, *, #3503, .F. ) ;
#8838 = FACE_OUTER_BOUND ( 'NONE', #2520, .T. ) ;
#8839 = ADVANCED_FACE ( 'NONE', ( #1074 ), #3920, .T. ) ;
#8840 = CARTESIAN_POINT ( 'NONE',  ( 19.20328457960579982, 37.03135154185269329, -20.90034085445343237 ) ) ;
#8841 = DIRECTION ( 'NONE',  ( 1.000000000000000000, 0.000000000000000000, -8.673617379884034239E-17 ) ) ;
#8842 = ORIENTED_EDGE ( 'NONE', *, *, #4161, .F. ) ;
#8843 = ORIENTED_EDGE ( 'NONE', *, *, #2513, .T. ) ;
#8844 = ORIENTED_EDGE ( 'NONE', *, *, #2550, .T. ) ;
#8845 = VECTOR ( 'NONE', #3885, 1000.000000000000000 ) ;
#8846 = ORIENTED_EDGE ( 'NONE', *, *, #5176, .F. ) ;
#8847 = CARTESIAN_POINT ( 'NONE',  ( 30.00000000000006040, 70.00000000000000000, -16.49999999999989342 ) ) ;
#8848 = CARTESIAN_POINT ( 'NONE',  ( 25.00000000000000000, 60.00000000000000000, -5.000000000000000000 ) ) ;
#8849 = CARTESIAN_POINT ( 'NONE',  ( 28.50000000000000000, 55.43947368421052602, 1.197686559409050000 ) ) ;
#8850 = ORIENTED_EDGE ( 'NONE', *, *, #6642, .F. ) ;
#8851 = CARTESIAN_POINT ( 'NONE',  ( 20.60000000000000142, 3.440592957439674748, -18.90294372515227650 ) ) ;
#8852 = DIRECTION ( 'NONE',  ( 0.000000000000000000, 0.000000000000000000, 1.000000000000000000 ) ) ;
#8853 = CARTESIAN_POINT ( 'NONE',  ( 22.00000000000000000, 4.000000000000000000, -59.00000000000000000 ) ) ;
#8854 = EDGE_CURVE ( 'NONE', #8744, #4351, #7864, .T. ) ;
#8855 = VECTOR ( 'NONE', #7523, 1000.000000000000000 ) ;
#8856 = ORIENTED_EDGE ( 'NONE', *, *, #4802, .T. ) ;
#8857 = PLANE ( 'NONE',  #9873 ) ;
#8858 = ORIENTED_EDGE ( 'NONE', *, *, #5350, .F. ) ;
#8859 = EDGE_CURVE ( 'NONE', #5801, #8947, #4871, .T. ) ;
#8860 = ORIENTED_EDGE ( 'NONE', *, *, #7764, .T. ) ;
#8861 = CARTESIAN_POINT ( 'NONE',  ( 19.50000000000016342, 30.00000000000000355, -15.00000000000000178 ) ) ;
#8862 = AXIS2_PLACEMENT_3D ( 'NONE', #6024, #3571, #9664 ) ;
#8863 = ADVANCED_FACE ( 'NONE', ( #237 ), #874, .F. ) ;
#8864 = CARTESIAN_POINT ( 'NONE',  ( 11.51715728752298773, 14.78756443469979587, -22.69999999999913598 ) ) ;
#8865 = DIRECTION ( 'NONE',  ( 1.000000000000000000, 0.000000000000000000, 0.000000000000000000 ) ) ;
#8866 = LINE ( 'NONE', #5132, #3753 ) ;
#8867 = EDGE_CURVE ( 'NONE', #4557, #2411, #1728, .T. ) ;
#8868 = PLANE ( 'NONE',  #5124 ) ;
#8869 = CARTESIAN_POINT ( 'NONE',  ( 8.592893218813628664, 25.26825771477441052, -10.28994949366115996 ) ) ;
#8870 = CARTESIAN_POINT ( 'NONE',  ( 32.13864201918907071, 51.77501740001498121, 6.112476949529096260 ) ) ;
#8871 = CARTESIAN_POINT ( 'NONE',  ( -2.893151941476004740, 51.65159866508121667, 7.767145054278345562 ) ) ;
#8872 = ORIENTED_EDGE ( 'NONE', *, *, #6211, .F. ) ;
#8873 = CARTESIAN_POINT ( 'NONE',  ( 17.57417309620764456, 49.91295520074472591, -30.83669607998979600 ) ) ;
#8874 = CARTESIAN_POINT ( 'NONE',  ( -1.665029060556803220, 51.95745853973869544, 5.051091828545773765 ) ) ;
#8875 = VECTOR ( 'NONE', #7609, 1000.000000000000000 ) ;
#8876 = ORIENTED_EDGE ( 'NONE', *, *, #1170, .F. ) ;
#8877 = ORIENTED_EDGE ( 'NONE', *, *, #4679, .F. ) ;
#8878 = CARTESIAN_POINT ( 'NONE',  ( 22.00000000000000000, 4.000000000000000000, -4.705025253169417887 ) ) ;
#8879 = LINE ( 'NONE', #546, #8939 ) ;
#8880 = AXIS2_PLACEMENT_3D ( 'NONE', #8861, #4464, #5926 ) ;
#8881 = LINE ( 'NONE', #2036, #4108 ) ;
#8882 = FACE_OUTER_BOUND ( 'NONE', #3364, .T. ) ;
#8883 = CARTESIAN_POINT ( 'NONE',  ( 19.71005050633878142, 60.00000000000000000, -22.69999999999998863 ) ) ;
#8884 = CARTESIAN_POINT ( 'NONE',  ( 19.38786796564398429, 60.00000000000000000, -4.705025253169416111 ) ) ;
#8885 = AXIS2_PLACEMENT_3D ( 'NONE', #9808, #6674, #2221 ) ;
#8886 = ORIENTED_EDGE ( 'NONE', *, *, #750, .F. ) ;
#8887 = ORIENTED_EDGE ( 'NONE', *, *, #4092, .T. ) ;
#8888 =( BOUNDED_CURVE ( )  B_SPLINE_CURVE ( 3, ( #6721, #9564, #7362, #6321 ),
 .UNSPECIFIED., .F., .T. ) 
 B_SPLINE_CURVE_WITH_KNOTS ( ( 4, 4 ),
 ( 5.149689057987688834, 6.283185307179586232 ),
 .UNSPECIFIED. ) 
 CURVE ( )  GEOMETRIC_REPRESENTATION_ITEM ( )  RATIONAL_B_SPLINE_CURVE ( ( 1.000000000000000000, 0.8957675578916598491, 0.8957675578916598491, 1.000000000000000000 ) ) 
 REPRESENTATION_ITEM ( '' )  );
#8889 = LINE ( 'NONE', #602, #7441 ) ;
#8890 = EDGE_CURVE ( 'NONE', #2338, #4592, #9245, .T. ) ;
#8891 = CIRCLE ( 'NONE', #3785, 1.400000000000000133 ) ;
#8892 = CARTESIAN_POINT ( 'NONE',  ( 0.5206849531979471646, 53.07934623542655572, 3.436381613446666261 ) ) ;
#8893 = CARTESIAN_POINT ( 'NONE',  ( 30.50000000000000355, 45.65000000000000568, 21.99999999999998579 ) ) ;
#8894 = ORIENTED_EDGE ( 'NONE', *, *, #1705, .T. ) ;
#8895 = ORIENTED_EDGE ( 'NONE', *, *, #797, .T. ) ;
#8896 = ORIENTED_EDGE ( 'NONE', *, *, #8854, .F. ) ;
#8897 = VECTOR ( 'NONE', #1588, 1000.000000000000000 ) ;
#8898 = ADVANCED_FACE ( 'NONE', ( #8618 ), #1779, .T. ) ;
#8899 = EDGE_CURVE ( 'NONE', #6955, #4682, #6972, .T. ) ;
#8900 = EDGE_LOOP ( 'NONE', ( #3746, #6710, #5971, #3212 ) ) ;
#8901 = CARTESIAN_POINT ( 'NONE',  ( 19.38786796564398429, 60.00000000000000000, -4.705025253169416111 ) ) ;
#8902 = CYLINDRICAL_SURFACE ( 'NONE', #5860, 0.7000000000000027311 ) ;
#8903 = VERTEX_POINT ( 'NONE', #9466 ) ;
#8904 = CARTESIAN_POINT ( 'NONE',  ( 12.19705627484785815, 60.00000000000000000, -10.49999999999995204 ) ) ;
#8905 = CARTESIAN_POINT ( 'NONE',  ( 10.28994949366131095, 60.00000000000000000, -7.299999999999952749 ) ) ;
#8906 = CARTESIAN_POINT ( 'NONE',  ( 4.999999999999997335, 70.00000000000000000, -4.999999999999998224 ) ) ;
#8907 = AXIS2_PLACEMENT_3D ( 'NONE', #4140, #9635, #9588 ) ;
#8908 = CIRCLE ( 'NONE', #9379, 1.400000000000001021 ) ;
#8909 = DIRECTION ( 'NONE',  ( 0.000000000000000000, 1.000000000000000000, -0.000000000000000000 ) ) ;
#8910 = CARTESIAN_POINT ( 'NONE',  ( 6.599999999999997868, 24.00000000000000000, -25.29497474683058300 ) ) ;
#8911 = ORIENTED_EDGE ( 'NONE', *, *, #5295, .F. ) ;
#8912 = VECTOR ( 'NONE', #6416, 1000.000000000000000 ) ;
#8913 = EDGE_CURVE ( 'NONE', #8587, #2888, #1025, .T. ) ;
#8914 = ORIENTED_EDGE ( 'NONE', *, *, #7176, .T. ) ;
#8915 = DIRECTION ( 'NONE',  ( 5.873343889775968425E-16, -0.000000000000000000, 1.000000000000000000 ) ) ;
#8916 = VECTOR ( 'NONE', #1542, 1000.000000000000000 ) ;
#8917 = FACE_OUTER_BOUND ( 'NONE', #9694, .T. ) ;
#8918 = DIRECTION ( 'NONE',  ( 0.000000000000000000, -1.000000000000000000, 1.284980352575412946E-16 ) ) ;
#8919 = CARTESIAN_POINT ( 'NONE',  ( 7.999999999999998224, 24.00000000000000000, -10.28994949366115996 ) ) ;
#8920 = LINE ( 'NONE', #2273, #7183 ) ;
#8921 = DIRECTION ( 'NONE',  ( 0.000000000000000000, 1.000000000000000000, -0.000000000000000000 ) ) ;
#8922 = CARTESIAN_POINT ( 'NONE',  ( -2.587713279967176483, 51.67838780863342407, 7.100331645098422406 ) ) ;
#8923 = EDGE_LOOP ( 'NONE', ( #9599, #9590, #693, #1597 ) ) ;
#8924 = LINE ( 'NONE', #1937, #9867 ) ;
#8925 = AXIS2_PLACEMENT_3D ( 'NONE', #6568, #4407, #7504 ) ;
#8926 = DIRECTION ( 'NONE',  ( -1.652117596168387263E-16, 0.000000000000000000, 1.000000000000000000 ) ) ;
#8927 = VECTOR ( 'NONE', #7476, 1000.000000000000000 ) ;
#8928 = ORIENTED_EDGE ( 'NONE', *, *, #3992, .F. ) ;
#8929 = ORIENTED_EDGE ( 'NONE', *, *, #5295, .T. ) ;
#8930 = FACE_OUTER_BOUND ( 'NONE', #1308, .T. ) ;
#8931 = VECTOR ( 'NONE', #8484, 1000.000000000000000 ) ;
#8932 = CARTESIAN_POINT ( 'NONE',  ( 6.795214594832007293, 4.728081338757840868, -12.19636318508766415 ) ) ;
#8933 = DIRECTION ( 'NONE',  ( -0.7071067811865469066, 0.000000000000000000, 0.7071067811865482389 ) ) ;
#8934 = DIRECTION ( 'NONE',  ( 0.000000000000000000, 0.000000000000000000, -1.000000000000000000 ) ) ;
#8935 = CARTESIAN_POINT ( 'NONE',  ( 22.69999999999995666, 50.68817955499563510, -4.999999999999996447 ) ) ;
#8936 = CARTESIAN_POINT ( 'NONE',  ( 19.71005050633881339, 60.00000000000000000, -7.299999999999954525 ) ) ;
#8937 = ADVANCED_FACE ( 'NONE', ( #1827 ), #284, .F. ) ;
#8938 = ADVANCED_FACE ( 'NONE', ( #4718 ), #6376, .F. ) ;
#8939 = VECTOR ( 'NONE', #4428, 1000.000000000000000 ) ;
#8940 = EDGE_LOOP ( 'NONE', ( #851, #4152 ) ) ;
#8941 = EDGE_LOOP ( 'NONE', ( #2789, #1337, #5003, #2005, #9241 ) ) ;
#8942 = CARTESIAN_POINT ( 'NONE',  ( 22.69999999999996021, 5.212435565298237705, -11.67149079163403158 ) ) ;
#8943 = AXIS2_PLACEMENT_3D ( 'NONE', #4612, #7458, #3865 ) ;
#8944 = FACE_OUTER_BOUND ( 'NONE', #6967, .T. ) ;
#8945 = CARTESIAN_POINT ( 'NONE',  ( 33.00000000000000000, 45.65000000000000568, 56.50000000000000711 ) ) ;
#8946 = ORIENTED_EDGE ( 'NONE', *, *, #9628, .T. ) ;
#8947 = VERTEX_POINT ( 'NONE', #9416 ) ;
#8948 =( BOUNDED_CURVE ( )  B_SPLINE_CURVE ( 3, ( #5723, #7909, #6524, #5582 ),
 .UNSPECIFIED., .F., .T. ) 
 B_SPLINE_CURVE_WITH_KNOTS ( ( 4, 4 ),
 ( 0.6087642040732955673, 0.7597619325073023955 ),
 .UNSPECIFIED. ) 
 CURVE ( )  GEOMETRIC_REPRESENTATION_ITEM ( )  RATIONAL_B_SPLINE_CURVE ( ( 1.000000000000000000, 0.9981008761873739754, 0.9981008761873739754, 1.000000000000000000 ) ) 
 REPRESENTATION_ITEM ( '' )  );
#8949 = VECTOR ( 'NONE', #6014, 1000.000000000000000 ) ;
#8950 = EDGE_CURVE ( 'NONE', #5684, #157, #9092, .T. ) ;
#8951 = ORIENTED_EDGE ( 'NONE', *, *, #1140, .T. ) ;
#8952 = EDGE_LOOP ( 'NONE', ( #9832, #7348, #7361, #6799 ) ) ;
#8953 = DIRECTION ( 'NONE',  ( 0.7071067811865474617, 0.000000000000000000, 0.7071067811865474617 ) ) ;
#8954 = DIRECTION ( 'NONE',  ( 0.000000000000000000, 0.000000000000000000, 1.000000000000000000 ) ) ;
#8955 = ORIENTED_EDGE ( 'NONE', *, *, #6652, .T. ) ;
#8956 = CARTESIAN_POINT ( 'NONE',  ( 21.40710678118649568, 60.00000000000000000, -10.28994949366116529 ) ) ;
#8957 = CYLINDRICAL_SURFACE ( 'NONE', #2884, 1.500000000000001332 ) ;
#8958 = DIRECTION ( 'NONE',  ( -1.000000000000000000, 0.000000000000000000, -0.000000000000000000 ) ) ;
#8959 = CARTESIAN_POINT ( 'NONE',  ( 11.51715728752552970, 41.09162458354359870, -7.299999999999952749 ) ) ;
#8960 = EDGE_CURVE ( 'NONE', #6796, #8599, #2031, .T. ) ;
#8961 = CARTESIAN_POINT ( 'NONE',  ( -3.122502256758252770E-14, 60.00000000000000711, -14.99999999999993960 ) ) ;
#8962 = VERTEX_POINT ( 'NONE', #8566 ) ;
#8963 = VECTOR ( 'NONE', #5991, 1000.000000000000000 ) ;
#8964 = ORIENTED_EDGE ( 'NONE', *, *, #6968, .F. ) ;
#8965 = CARTESIAN_POINT ( 'NONE',  ( 22.69999999999995666, 22.78756443470176407, -59.00000000000000000 ) ) ;
#8966 = LINE ( 'NONE', #2120, #2182 ) ;
#8967 = FACE_OUTER_BOUND ( 'NONE', #7088, .T. ) ;
#8968 = DIRECTION ( 'NONE',  ( -0.7071067811865482389, 0.000000000000000000, 0.7071067811865469066 ) ) ;
#8969 = CYLINDRICAL_SURFACE ( 'NONE', #9098, 3.000000000000000000 ) ;
#8970 = CARTESIAN_POINT ( 'NONE',  ( -6.999999999999999112, 30.00000000000000355, -17.49999999999999645 ) ) ;
#8971 = CARTESIAN_POINT ( 'NONE',  ( 24.62821063288074441, 55.55737269381238264, -11.27889614830571219 ) ) ;
#8972 = EDGE_LOOP ( 'NONE', ( #3772, #1347, #935, #6774, #8479, #5909, #1723, #2004, #6927, #4715, #9374, #5287, #5429, #7291, #265, #4394, #7703, #1687, #9077, #7531, #3745, #9815, #2043, #2055, #5515, #424, #3044, #4765, #8740, #5540, #3190, #8544, #2410, #177, #4968, #505, #5412, #7388, #4166, #8318, #3698, #3137, #8877, #8896, #7352, #1338, #7957, #225, #4762, #2242, #6007, #7838, #5703, #3163 ) ) ;
#8973 = VECTOR ( 'NONE', #3159, 1000.000000000000000 ) ;
#8974 = DIRECTION ( 'NONE',  ( 0.000000000000000000, 0.000000000000000000, 1.000000000000000000 ) ) ;
#8975 = LINE ( 'NONE', #1336, #1414 ) ;
#8976 = VERTEX_POINT ( 'NONE', #4769 ) ;
#8977 =( BOUNDED_CURVE ( )  B_SPLINE_CURVE ( 3, ( #9031, #1391, #9736, #1543 ),
 .UNSPECIFIED., .F., .T. ) 
 B_SPLINE_CURVE_WITH_KNOTS ( ( 4, 4 ),
 ( 0.000000000000000000, 1.047197551196602294 ),
 .UNSPECIFIED. ) 
 CURVE ( )  GEOMETRIC_REPRESENTATION_ITEM ( )  RATIONAL_B_SPLINE_CURVE ( ( 1.000000000000000000, 0.9106836025229583242, 0.9106836025229583242, 1.000000000000000000 ) ) 
 REPRESENTATION_ITEM ( '' )  );
#8978 = ORIENTED_EDGE ( 'NONE', *, *, #2138, .F. ) ;
#8979 = CARTESIAN_POINT ( 'NONE',  ( 4.705025253169600852, 36.00000000000000711, -20.59999999999999787 ) ) ;
#8980 = VECTOR ( 'NONE', #3265, 1000.000000000000000 ) ;
#8981 = CARTESIAN_POINT ( 'NONE',  ( 8.592893218813628664, 60.00000000000000000, -10.28994949366116352 ) ) ;
#8982 = LINE ( 'NONE', #2136, #9596 ) ;
#8983 = CARTESIAN_POINT ( 'NONE',  ( 22.87904425229898209, 25.09084025582412281, -18.01019087114891448 ) ) ;
#8984 = FACE_OUTER_BOUND ( 'NONE', #6559, .T. ) ;
#8985 = DIRECTION ( 'NONE',  ( -0.000000000000000000, -1.000000000000000000, -0.000000000000000000 ) ) ;
#8986 = DIRECTION ( 'NONE',  ( 1.000000000000000000, 0.000000000000000000, -6.195440985631453345E-16 ) ) ;
#8987 = CIRCLE ( 'NONE', #6267, 1.500000000000001332 ) ;
#8988 = ORIENTED_EDGE ( 'NONE', *, *, #3084, .F. ) ;
#8989 = ORIENTED_EDGE ( 'NONE', *, *, #3393, .F. ) ;
#8990 = ADVANCED_FACE ( 'NONE', ( #7820 ), #978, .T. ) ;
#8991 = CARTESIAN_POINT ( 'NONE',  ( 23.37482759074413607, 4.304474192181259262, -12.21839180194909957 ) ) ;
#8992 = CARTESIAN_POINT ( 'NONE',  ( 18.90294372515236176, 36.00000000000000711, -20.59999999999999787 ) ) ;
#8993 = CARTESIAN_POINT ( 'NONE',  ( 15.00000000000000000, 63.00000000000000000, -37.00000000000000711 ) ) ;
#8994 = ORIENTED_EDGE ( 'NONE', *, *, #4852, .T. ) ;
#8995 = ORIENTED_EDGE ( 'NONE', *, *, #6587, .T. ) ;
#8996 = VERTEX_POINT ( 'NONE', #2077 ) ;
#8997 = ORIENTED_EDGE ( 'NONE', *, *, #7821, .F. ) ;
#8998 = CARTESIAN_POINT ( 'NONE',  ( 28.63632324000109719, 54.51374855111404116, 1.866561247870452300 ) ) ;
#8999 = ORIENTED_EDGE ( 'NONE', *, *, #2896, .F. ) ;
#9000 = CARTESIAN_POINT ( 'NONE',  ( 19.99999999999999645, 32.00000000000000000, -56.49999999999999289 ) ) ;
#9001 = DIRECTION ( 'NONE',  ( -0.000000000000000000, 1.000000000000000000, -0.000000000000000000 ) ) ;
#9002 = DIRECTION ( 'NONE',  ( -0.000000000000000000, -1.000000000000000000, -0.000000000000000000 ) ) ;
#9003 = CARTESIAN_POINT ( 'NONE',  ( 31.82483249314495311, 51.88430289933502593, 5.412557672042368040 ) ) ;
#9004 =( BOUNDED_CURVE ( )  B_SPLINE_CURVE ( 3, ( #8161, #531, #2769, #5874 ),
 .UNSPECIFIED., .F., .T. ) 
 B_SPLINE_CURVE_WITH_KNOTS ( ( 4, 4 ),
 ( 3.930466746792641075, 4.005602500689067647 ),
 .UNSPECIFIED. ) 
 CURVE ( )  GEOMETRIC_REPRESENTATION_ITEM ( )  RATIONAL_B_SPLINE_CURVE ( ( 1.000000000000000000, 0.9995296068683698909, 0.9995296068683698909, 1.000000000000000000 ) ) 
 REPRESENTATION_ITEM ( '' )  );
#9005 = DIRECTION ( 'NONE',  ( 0.000000000000000000, 1.000000000000000000, -2.168404344971008375E-16 ) ) ;
#9006 = EDGE_LOOP ( 'NONE', ( #869, #6163, #7854, #6781 ) ) ;
#9007 = ORIENTED_EDGE ( 'NONE', *, *, #2470, .F. ) ;
#9008 = DIRECTION ( 'NONE',  ( 0.000000000000000000, 0.000000000000000000, -1.000000000000000000 ) ) ;
#9009 = CARTESIAN_POINT ( 'NONE',  ( 19.71005050633881339, 34.73174228522549356, -8.592893218813411949 ) ) ;
#9010 = CARTESIAN_POINT ( 'NONE',  ( 0.000000000000000000, 54.65000000000000568, -0.07774721070174446524 ) ) ;
#9011 = DIRECTION ( 'NONE',  ( 0.000000000000000000, -0.000000000000000000, 1.000000000000000000 ) ) ;
#9012 = CARTESIAN_POINT ( 'NONE',  ( 0.000000000000000000, 60.00000000000000000, -28.50000000000001066 ) ) ;
#9013 = DIRECTION ( 'NONE',  ( -0.000000000000000000, -0.000000000000000000, 1.000000000000000000 ) ) ;
#9014 = ADVANCED_FACE ( 'NONE', ( #7217 ), #8969, .T. ) ;
#9015 = CARTESIAN_POINT ( 'NONE',  ( -0.6713067960457409500, 52.75864529235082045, 2.630543102121457366 ) ) ;
#9016 = ORIENTED_EDGE ( 'NONE', *, *, #7238, .F. ) ;
#9017 = CARTESIAN_POINT ( 'NONE',  ( 14.99999999999987566, 70.00000000000000000, -1.499999999999967804 ) ) ;
#9018 = DIRECTION ( 'NONE',  ( 1.000000000000000000, 0.000000000000000000, 0.000000000000000000 ) ) ;
#9019 = ORIENTED_EDGE ( 'NONE', *, *, #1787, .T. ) ;
#9020 = AXIS2_PLACEMENT_3D ( 'NONE', #9363, #1778, #4920 ) ;
#9021 = VERTEX_POINT ( 'NONE', #580 ) ;
#9022 = CARTESIAN_POINT ( 'NONE',  ( 22.00000000000000000, 32.00000000000000000, -53.99999999999999289 ) ) ;
#9023 = EDGE_CURVE ( 'NONE', #9304, #4011, #2557, .T. ) ;
#9024 = CARTESIAN_POINT ( 'NONE',  ( 30.00000000000000000, 36.00000000000000711, -6.599999999999994316 ) ) ;
#9025 = DIRECTION ( 'NONE',  ( -0.000000000000000000, -0.000000000000000000, 1.000000000000000000 ) ) ;
#9026 = DIRECTION ( 'NONE',  ( -0.000000000000000000, -1.000000000000000000, -0.000000000000000000 ) ) ;
#9027 = ORIENTED_EDGE ( 'NONE', *, *, #4858, .T. ) ;
#9028 = CARTESIAN_POINT ( 'NONE',  ( 0.000000000000000000, 26.00000000000000355, -33.00000000000000000 ) ) ;
#9029 = VECTOR ( 'NONE', #1813, 1000.000000000000000 ) ;
#9030 = CARTESIAN_POINT ( 'NONE',  ( 6.599999999999998757, 24.15128365066526683, -12.21715728752533359 ) ) ;
#9031 = CARTESIAN_POINT ( 'NONE',  ( 27.00000000000000000, 49.00000000000000000, -33.00000000000000000 ) ) ;
#9032 =( BOUNDED_CURVE ( )  B_SPLINE_CURVE ( 3, ( #79, #1426, #5334, #3108 ),
 .UNSPECIFIED., .F., .F. ) 
 B_SPLINE_CURVE_WITH_KNOTS ( ( 4, 4 ),
 ( 3.141592653589793116, 4.275088902781700284 ),
 .UNSPECIFIED. ) 
 CURVE ( )  GEOMETRIC_REPRESENTATION_ITEM ( )  RATIONAL_B_SPLINE_CURVE ( ( 1.000000000000000000, 0.8957675578916580728, 0.8957675578916580728, 1.000000000000000000 ) ) 
 REPRESENTATION_ITEM ( '' )  );
#9033 = ORIENTED_EDGE ( 'NONE', *, *, #8310, .F. ) ;
#9034 = EDGE_CURVE ( 'NONE', #589, #7153, #6389, .T. ) ;
#9035 = EDGE_LOOP ( 'NONE', ( #6589, #7229, #3138, #9194, #9804 ) ) ;
#9036 = CIRCLE ( 'NONE', #9349, 1.499999999999997780 ) ;
#9037 = CARTESIAN_POINT ( 'NONE',  ( -9.830099697201904239E-15, 51.64999999999999858, 59.50000000000000711 ) ) ;
#9038 = CARTESIAN_POINT ( 'NONE',  ( 10.90710678118671950, 40.89225053870399051, -24.99999999999999645 ) ) ;
#9039 = CARTESIAN_POINT ( 'NONE',  ( 1.499983772475833810, 55.28553000846044796, 1.292975302504478785 ) ) ;
#9040 = LINE ( 'NONE', #1351, #4908 ) ;
#9041 = CIRCLE ( 'NONE', #6019, 1.400000000000000133 ) ;
#9042 = ORIENTED_EDGE ( 'NONE', *, *, #1509, .T. ) ;
#9043 = ORIENTED_EDGE ( 'NONE', *, *, #3238, .F. ) ;
#9044 = VERTEX_POINT ( 'NONE', #5725 ) ;
#9045 = AXIS2_PLACEMENT_3D ( 'NONE', #2792, #5900, #1349 ) ;
#9046 = CARTESIAN_POINT ( 'NONE',  ( 28.98942454888097942, 53.72079541241063083, 2.629276195852773501 ) ) ;
#9047 = VERTEX_POINT ( 'NONE', #5826 ) ;
#9048 = CARTESIAN_POINT ( 'NONE',  ( 19.71005050633884181, 16.00000000000000000, -21.99999999999999645 ) ) ;
#9049 = CARTESIAN_POINT ( 'NONE',  ( 25.29497474683052616, 36.00000000000000711, -6.599999999999994316 ) ) ;
#9050 = CARTESIAN_POINT ( 'NONE',  ( 33.00000000000000000, 51.64999999999999858, 8.000000000000000000 ) ) ;
#9051 = CARTESIAN_POINT ( 'NONE',  ( 9.399999999999998579, 24.00000000000000000, -18.90294372515247190 ) ) ;
#9052 = CIRCLE ( 'NONE', #4740, 2.499999999999998668 ) ;
#9053 = VERTEX_POINT ( 'NONE', #8010 ) ;
#9054 = EDGE_LOOP ( 'NONE', ( #1192, #8189, #8786, #5336, #9559, #5260, #572, #1300, #3487, #7452 ) ) ;
#9055 = CARTESIAN_POINT ( 'NONE',  ( 19.99999999999999645, 32.00000000000000711, -41.49999999999999289 ) ) ;
#9056 = CARTESIAN_POINT ( 'NONE',  ( 0.000000000000000000, 0.000000000000000000, 0.000000000000000000 ) ) ;
#9057 = FACE_OUTER_BOUND ( 'NONE', #6172, .T. ) ;
#9058 = CARTESIAN_POINT ( 'NONE',  ( 27.00000000000000000, 32.00000000000000711, -41.49999999999999289 ) ) ;
#9059 = CARTESIAN_POINT ( 'NONE',  ( 30.00000000000000000, 60.00000000000000711, -13.49999999999989164 ) ) ;
#9060 = VECTOR ( 'NONE', #105, 1000.000000000000000 ) ;
#9061 = CYLINDRICAL_SURFACE ( 'NONE', #2877, 1.499999999999999556 ) ;
#9062 = AXIS2_PLACEMENT_3D ( 'NONE', #5608, #8641, #1804 ) ;
#9063 = CARTESIAN_POINT ( 'NONE',  ( 6.795213870581323867, 3.271926419860913704, -12.19635958560018629 ) ) ;
#9064 = VERTEX_POINT ( 'NONE', #3620 ) ;
#9065 = LINE ( 'NONE', #8410, #4449 ) ;
#9066 = FACE_OUTER_BOUND ( 'NONE', #3149, .T. ) ;
#9067 = VERTEX_POINT ( 'NONE', #9665 ) ;
#9068 = AXIS2_PLACEMENT_3D ( 'NONE', #9324, #4030, #3177 ) ;
#9069 = AXIS2_PLACEMENT_3D ( 'NONE', #291, #3322, #5881 ) ;
#9070 = EDGE_CURVE ( 'NONE', #7642, #6266, #7494, .T. ) ;
#9071 = ORIENTED_EDGE ( 'NONE', *, *, #6818, .F. ) ;
#9072 = CARTESIAN_POINT ( 'NONE',  ( 0.000000000000000000, 59.64999999999999858, 8.000000000000000000 ) ) ;
#9073 = CARTESIAN_POINT ( 'NONE',  ( 10.90710678118672661, 40.89225053870399762, -4.999999999999996447 ) ) ;
#9074 = LINE ( 'NONE', #8418, #4488 ) ;
#9075 = LINE ( 'NONE', #2235, #3943 ) ;
#9076 = VECTOR ( 'NONE', #5575, 1000.000000000000000 ) ;
#9077 = ORIENTED_EDGE ( 'NONE', *, *, #3247, .T. ) ;
#9078 = VECTOR ( 'NONE', #4875, 1000.000000000000000 ) ;
#9079 = EDGE_CURVE ( 'NONE', #8513, #4889, #5080, .T. ) ;
#9080 = FACE_OUTER_BOUND ( 'NONE', #7904, .T. ) ;
#9081 = CARTESIAN_POINT ( 'NONE',  ( 30.00000000000006040, 60.00000000000000711, -14.99999999999989342 ) ) ;
#9082 = LINE ( 'NONE', #8936, #931 ) ;
#9083 = EDGE_CURVE ( 'NONE', #3379, #4100, #5005, .T. ) ;
#9084 = ADVANCED_FACE ( 'NONE', ( #7962 ), #338, .F. ) ;
#9085 = ORIENTED_EDGE ( 'NONE', *, *, #173, .T. ) ;
#9086 = VECTOR ( 'NONE', #4902, 1000.000000000000000 ) ;
#9087 = EDGE_LOOP ( 'NONE', ( #2732, #5536, #4849, #8351, #853, #6695, #3701, #1010, #3475, #1581 ) ) ;
#9088 = CARTESIAN_POINT ( 'NONE',  ( 28.50000000000001066, 27.49999999999998934, -30.40192378864668044 ) ) ;
#9089 = PLANE ( 'NONE',  #4617 ) ;
#9090 = LINE ( 'NONE', #4685, #121 ) ;
#9091 = EDGE_CURVE ( 'NONE', #1652, #5371, #2670, .T. ) ;
#9092 = CIRCLE ( 'NONE', #4306, 2.499999999999998668 ) ;
#9093 = CARTESIAN_POINT ( 'NONE',  ( 23.89497474683053824, 53.44409202957850624, -12.01213203435591836 ) ) ;
#9094 = DIRECTION ( 'NONE',  ( 0.000000000000000000, 0.000000000000000000, 1.000000000000000000 ) ) ;
#9095 = VERTEX_POINT ( 'NONE', #1127 ) ;
#9096 = VERTEX_POINT ( 'NONE', #8766 ) ;
#9097 = ORIENTED_EDGE ( 'NONE', *, *, #4802, .F. ) ;
#9098 = AXIS2_PLACEMENT_3D ( 'NONE', #5134, #6577, #9513 ) ;
#9099 = CARTESIAN_POINT ( 'NONE',  ( 11.67146581222992907, 17.21243556529819330, -7.299999999999955413 ) ) ;
#9100 = VERTEX_POINT ( 'NONE', #8060 ) ;
#9101 = FACE_OUTER_BOUND ( 'NONE', #9746, .T. ) ;
#9102 = FACE_BOUND ( 'NONE', #5527, .T. ) ;
#9103 = ADVANCED_FACE ( 'NONE', ( #1281 ), #4171, .F. ) ;
#9104 = CARTESIAN_POINT ( 'NONE',  ( 32.57359020328838284, 51.67921598929507354, 7.069586706517735131 ) ) ;
#9105 = AXIS2_PLACEMENT_3D ( 'NONE', #4506, #1515, #617 ) ;
#9106 = CARTESIAN_POINT ( 'NONE',  ( 12.04567839445369160, 17.06001358478336982, -22.92036206341010640 ) ) ;
#9107 = EDGE_LOOP ( 'NONE', ( #6605, #1513, #9646, #2977, #7188, #4410 ) ) ;
#9108 = VERTEX_POINT ( 'NONE', #7368 ) ;
#9109 = DIRECTION ( 'NONE',  ( 0.000000000000000000, 0.000000000000000000, -1.000000000000000000 ) ) ;
#9110 = CARTESIAN_POINT ( 'NONE',  ( 7.999999999999998224, 4.000000000000000000, -25.29497474683058300 ) ) ;
#9111 = DIRECTION ( 'NONE',  ( -0.000000000000000000, -1.000000000000000000, -0.000000000000000000 ) ) ;
#9112 = PLANE ( 'NONE',  #6954 ) ;
#9113 = VECTOR ( 'NONE', #3193, 1000.000000000000000 ) ;
#9114 = CARTESIAN_POINT ( 'NONE',  ( 10.50000000000013500, 0.000000000000000000, -12.19705627484766453 ) ) ;
#9115 = CARTESIAN_POINT ( 'NONE',  ( 6.417181257059941579, 40.05009227812795558, -12.19906383776715231 ) ) ;
#9116 = ADVANCED_FACE ( 'NONE', ( #4973 ), #5027, .T. ) ;
#9117 = ORIENTED_EDGE ( 'NONE', *, *, #4983, .F. ) ;
#9118 = FACE_OUTER_BOUND ( 'NONE', #2873, .T. ) ;
#9119 = FACE_OUTER_BOUND ( 'NONE', #5166, .T. ) ;
#9120 = ORIENTED_EDGE ( 'NONE', *, *, #59, .F. ) ;
#9121 = VECTOR ( 'NONE', #2645, 1000.000000000000000 ) ;
#9122 = EDGE_LOOP ( 'NONE', ( #9507, #1765, #9580, #3042 ) ) ;
#9123 = LINE ( 'NONE', #6127, #3911 ) ;
#9124 = LINE ( 'NONE', #2284, #330 ) ;
#9125 = CARTESIAN_POINT ( 'NONE',  ( -1.149966669454769355E-15, 52.89264068711927536, -1.242640687119276333 ) ) ;
#9126 = DIRECTION ( 'NONE',  ( 0.000000000000000000, -0.000000000000000000, 1.000000000000000000 ) ) ;
#9127 = CIRCLE ( 'NONE', #9772, 1.400000000000000133 ) ;
#9128 = ADVANCED_FACE ( 'NONE', ( #3522 ), #8868, .T. ) ;
#9129 = VERTEX_POINT ( 'NONE', #3572 ) ;
#9130 = PLANE ( 'NONE',  #9554 ) ;
#9131 = DIRECTION ( 'NONE',  ( 0.000000000000000000, 0.000000000000000000, 1.000000000000000000 ) ) ;
#9132 = EDGE_CURVE ( 'NONE', #2391, #8123, #8920, .T. ) ;
#9133 = CARTESIAN_POINT ( 'NONE',  ( 13.99999999999999822, 60.00000000000000000, -30.00000000000000000 ) ) ;
#9134 = VECTOR ( 'NONE', #1279, 1000.000000000000000 ) ;
#9135 = VERTEX_POINT ( 'NONE', #6725 ) ;
#9136 = ADVANCED_FACE ( 'NONE', ( #3818 ), #2224, .F. ) ;
#9137 = FACE_OUTER_BOUND ( 'NONE', #8239, .T. ) ;
#9138 = DIRECTION ( 'NONE',  ( -1.000000000000000000, 0.000000000000000000, 0.000000000000000000 ) ) ;
#9139 = CARTESIAN_POINT ( 'NONE',  ( -0.4999999999999970024, 45.65000000000000568, 24.99999999999998579 ) ) ;
#9140 = CARTESIAN_POINT ( 'NONE',  ( 7.072720925184959206, 25.05100065429769884, -17.96307226133550827 ) ) ;
#9141 = EDGE_CURVE ( 'NONE', #827, #9044, #3061, .T. ) ;
#9142 = EDGE_CURVE ( 'NONE', #6706, #5522, #1922, .T. ) ;
#9143 = CIRCLE ( 'NONE', #3070, 1.400000000000001021 ) ;
#9144 = CARTESIAN_POINT ( 'NONE',  ( 23.74387277061084589, 53.02004278648834656, -12.13331886075419774 ) ) ;
#9145 = CARTESIAN_POINT ( 'NONE',  ( 7.300000000000159694, 22.78756443470170368, -11.67170244752802688 ) ) ;
#9146 = ORIENTED_EDGE ( 'NONE', *, *, #8647, .T. ) ;
#9147 = VERTEX_POINT ( 'NONE', #4416 ) ;
#9148 = EDGE_LOOP ( 'NONE', ( #6870, #3309, #7894, #119, #3078, #6514, #8375, #2651, #6728, #1210 ) ) ;
#9149 = LINE ( 'NONE', #9291, #7135 ) ;
#9150 = VERTEX_POINT ( 'NONE', #8207 ) ;
#9151 = EDGE_CURVE ( 'NONE', #6347, #3498, #1477, .T. ) ;
#9152 = LINE ( 'NONE', #7548, #7897 ) ;
#9153 = EDGE_CURVE ( 'NONE', #4100, #611, #9768, .T. ) ;
#9154 = LINE ( 'NONE', #7445, #7033 ) ;
#9155 = DIRECTION ( 'NONE',  ( -1.000000000000000000, 0.000000000000000000, 0.000000000000000000 ) ) ;
#9156 = ORIENTED_EDGE ( 'NONE', *, *, #959, .F. ) ;
#9157 = ORIENTED_EDGE ( 'NONE', *, *, #8031, .T. ) ;
#9158 = LINE ( 'NONE', #6116, #4831 ) ;
#9159 = DIRECTION ( 'NONE',  ( 1.000000000000000000, 0.000000000000000000, 0.000000000000000000 ) ) ;
#9160 = CARTESIAN_POINT ( 'NONE',  ( 22.69999999999995666, 25.21243556529823593, -11.51715728752537871 ) ) ;
#9161 = CARTESIAN_POINT ( 'NONE',  ( 9.399999999999998579, 24.00000000000000000, -59.00000000000000000 ) ) ;
#9162 = DIRECTION ( 'NONE',  ( 0.000000000000000000, 0.000000000000000000, -1.000000000000000000 ) ) ;
#9163 = CARTESIAN_POINT ( 'NONE',  ( 32.00000000000000000, 45.65000000000000568, 0.000000000000000000 ) ) ;
#9164 = DIRECTION ( 'NONE',  ( 1.000000000000000000, 0.000000000000000000, -8.673617379884034239E-17 ) ) ;
#9165 = ORIENTED_EDGE ( 'NONE', *, *, #9752, .F. ) ;
#9166 = DIRECTION ( 'NONE',  ( -0.000000000000000000, -1.000000000000000000, -0.000000000000000000 ) ) ;
#9167 = DIRECTION ( 'NONE',  ( -0.000000000000000000, -1.000000000000000000, -0.000000000000000000 ) ) ;
#9168 = VERTEX_POINT ( 'NONE', #1373 ) ;
#9169 = EDGE_CURVE ( 'NONE', #8070, #971, #4784, .T. ) ;
#9170 = ORIENTED_EDGE ( 'NONE', *, *, #5300, .F. ) ;
#9171 = VECTOR ( 'NONE', #7230, 1000.000000000000000 ) ;
#9172 = DIRECTION ( 'NONE',  ( 0.000000000000000000, 0.000000000000000000, 1.000000000000000000 ) ) ;
#9173 = DIRECTION ( 'NONE',  ( 0.000000000000000000, -0.000000000000000000, 1.000000000000000000 ) ) ;
#9174 = CARTESIAN_POINT ( 'NONE',  ( 22.69999999999994955, 25.21243556529823948, -18.48284271247463550 ) ) ;
#9175 = DIRECTION ( 'NONE',  ( 0.000000000000000000, 0.000000000000000000, 1.000000000000000000 ) ) ;
#9176 = EDGE_LOOP ( 'NONE', ( #4749, #8704, #3197, #7284, #6681, #6671, #9659, #9684, #3223, #4543, #9523, #2402, #324 ) ) ;
#9177 = CARTESIAN_POINT ( 'NONE',  ( 6.600000000000168399, 60.00000000000000000, -11.51715728752533074 ) ) ;
#9178 = CYLINDRICAL_SURFACE ( 'NONE', #2997, 1.399999999999998579 ) ;
#9179 = CARTESIAN_POINT ( 'NONE',  ( -1.979420028382985253, 51.74713117927009165, 6.747166204384164701 ) ) ;
#9180 = VECTOR ( 'NONE', #4972, 1000.000000000000000 ) ;
#9181 = ORIENTED_EDGE ( 'NONE', *, *, #6398, .T. ) ;
#9182 = EDGE_LOOP ( 'NONE', ( #7112, #8825, #1888, #3895 ) ) ;
#9183 = CARTESIAN_POINT ( 'NONE',  ( 28.50000000000001066, 50.50000000000001421, -30.40192378864668044 ) ) ;
#9184 = CARTESIAN_POINT ( 'NONE',  ( 20.60000000000000142, 24.00000000000000000, -18.90294372515227650 ) ) ;
#9185 = DIRECTION ( 'NONE',  ( 0.000000000000000000, 0.000000000000000000, 1.000000000000000000 ) ) ;
#9186 = CARTESIAN_POINT ( 'NONE',  ( 6.599999999999996980, 24.00000000000000000, -17.78284271247457227 ) ) ;
#9187 = CARTESIAN_POINT ( 'NONE',  ( -1.465928986697196068, 51.87699580084867534, 6.107796556301305024 ) ) ;
#9188 = CARTESIAN_POINT ( 'NONE',  ( 16.22266988079670824, 27.34189509375594440, -30.29439576661955513 ) ) ;
#9189 = ORIENTED_EDGE ( 'NONE', *, *, #3208, .F. ) ;
#9190 = ORIENTED_EDGE ( 'NONE', *, *, #1140, .F. ) ;
#9191 = VERTEX_POINT ( 'NONE', #7662 ) ;
#9192 = EDGE_CURVE ( 'NONE', #1086, #7312, #6867, .T. ) ;
#9193 = DIRECTION ( 'NONE',  ( -1.413553177098500055E-15, 0.000000000000000000, -1.000000000000000000 ) ) ;
#9194 = ORIENTED_EDGE ( 'NONE', *, *, #9628, .F. ) ;
#9195 = CARTESIAN_POINT ( 'NONE',  ( 30.00000000000006040, 70.00000000000000000, -13.49999999999989164 ) ) ;
#9196 = CARTESIAN_POINT ( 'NONE',  ( 2.439454888092501827E-16, 54.40502564400881624, 0.1497156376674129707 ) ) ;
#9197 = CARTESIAN_POINT ( 'NONE',  ( 30.37256284670411688, 53.20109483386643490, 1.770710130700511753 ) ) ;
#9198 = ORIENTED_EDGE ( 'NONE', *, *, #3043, .F. ) ;
#9199 = EDGE_CURVE ( 'NONE', #5855, #2104, #1573, .T. ) ;
#9200 = EDGE_CURVE ( 'NONE', #4277, #9575, #9032, .T. ) ;
#9201 = AXIS2_PLACEMENT_3D ( 'NONE', #997, #6496, #7983 ) ;
#9202 = ORIENTED_EDGE ( 'NONE', *, *, #6968, .T. ) ;
#9203 = PLANE ( 'NONE',  #1649 ) ;
#9204 = CARTESIAN_POINT ( 'NONE',  ( 19.71005050633878142, 46.44956037240997659, -22.69999999999998863 ) ) ;
#9205 = VERTEX_POINT ( 'NONE', #6816 ) ;
#9206 = CARTESIAN_POINT ( 'NONE',  ( -6.999999999999999112, 30.00000000000000355, -15.00000000000000178 ) ) ;
#9207 = DIRECTION ( 'NONE',  ( 0.000000000000000000, 1.000000000000000000, 0.000000000000000000 ) ) ;
#9208 = CARTESIAN_POINT ( 'NONE',  ( 17.78284271247456161, 16.00000000000000000, -23.39999999999999503 ) ) ;
#9209 = AXIS2_PLACEMENT_3D ( 'NONE', #8528, #991, #3987 ) ;
#9210 = VERTEX_POINT ( 'NONE', #3764 ) ;
#9211 = CARTESIAN_POINT ( 'NONE',  ( 4.999999999999997335, 60.00000000000000000, -10.28994949366114220 ) ) ;
#9212 = CARTESIAN_POINT ( 'NONE',  ( 28.50000000000000000, 60.00000000000000000, 0.000000000000000000 ) ) ;
#9213 = ORIENTED_EDGE ( 'NONE', *, *, #2604, .F. ) ;
#9214 = ADVANCED_FACE ( 'NONE', ( #5977 ), #9061, .F. ) ;
#9215 = VECTOR ( 'NONE', #2252, 1000.000000000000000 ) ;
#9216 = ORIENTED_EDGE ( 'NONE', *, *, #1808, .F. ) ;
#9217 = AXIS2_PLACEMENT_3D ( 'NONE', #2541, #8630, #4837 ) ;
#9218 = CARTESIAN_POINT ( 'NONE',  ( 23.41052423109456271, 52.18154226354242553, -17.77399061544416980 ) ) ;
#9219 = FACE_OUTER_BOUND ( 'NONE', #8104, .T. ) ;
#9220 = CARTESIAN_POINT ( 'NONE',  ( 14.99999999999987566, 60.00000000000000711, 3.196819863353100386E-14 ) ) ;
#9221 = DIRECTION ( 'NONE',  ( 0.000000000000000000, -1.000000000000000000, 0.000000000000000000 ) ) ;
#9222 = LINE ( 'NONE', #2383, #7620 ) ;
#9223 = ORIENTED_EDGE ( 'NONE', *, *, #4942, .T. ) ;
#9224 = DIRECTION ( 'NONE',  ( 1.000000000000000000, -0.000000000000000000, -0.000000000000000000 ) ) ;
#9225 = DIRECTION ( 'NONE',  ( -0.000000000000000000, -1.000000000000000000, -0.000000000000000000 ) ) ;
#9226 = DIRECTION ( 'NONE',  ( -0.7071067811865479058, 0.000000000000000000, -0.7071067811865470176 ) ) ;
#9227 = VECTOR ( 'NONE', #1883, 1000.000000000000000 ) ;
#9228 = ORIENTED_EDGE ( 'NONE', *, *, #2550, .F. ) ;
#9229 = ORIENTED_EDGE ( 'NONE', *, *, #403, .T. ) ;
#9230 = FACE_OUTER_BOUND ( 'NONE', #3362, .T. ) ;
#9231 = VECTOR ( 'NONE', #717, 1000.000000000000114 ) ;
#9232 = CARTESIAN_POINT ( 'NONE',  ( 23.37482759074413963, 3.695525807818726083, -17.78160819805081161 ) ) ;
#9233 = AXIS2_PLACEMENT_3D ( 'NONE', #8623, #4126, #7078 ) ;
#9234 = FACE_OUTER_BOUND ( 'NONE', #2503, .T. ) ;
#9235 = EDGE_CURVE ( 'NONE', #1353, #2835, #6914, .T. ) ;
#9236 = CARTESIAN_POINT ( 'NONE',  ( -0.9855877723806364399, 52.04908398958833260, 5.499712518584144227 ) ) ;
#9237 = DIRECTION ( 'NONE',  ( -0.000000000000000000, -1.000000000000000000, -0.000000000000000000 ) ) ;
#9238 = ORIENTED_EDGE ( 'NONE', *, *, #6303, .F. ) ;
#9239 = AXIS2_PLACEMENT_3D ( 'NONE', #1003, #4845, #260 ) ;
#9240 = CIRCLE ( 'NONE', #639, 1.399999999999998579 ) ;
#9241 = ORIENTED_EDGE ( 'NONE', *, *, #6827, .F. ) ;
#9242 = ORIENTED_EDGE ( 'NONE', *, *, #8554, .F. ) ;
#9243 = DIRECTION ( 'NONE',  ( -9.293161478447189878E-14, 0.000000000000000000, 1.000000000000000000 ) ) ;
#9244 = VERTEX_POINT ( 'NONE', #9859 ) ;
#9245 = CIRCLE ( 'NONE', #4943, 2.499999999999998668 ) ;
#9246 = CARTESIAN_POINT ( 'NONE',  ( 22.00000000000000000, 24.00000000000000000, -59.00000000000000000 ) ) ;
#9247 = CARTESIAN_POINT ( 'NONE',  ( -0.3433114691622293213, 53.25634062295215188, 1.677337991921063365 ) ) ;
#9248 = CARTESIAN_POINT ( 'NONE',  ( 28.84675447930074199, 53.97910325503546147, 2.356479719038349963 ) ) ;
#9249 = VERTEX_POINT ( 'NONE', #773 ) ;
#9250 = EDGE_CURVE ( 'NONE', #8557, #7419, #8357, .T. ) ;
#9251 = EDGE_LOOP ( 'NONE', ( #1960, #8171 ) ) ;
#9252 = VECTOR ( 'NONE', #9654, 1000.000000000000000 ) ;
#9253 = ORIENTED_EDGE ( 'NONE', *, *, #4097, .F. ) ;
#9254 = DIRECTION ( 'NONE',  ( 0.000000000000000000, 0.000000000000000000, 1.000000000000000000 ) ) ;
#9255 = CYLINDRICAL_SURFACE ( 'NONE', #9838, 2.499999999999996891 ) ;
#9256 = ORIENTED_EDGE ( 'NONE', *, *, #2357, .T. ) ;
#9257 = CARTESIAN_POINT ( 'NONE',  ( 17.95348447494152566, 37.05961731129779935, -22.92091699930489668 ) ) ;
#9258 = DIRECTION ( 'NONE',  ( -1.000000000000000000, 0.000000000000000000, 5.873343889775968425E-16 ) ) ;
#9259 = CARTESIAN_POINT ( 'NONE',  ( 17.94026875532671639, 44.75029959454224837, -6.152624463486686679 ) ) ;
#9260 = CIRCLE ( 'NONE', #2566, 0.7000000000000027311 ) ;
#9261 = EDGE_CURVE ( 'NONE', #601, #5218, #6120, .T. ) ;
#9262 = ORIENTED_EDGE ( 'NONE', *, *, #4680, .F. ) ;
#9263 = CARTESIAN_POINT ( 'NONE',  ( 22.69999999999994955, 22.78756443470176052, -59.00000000000000000 ) ) ;
#9264 = CARTESIAN_POINT ( 'NONE',  ( 15.00000000000000000, 70.00000000000000000, -15.00000000000000355 ) ) ;
#9265 = ORIENTED_EDGE ( 'NONE', *, *, #9727, .T. ) ;
#9266 = ORIENTED_EDGE ( 'NONE', *, *, #7307, .T. ) ;
#9267 = DIRECTION ( 'NONE',  ( 0.7071067811865483499, 0.000000000000000000, -0.7071067811865467956 ) ) ;
#9268 = CARTESIAN_POINT ( 'NONE',  ( 5.000000000000000000, 60.00000000000000000, -25.00000000000000000 ) ) ;
#9269 = DIRECTION ( 'NONE',  ( 0.000000000000000000, 0.000000000000000000, 1.000000000000000000 ) ) ;
#9270 = CARTESIAN_POINT ( 'NONE',  ( -3.000000000000011990, 51.64999999999999858, 3.469446951953614189E-15 ) ) ;
#9271 = CARTESIAN_POINT ( 'NONE',  ( 30.08567075411109926, 53.93804647700680732, 0.6903548194481278211 ) ) ;
#9272 = EDGE_CURVE ( 'NONE', #3556, #5551, #7513, .T. ) ;
#9273 = PLANE ( 'NONE',  #2519 ) ;
#9274 = CARTESIAN_POINT ( 'NONE',  ( 17.79368335179886174, 36.58960378116878331, -6.727976557960163362 ) ) ;
#9275 = CARTESIAN_POINT ( 'NONE',  ( 1.499999999999997780, 55.43947368421052602, 1.197686559409048890 ) ) ;
#9276 = ORIENTED_EDGE ( 'NONE', *, *, #8409, .F. ) ;
#9277 = ORIENTED_EDGE ( 'NONE', *, *, #9435, .T. ) ;
#9278 = FACE_OUTER_BOUND ( 'NONE', #5707, .T. ) ;
#9279 = AXIS2_PLACEMENT_3D ( 'NONE', #9812, #6121, #3866 ) ;
#9280 = CARTESIAN_POINT ( 'NONE',  ( 0.000000000000000000, 16.00000000000000000, -8.000000000000000000 ) ) ;
#9281 = CARTESIAN_POINT ( 'NONE',  ( 23.39999999999999858, 24.00000000000000000, -17.78284271247457582 ) ) ;
#9282 = CARTESIAN_POINT ( 'NONE',  ( -2.611326938039473688, 51.66416089791323429, 7.524204627498775722 ) ) ;
#9283 = CARTESIAN_POINT ( 'NONE',  ( 7.300000000000174794, 2.787564434701682803, -59.00000000000000000 ) ) ;
#9284 = ADVANCED_FACE ( 'NONE', ( #7610 ), #34, .F. ) ;
#9285 = VERTEX_POINT ( 'NONE', #6413 ) ;
#9286 = AXIS2_PLACEMENT_3D ( 'NONE', #7355, #5710, #8754 ) ;
#9287 = ORIENTED_EDGE ( 'NONE', *, *, #305, .T. ) ;
#9288 = ORIENTED_EDGE ( 'NONE', *, *, #3637, .T. ) ;
#9289 = EDGE_CURVE ( 'NONE', #3780, #6296, #2397, .T. ) ;
#9290 = ADVANCED_FACE ( 'NONE', ( #2417 ), #1062, .F. ) ;
#9291 = CARTESIAN_POINT ( 'NONE',  ( -6.999999999999999112, 36.00000000000000711, -20.59999999999999787 ) ) ;
#9292 = EDGE_LOOP ( 'NONE', ( #7554, #4376 ) ) ;
#9293 = AXIS2_PLACEMENT_3D ( 'NONE', #3508, #4907, #1268 ) ;
#9294 = DIRECTION ( 'NONE',  ( 1.000000000000000000, 0.000000000000000000, 0.000000000000000000 ) ) ;
#9295 = CARTESIAN_POINT ( 'NONE',  ( -0.2269457999704179996, 53.49989999140172614, 1.286617701946403569 ) ) ;
#9296 = LINE ( 'NONE', #3347, #3018 ) ;
#9297 = ORIENTED_EDGE ( 'NONE', *, *, #7048, .T. ) ;
#9298 = ORIENTED_EDGE ( 'NONE', *, *, #6825, .T. ) ;
#9299 = VECTOR ( 'NONE', #816, 1000.000000000000000 ) ;
#9300 = EDGE_CURVE ( 'NONE', #2756, #4366, #8776, .T. ) ;
#9301 = EDGE_LOOP ( 'NONE', ( #5016, #7041, #2409, #3625 ) ) ;
#9302 = DIRECTION ( 'NONE',  ( -1.000000000000000000, 0.000000000000000000, 0.000000000000000000 ) ) ;
#9303 = DIRECTION ( 'NONE',  ( 0.000000000000000000, 0.000000000000000000, -1.000000000000000000 ) ) ;
#9304 = VERTEX_POINT ( 'NONE', #9404 ) ;
#9305 = CARTESIAN_POINT ( 'NONE',  ( -1.999999999999998224, 45.65000000000000568, 23.49999999999998579 ) ) ;
#9306 = LINE ( 'NONE', #2368, #3674 ) ;
#9307 = FACE_OUTER_BOUND ( 'NONE', #2658, .T. ) ;
#9308 = ORIENTED_EDGE ( 'NONE', *, *, #7356, .F. ) ;
#9309 = CARTESIAN_POINT ( 'NONE',  ( 10.28994949366131095, 34.73174228522549356, -8.592893218813408396 ) ) ;
#9310 = DIRECTION ( 'NONE',  ( 0.000000000000000000, 1.000000000000000000, 0.000000000000000000 ) ) ;
#9311 = ORIENTED_EDGE ( 'NONE', *, *, #7506, .T. ) ;
#9312 = EDGE_CURVE ( 'NONE', #8123, #3311, #7896, .T. ) ;
#9313 = ORIENTED_EDGE ( 'NONE', *, *, #4281, .F. ) ;
#9314 = LINE ( 'NONE', #280, #8708 ) ;
#9315 = FACE_OUTER_BOUND ( 'NONE', #1145, .T. ) ;
#9316 = DIRECTION ( 'NONE',  ( 0.000000000000000000, 0.000000000000000000, -1.000000000000000000 ) ) ;
#9317 = ADVANCED_FACE ( 'NONE', ( #1012 ), #271, .T. ) ;
#9318 = DIRECTION ( 'NONE',  ( 6.188934370712448850E-16, 0.000000000000000000, 1.000000000000000000 ) ) ;
#9319 = CARTESIAN_POINT ( 'NONE',  ( 22.00000000000000000, 31.00000000000000000, -38.00000000000000000 ) ) ;
#9320 = DIRECTION ( 'NONE',  ( -0.000000000000000000, -1.000000000000000000, -0.000000000000000000 ) ) ;
#9321 = CARTESIAN_POINT ( 'NONE',  ( 11.51715728752552437, 0.000000000000000000, -6.599999999999957012 ) ) ;
#9322 = EDGE_LOOP ( 'NONE', ( #8755, #7798, #1500, #1334 ) ) ;
#9323 = CYLINDRICAL_SURFACE ( 'NONE', #4129, 1.399999999999998579 ) ;
#9324 = CARTESIAN_POINT ( 'NONE',  ( 30.50000000000000355, 45.65000000000000568, 54.49999999999998579 ) ) ;
#9325 = EDGE_CURVE ( 'NONE', #9100, #7338, #8457, .T. ) ;
#9326 = ORIENTED_EDGE ( 'NONE', *, *, #6883, .T. ) ;
#9327 = DIRECTION ( 'NONE',  ( 0.000000000000000000, 0.000000000000000000, -1.000000000000000000 ) ) ;
#9328 = CARTESIAN_POINT ( 'NONE',  ( 10.28994949366122214, 17.26825771477448868, -21.40710678118653121 ) ) ;
#9329 = DIRECTION ( 'NONE',  ( -1.000000000000000000, 0.000000000000000000, -9.257989608163444543E-14 ) ) ;
#9330 = DIRECTION ( 'NONE',  ( 0.000000000000000000, 0.000000000000000000, -1.000000000000000000 ) ) ;
#9331 = DIRECTION ( 'NONE',  ( 0.000000000000000000, 0.000000000000000000, 1.000000000000000000 ) ) ;
#9332 = VERTEX_POINT ( 'NONE', #7105 ) ;
#9333 = VERTEX_POINT ( 'NONE', #7156 ) ;
#9334 = EDGE_CURVE ( 'NONE', #2545, #6586, #326, .T. ) ;
#9335 = EDGE_CURVE ( 'NONE', #7108, #9244, #9306, .T. ) ;
#9336 = ORIENTED_EDGE ( 'NONE', *, *, #7062, .F. ) ;
#9337 = CARTESIAN_POINT ( 'NONE',  ( 19.20328457960572521, 14.96864845814727829, -9.099659145546544536 ) ) ;
#9338 = VERTEX_POINT ( 'NONE', #1624 ) ;
#9339 = CARTESIAN_POINT ( 'NONE',  ( 22.00000000000000000, 49.00000000000000000, -30.00000000000000000 ) ) ;
#9340 = CARTESIAN_POINT ( 'NONE',  ( 12.18926993308866535, 15.27670144217134585, -6.798956735503336013 ) ) ;
#9341 = LINE ( 'NONE', #7004, #7329 ) ;
#9342 = VECTOR ( 'NONE', #1011, 1000.000000000000000 ) ;
#9343 = EDGE_CURVE ( 'NONE', #1972, #1418, #7059, .T. ) ;
#9344 = ORIENTED_EDGE ( 'NONE', *, *, #9745, .T. ) ;
#9345 = ORIENTED_EDGE ( 'NONE', *, *, #7273, .F. ) ;
#9346 =( BOUNDED_CURVE ( )  B_SPLINE_CURVE ( 3, ( #4966, #274, #8002, #4813 ),
 .UNSPECIFIED., .F., .T. ) 
 B_SPLINE_CURVE_WITH_KNOTS ( ( 4, 4 ),
 ( 3.141592653589793116, 4.275088902781600808 ),
 .UNSPECIFIED. ) 
 CURVE ( )  GEOMETRIC_REPRESENTATION_ITEM ( )  RATIONAL_B_SPLINE_CURVE ( ( 1.000000000000000000, 0.8957675578916758363, 0.8957675578916758363, 1.000000000000000000 ) ) 
 REPRESENTATION_ITEM ( '' )  );
#9347 = ORIENTED_EDGE ( 'NONE', *, *, #1442, .T. ) ;
#9348 = CARTESIAN_POINT ( 'NONE',  ( 1.500000000000001332, 45.65000000000000568, 3.469446951953614189E-15 ) ) ;
#9349 = AXIS2_PLACEMENT_3D ( 'NONE', #8256, #2073, #4268 ) ;
#9350 = CARTESIAN_POINT ( 'NONE',  ( 31.04539783753564564, 52.02570135130736872, 5.575869117125058061 ) ) ;
#9351 = EDGE_LOOP ( 'NONE', ( #9869, #1662, #4742, #4133, #2743, #5508 ) ) ;
#9352 = LINE ( 'NONE', #5708, #8379 ) ;
#9353 = CARTESIAN_POINT ( 'NONE',  ( -0.4999999999999970024, 45.65000000000000568, 54.49999999999998579 ) ) ;
#9354 = CARTESIAN_POINT ( 'NONE',  ( 7.120955747701068539, 2.909159744175836781, -11.98980912885108552 ) ) ;
#9355 = VERTEX_POINT ( 'NONE', #1716 ) ;
#9356 = CARTESIAN_POINT ( 'NONE',  ( 0.000000000000000000, 16.00000000000000000, -21.99999999999999645 ) ) ;
#9357 = CARTESIAN_POINT ( 'NONE',  ( 19.99999999999999645, 32.00000000000000000, -59.00000000000000000 ) ) ;
#9358 = VERTEX_POINT ( 'NONE', #5569 ) ;
#9359 = ORIENTED_EDGE ( 'NONE', *, *, #7331, .T. ) ;
#9360 = FACE_BOUND ( 'NONE', #1204, .T. ) ;
#9361 = DIRECTION ( 'NONE',  ( 0.000000000000000000, 0.000000000000000000, 1.000000000000000000 ) ) ;
#9362 = DIRECTION ( 'NONE',  ( 0.000000000000000000, 0.000000000000000000, -1.000000000000000000 ) ) ;
#9363 = CARTESIAN_POINT ( 'NONE',  ( -3.122502256758252770E-14, 70.00000000000000000, -14.99999999999993960 ) ) ;
#9364 = CARTESIAN_POINT ( 'NONE',  ( 7.300000000000171241, 40.13269016701055847, -11.51715728752537871 ) ) ;
#9365 = CIRCLE ( 'NONE', #4264, 19.97500000000000142 ) ;
#9366 = CARTESIAN_POINT ( 'NONE',  ( -3.000000000000005773, 45.65000000000000568, 56.50000000000000000 ) ) ;
#9367 = CARTESIAN_POINT ( 'NONE',  ( 30.65287639024983690, 52.78156608647825720, 2.580702525964826854 ) ) ;
#9368 = LINE ( 'NONE', #3495, #3978 ) ;
#9369 = CARTESIAN_POINT ( 'NONE',  ( 22.69999999999995310, 50.68817955499561378, -11.59868219278165746 ) ) ;
#9370 = CARTESIAN_POINT ( 'NONE',  ( -6.999999999999999112, 16.00000000000000000, -9.399999999999998579 ) ) ;
#9371 = CARTESIAN_POINT ( 'NONE',  ( 1.324329953843552010, 54.38078338381473031, 1.977562623211008397 ) ) ;
#9372 = EDGE_CURVE ( 'NONE', #612, #6635, #958, .T. ) ;
#9373 = VECTOR ( 'NONE', #9026, 1000.000000000000000 ) ;
#9374 = ORIENTED_EDGE ( 'NONE', *, *, #7855, .T. ) ;
#9375 = LINE ( 'NONE', #4134, #7576 ) ;
#9376 = CARTESIAN_POINT ( 'NONE',  ( 10.61213203435614361, 60.00000000000000000, -4.705025253169414334 ) ) ;
#9377 = EDGE_CURVE ( 'NONE', #8142, #2756, #1122, .T. ) ;
#9378 = LINE ( 'NONE', #1742, #3140 ) ;
#9379 = AXIS2_PLACEMENT_3D ( 'NONE', #2891, #1251, #7342 ) ;
#9380 = ADVANCED_FACE ( 'NONE', ( #128 ), #179, .F. ) ;
#9381 = EDGE_CURVE ( 'NONE', #241, #6684, #493, .T. ) ;
#9382 = CYLINDRICAL_SURFACE ( 'NONE', #9217, 1.500000000000001332 ) ;
#9383 = CARTESIAN_POINT ( 'NONE',  ( 23.39999999999995595, 60.00000000000000000, -11.51715728752533252 ) ) ;
#9384 = EDGE_LOOP ( 'NONE', ( #9266, #1747, #905, #4814 ) ) ;
#9385 = AXIS2_PLACEMENT_3D ( 'NONE', #2833, #4532, #3030 ) ;
#9386 = ORIENTED_EDGE ( 'NONE', *, *, #9447, .F. ) ;
#9387 = AXIS2_PLACEMENT_3D ( 'NONE', #2581, #4877, #3980 ) ;
#9388 = CARTESIAN_POINT ( 'NONE',  ( 9.235621928340759013, 40.44274090477465933, -10.93267820318829209 ) ) ;
#9389 = CARTESIAN_POINT ( 'NONE',  ( 19.71005050633889510, 17.26825771477449223, -21.40710678118653121 ) ) ;
#9390 = CARTESIAN_POINT ( 'NONE',  ( 18.90294372515230137, 16.00000000000000000, -9.399999999999998579 ) ) ;
#9391 = VECTOR ( 'NONE', #5386, 1000.000000000000000 ) ;
#9392 = EDGE_CURVE ( 'NONE', #9021, #6217, #6093, .T. ) ;
#9393 = CARTESIAN_POINT ( 'NONE',  ( 11.09705627484776080, 36.00000000000000711, -20.59999999999999787 ) ) ;
#9394 = AXIS2_PLACEMENT_3D ( 'NONE', #5385, #7713, #3677 ) ;
#9395 = DIRECTION ( 'NONE',  ( -0.7071067811865474617, 0.000000000000000000, -0.7071067811865474617 ) ) ;
#9396 = ORIENTED_EDGE ( 'NONE', *, *, #7789, .T. ) ;
#9397 = VERTEX_POINT ( 'NONE', #1212 ) ;
#9398 = VECTOR ( 'NONE', #152, 1000.000000000000114 ) ;
#9399 = ORIENTED_EDGE ( 'NONE', *, *, #1642, .F. ) ;
#9400 = CARTESIAN_POINT ( 'NONE',  ( 30.50000000000000355, 45.65000000000000568, 54.49999999999998579 ) ) ;
#9401 = CARTESIAN_POINT ( 'NONE',  ( 32.65537544960927363, 51.66110592095078147, 7.578167308228276333 ) ) ;
#9402 = ORIENTED_EDGE ( 'NONE', *, *, #1272, .F. ) ;
#9403 = DIRECTION ( 'NONE',  ( 1.000000000000000000, -0.000000000000000000, -0.000000000000000000 ) ) ;
#9404 = CARTESIAN_POINT ( 'NONE',  ( 19.71005050633881339, 17.21243556529816487, -7.299999999999916334 ) ) ;
#9405 = CARTESIAN_POINT ( 'NONE',  ( 7.300000000000171241, 2.787564434701689020, -11.51715728752537871 ) ) ;
#9406 = ORIENTED_EDGE ( 'NONE', *, *, #1563, .F. ) ;
#9407 = CARTESIAN_POINT ( 'NONE',  ( 4.705025253169601740, 36.00000000000000711, -9.399999999999995026 ) ) ;
#9408 = VERTEX_POINT ( 'NONE', #7203 ) ;
#9409 = EDGE_CURVE ( 'NONE', #8661, #7393, #1114, .T. ) ;
#9410 = ORIENTED_EDGE ( 'NONE', *, *, #2513, .F. ) ;
#9411 = CARTESIAN_POINT ( 'NONE',  ( 10.28994949366134470, 17.21243556529821461, -22.69999999999998863 ) ) ;
#9412 = CYLINDRICAL_SURFACE ( 'NONE', #4723, 1.400000000000000133 ) ;
#9413 = CARTESIAN_POINT ( 'NONE',  ( 25.00000000000000000, 60.00000000000000000, -5.000000000000000000 ) ) ;
#9414 = DIRECTION ( 'NONE',  ( 1.018862752807919997E-31, -1.000000000000000000, 1.734723475976806848E-16 ) ) ;
#9415 = AXIS2_PLACEMENT_3D ( 'NONE', #4022, #2526, #5583 ) ;
#9416 = CARTESIAN_POINT ( 'NONE',  ( 29.00000000000000000, 45.65000000000000568, 54.49999999999998579 ) ) ;
#9417 = PLANE ( 'NONE',  #9762 ) ;
#9418 = CARTESIAN_POINT ( 'NONE',  ( 31.02775940337594562, 52.38935039060193333, 3.545481409596082933 ) ) ;
#9419 = CYLINDRICAL_SURFACE ( 'NONE', #2698, 22.00000000000000355 ) ;
#9420 = DIRECTION ( 'NONE',  ( -1.000000000000000000, 0.000000000000000000, 0.000000000000000000 ) ) ;
#9421 = DIRECTION ( 'NONE',  ( 1.000000000000000000, -0.000000000000000000, -0.000000000000000000 ) ) ;
#9422 = CARTESIAN_POINT ( 'NONE',  ( -0.008339884780378802043, 54.39547834306961249, 0.1682461595741484572 ) ) ;
#9423 = VECTOR ( 'NONE', #6153, 1000.000000000000000 ) ;
#9424 = ORIENTED_EDGE ( 'NONE', *, *, #1877, .F. ) ;
#9425 = EDGE_CURVE ( 'NONE', #8142, #4277, #1162, .T. ) ;
#9426 = CARTESIAN_POINT ( 'NONE',  ( 12.19705627484776933, 41.33981830268862723, -19.49999999999998579 ) ) ;
#9427 = EDGE_CURVE ( 'NONE', #9645, #437, #3507, .T. ) ;
#9428 = CARTESIAN_POINT ( 'NONE',  ( 30.00000000000000000, 29.35410196624968293, -30.00000000000000000 ) ) ;
#9429 = DIRECTION ( 'NONE',  ( -1.000000000000000000, 0.000000000000000000, 0.000000000000000000 ) ) ;
#9430 = DIRECTION ( 'NONE',  ( -0.7071067811865482389, 0.000000000000000000, -0.7071067811865469066 ) ) ;
#9431 = CARTESIAN_POINT ( 'NONE',  ( 18.48284271247198873, 17.21243556530020413, -22.69999999999913243 ) ) ;
#9432 = VERTEX_POINT ( 'NONE', #7401 ) ;
#9433 = VECTOR ( 'NONE', #6397, 1000.000000000000000 ) ;
#9434 = EDGE_LOOP ( 'NONE', ( #4248, #4396, #6394, #8675 ) ) ;
#9435 = EDGE_CURVE ( 'NONE', #2143, #9095, #4313, .T. ) ;
#9436 = EDGE_CURVE ( 'NONE', #4726, #7148, #5216, .T. ) ;
#9437 = CARTESIAN_POINT ( 'NONE',  ( 18.48284271247459642, 37.21243556529819330, -7.299999999999952749 ) ) ;
#9438 = DIRECTION ( 'NONE',  ( 1.000000000000000000, 0.000000000000000000, 0.000000000000000000 ) ) ;
#9439 = EDGE_CURVE ( 'NONE', #3188, #7739, #172, .T. ) ;
#9440 = CARTESIAN_POINT ( 'NONE',  ( 11.51715728752555989, 60.00000000000000000, -22.69999999999998863 ) ) ;
#9441 = CARTESIAN_POINT ( 'NONE',  ( 12.17659762174006843, 36.78698697949273821, -6.839799338769514847 ) ) ;
#9442 = CARTESIAN_POINT ( 'NONE',  ( 29.39183384284390499, 53.17151792793808340, 3.303312952252317025 ) ) ;
#9443 = VERTEX_POINT ( 'NONE', #8699 ) ;
#9444 = VERTEX_POINT ( 'NONE', #7251 ) ;
#9445 = EDGE_CURVE ( 'NONE', #611, #9108, #8617, .T. ) ;
#9446 = VECTOR ( 'NONE', #5484, 1000.000000000000000 ) ;
#9447 = EDGE_CURVE ( 'NONE', #5906, #1086, #2758, .T. ) ;
#9448 = VERTEX_POINT ( 'NONE', #567 ) ;
#9449 = DIRECTION ( 'NONE',  ( -0.000000000000000000, -1.000000000000000000, -0.000000000000000000 ) ) ;
#9450 = CARTESIAN_POINT ( 'NONE',  ( 15.00000000000008171, 60.00000000000000711, -31.50000000000002842 ) ) ;
#9451 = B_SPLINE_CURVE_WITH_KNOTS ( 'NONE', 3,
 ( #9183, #199, #3229, #2341, #1599, #4636, #7686, #99 ),
 .UNSPECIFIED., .F., .F.,
 ( 4, 2, 2, 4 ),
 ( 0.000000000000000000, 0.0006058281794205084940, 0.001211656358841016988, 0.002423312717682056527 ),
 .UNSPECIFIED. ) ;
#9452 = CARTESIAN_POINT ( 'NONE',  ( 32.54464411683458280, 51.66897174907261103, 7.442496730540933747 ) ) ;
#9453 = ORIENTED_EDGE ( 'NONE', *, *, #6515, .T. ) ;
#9454 = CARTESIAN_POINT ( 'NONE',  ( 0.000000000000000000, 0.000000000000000000, 0.000000000000000000 ) ) ;
#9455 = CARTESIAN_POINT ( 'NONE',  ( 17.78284271247460424, 36.00000000000000711, -6.599999999999994316 ) ) ;
#9456 = LINE ( 'NONE', #4758, #8973 ) ;
#9457 = ORIENTED_EDGE ( 'NONE', *, *, #436, .T. ) ;
#9458 = AXIS2_PLACEMENT_3D ( 'NONE', #4005, #1763, #2559 ) ;
#9459 = CARTESIAN_POINT ( 'NONE',  ( 30.00000000000000000, 59.64999999999999858, -1.499999999999988898 ) ) ;
#9460 = ORIENTED_EDGE ( 'NONE', *, *, #9192, .F. ) ;
#9461 = ORIENTED_EDGE ( 'NONE', *, *, #4587, .T. ) ;
#9462 = DIRECTION ( 'NONE',  ( 0.000000000000000000, 0.000000000000000000, 1.000000000000000000 ) ) ;
#9463 = LINE ( 'NONE', #1223, #7282 ) ;
#9464 = CARTESIAN_POINT ( 'NONE',  ( 25.29497474683052261, 60.00000000000000000, -25.29497474683058300 ) ) ;
#9465 = DIRECTION ( 'NONE',  ( 1.000000000000000000, -0.000000000000000000, -0.000000000000000000 ) ) ;
#9466 = CARTESIAN_POINT ( 'NONE',  ( 28.50000000000000000, 55.43947368421052602, 1.197686559409050000 ) ) ;
#9467 = FACE_OUTER_BOUND ( 'NONE', #9826, .T. ) ;
#9468 = CARTESIAN_POINT ( 'NONE',  ( 30.20741614624229854, 53.55245030807182616, 1.211198121809925254 ) ) ;
#9469 = CARTESIAN_POINT ( 'NONE',  ( 19.50000000000015987, 60.00000000000000000, -17.80294372515233547 ) ) ;
#9470 = CARTESIAN_POINT ( 'NONE',  ( 22.87623728248488320, 51.03020645409788614, -11.99378271276572860 ) ) ;
#9471 = CARTESIAN_POINT ( 'NONE',  ( 30.00000000000000000, 36.00000000000000711, -23.39999999999999503 ) ) ;
#9472 = CARTESIAN_POINT ( 'NONE',  ( 17.95336636976998790, 34.94049016225869053, -22.92104570883245174 ) ) ;
#9473 = ADVANCED_FACE ( 'NONE', ( #373 ), #3407, .T. ) ;
#9474 = ORIENTED_EDGE ( 'NONE', *, *, #3521, .F. ) ;
#9475 = DIRECTION ( 'NONE',  ( 1.000000000000000000, 0.000000000000000000, 0.000000000000000000 ) ) ;
#9476 = FACE_OUTER_BOUND ( 'NONE', #5701, .T. ) ;
#9477 = FACE_OUTER_BOUND ( 'NONE', #9495, .T. ) ;
#9478 = PLANE ( 'NONE',  #6354 ) ;
#9479 = DIRECTION ( 'NONE',  ( -1.000000000000000000, 0.000000000000000000, -9.257989608163444543E-14 ) ) ;
#9480 = ORIENTED_EDGE ( 'NONE', *, *, #1751, .F. ) ;
#9481 = ORIENTED_EDGE ( 'NONE', *, *, #2305, .F. ) ;
#9482 = AXIS2_PLACEMENT_3D ( 'NONE', #3479, #7974, #4080 ) ;
#9483 = CARTESIAN_POINT ( 'NONE',  ( 9.871832898807648249, 40.59144207717351804, -11.56888917365518310 ) ) ;
#9484 = PLANE ( 'NONE',  #8483 ) ;
#9485 = CARTESIAN_POINT ( 'NONE',  ( 12.21715728752552010, 36.15279283707067037, -6.599999999999996092 ) ) ;
#9486 = LINE ( 'NONE', #3548, #7457 ) ;
#9487 = EDGE_LOOP ( 'NONE', ( #4848, #7053, #7995, #378 ) ) ;
#9488 = VECTOR ( 'NONE', #3417, 1000.000000000000000 ) ;
#9489 = ORIENTED_EDGE ( 'NONE', *, *, #6141, .F. ) ;
#9490 = EDGE_CURVE ( 'NONE', #3326, #1584, #1863, .T. ) ;
#9491 = ORIENTED_EDGE ( 'NONE', *, *, #4836, .T. ) ;
#9492 = CARTESIAN_POINT ( 'NONE',  ( 6.599999999999996980, 24.00000000000000000, -17.78284271247457227 ) ) ;
#9493 = CARTESIAN_POINT ( 'NONE',  ( 6.599999999999996980, 24.00000000000000000, -17.78284271247457227 ) ) ;
#9494 = CARTESIAN_POINT ( 'NONE',  ( 31.48919253151685638, 51.86995307214149875, 6.136967756185218725 ) ) ;
#9495 = EDGE_LOOP ( 'NONE', ( #3027, #922, #1359, #1435 ) ) ;
#9496 = CARTESIAN_POINT ( 'NONE',  ( 23.39999999999999858, 4.000000000000003553, -12.21715728752533359 ) ) ;
#9497 = DIRECTION ( 'NONE',  ( 1.000000000000000000, 0.000000000000000000, 1.652117596168387263E-16 ) ) ;
#9498 = EDGE_CURVE ( 'NONE', #2378, #612, #7301, .T. ) ;
#9499 = AXIS2_PLACEMENT_3D ( 'NONE', #7154, #7104, #8551 ) ;
#9500 = DIRECTION ( 'NONE',  ( 0.000000000000000000, 0.000000000000000000, 1.000000000000000000 ) ) ;
#9501 = VERTEX_POINT ( 'NONE', #1918 ) ;
#9502 = EDGE_CURVE ( 'NONE', #857, #4598, #4209, .T. ) ;
#9503 = EDGE_CURVE ( 'NONE', #7705, #1120, #7828, .T. ) ;
#9504 = CARTESIAN_POINT ( 'NONE',  ( 7.300000000000171241, 2.787564434701689020, -11.51715728752537871 ) ) ;
#9505 = ORIENTED_EDGE ( 'NONE', *, *, #8251, .F. ) ;
#9506 = VECTOR ( 'NONE', #8710, 1000.000000000000000 ) ;
#9507 = ORIENTED_EDGE ( 'NONE', *, *, #5755, .F. ) ;
#9508 = FACE_OUTER_BOUND ( 'NONE', #2630, .T. ) ;
#9509 = B_SPLINE_CURVE_WITH_KNOTS ( 'NONE', 3,
 ( #6350, #3346, #7239, #6401, #8036, #5649, #2499, #1050, #9340, #9539, #5557, #407, #2697, #457 ),
 .UNSPECIFIED., .F., .F.,
 ( 4, 2, 2, 2, 2, 2, 4 ),
 ( 0.003652462977962333060, 0.004108291580851239529, 0.004336205882295694064, 0.004564120183740147732, 0.004792034485184602267, 0.005019948786629055935, 0.005475777389517959802 ),
 .UNSPECIFIED. ) ;
#9510 = DIRECTION ( 'NONE',  ( 0.000000000000000000, -1.000000000000000000, 0.000000000000000000 ) ) ;
#9511 = DIRECTION ( 'NONE',  ( 1.000000000000000000, 0.000000000000000000, 0.000000000000000000 ) ) ;
#9512 = CYLINDRICAL_SURFACE ( 'NONE', #7097, 1.399999999999998579 ) ;
#9513 = DIRECTION ( 'NONE',  ( 0.000000000000000000, 0.000000000000000000, -1.000000000000000000 ) ) ;
#9514 = CYLINDRICAL_SURFACE ( 'NONE', #3706, 1.399999999999998579 ) ;
#9515 = EDGE_CURVE ( 'NONE', #3005, #3802, #3454, .T. ) ;
#9516 = CARTESIAN_POINT ( 'NONE',  ( 32.56644357191132855, 51.68118436994843279, 7.053817701423215958 ) ) ;
#9517 = CARTESIAN_POINT ( 'NONE',  ( -3.000000000000000000, 51.64999999999999858, 8.000000000000000000 ) ) ;
#9518 = VECTOR ( 'NONE', #2020, 1000.000000000000000 ) ;
#9519 = DIRECTION ( 'NONE',  ( 1.000000000000000000, -0.000000000000000000, -0.000000000000000000 ) ) ;
#9520 = EDGE_CURVE ( 'NONE', #767, #6047, #2012, .T. ) ;
#9521 = LINE ( 'NONE', #8065, #5096 ) ;
#9522 = CARTESIAN_POINT ( 'NONE',  ( 18.33025595688251741, 34.79463895667863937, -22.71267910782086474 ) ) ;
#9523 = ORIENTED_EDGE ( 'NONE', *, *, #5234, .T. ) ;
#9524 = ORIENTED_EDGE ( 'NONE', *, *, #8396, .F. ) ;
#9525 = AXIS2_PLACEMENT_3D ( 'NONE', #6985, #4588, #802 ) ;
#9526 = CARTESIAN_POINT ( 'NONE',  ( 7.300000000000169464, 60.00000000000000000, -11.51715728752537871 ) ) ;
#9527 = CARTESIAN_POINT ( 'NONE',  ( 0.000000000000000000, 16.00000000000000000, -23.39999999999999503 ) ) ;
#9528 = CARTESIAN_POINT ( 'NONE',  ( 23.20478612941868235, 24.72807358013906764, -17.80364041439975153 ) ) ;
#9529 = CARTESIAN_POINT ( 'NONE',  ( 10.50000000000013500, 0.000000000000000000, -12.19705627484766453 ) ) ;
#9530 = CARTESIAN_POINT ( 'NONE',  ( 22.92727907481517136, 22.94899934570241840, -12.03692773866440113 ) ) ;
#9531 = VECTOR ( 'NONE', #5630, 1000.000000000000000 ) ;
#9532 = ORIENTED_EDGE ( 'NONE', *, *, #2542, .T. ) ;
#9533 = ORIENTED_EDGE ( 'NONE', *, *, #4676, .T. ) ;
#9534 = VECTOR ( 'NONE', #4149, 1000.000000000000000 ) ;
#9535 = AXIS2_PLACEMENT_3D ( 'NONE', #6545, #649, #3539 ) ;
#9536 = EDGE_CURVE ( 'NONE', #3326, #6571, #8100, .T. ) ;
#9537 = FACE_OUTER_BOUND ( 'NONE', #9693, .T. ) ;
#9538 = DIRECTION ( 'NONE',  ( -1.000000000000000000, 0.000000000000000000, 1.431146867680866050E-15 ) ) ;
#9539 = CARTESIAN_POINT ( 'NONE',  ( 12.20625166006294826, 15.40964700673843879, -6.728328237988702831 ) ) ;
#9540 = CARTESIAN_POINT ( 'NONE',  ( 6.795213870581323867, 23.27192641986091814, -12.19635958560018807 ) ) ;
#9541 = EDGE_LOOP ( 'NONE', ( #9238, #9043 ) ) ;
#9542 = VECTOR ( 'NONE', #638, 1000.000000000000000 ) ;
#9543 = VECTOR ( 'NONE', #3926, 1000.000000000000000 ) ;
#9544 = ORIENTED_EDGE ( 'NONE', *, *, #5848, .F. ) ;
#9545 = ORIENTED_EDGE ( 'NONE', *, *, #8434, .F. ) ;
#9546 = ORIENTED_EDGE ( 'NONE', *, *, #4266, .T. ) ;
#9547 = CARTESIAN_POINT ( 'NONE',  ( 21.40710678118649568, 60.00000000000000000, -10.28994949366116529 ) ) ;
#9548 = CARTESIAN_POINT ( 'NONE',  ( 6.795214594832030386, 23.27191866124211828, -17.80363681491224881 ) ) ;
#9549 = CARTESIAN_POINT ( 'NONE',  ( 33.00000000000000000, 51.64999999999999858, 8.000000000000000000 ) ) ;
#9550 = VERTEX_POINT ( 'NONE', #5864 ) ;
#9551 = LINE ( 'NONE', #5211, #8700 ) ;
#9552 = VECTOR ( 'NONE', #1018, 1000.000000000000000 ) ;
#9553 = DIRECTION ( 'NONE',  ( 1.000000000000000000, 0.000000000000000000, 0.000000000000000000 ) ) ;
#9554 = AXIS2_PLACEMENT_3D ( 'NONE', #8326, #3879, #1593 ) ;
#9555 = FACE_OUTER_BOUND ( 'NONE', #5611, .T. ) ;
#9556 = ADVANCED_FACE ( 'NONE', ( #5917 ), #8957, .F. ) ;
#9557 = ORIENTED_EDGE ( 'NONE', *, *, #3553, .T. ) ;
#9558 = LINE ( 'NONE', #4911, #8912 ) ;
#9559 = ORIENTED_EDGE ( 'NONE', *, *, #7380, .F. ) ;
#9560 = VECTOR ( 'NONE', #466, 1000.000000000000000 ) ;
#9561 = CIRCLE ( 'NONE', #4747, 1.500000000000001332 ) ;
#9562 = EDGE_CURVE ( 'NONE', #8298, #6217, #9846, .T. ) ;
#9563 = VERTEX_POINT ( 'NONE', #5368 ) ;
#9564 = CARTESIAN_POINT ( 'NONE',  ( 20.90034085445341461, 5.031351541852651543, -19.20328457960571811 ) ) ;
#9565 = ADVANCED_FACE ( 'NONE', ( #8348, #9102, #7549, #5270, #3001, #8391, #9702 ), #1361, .T. ) ;
#9566 = CYLINDRICAL_SURFACE ( 'NONE', #6161, 19.99999999999999645 ) ;
#9567 = DIRECTION ( 'NONE',  ( 0.000000000000000000, 0.000000000000000000, 1.000000000000000000 ) ) ;
#9568 = FACE_OUTER_BOUND ( 'NONE', #9054, .T. ) ;
#9569 = EDGE_CURVE ( 'NONE', #8976, #7955, #6110, .T. ) ;
#9570 = DIRECTION ( 'NONE',  ( 0.000000000000000000, 0.000000000000000000, -1.000000000000000000 ) ) ;
#9571 = CARTESIAN_POINT ( 'NONE',  ( 28.49999999999999645, 0.000000000000000000, 0.000000000000000000 ) ) ;
#9572 = CARTESIAN_POINT ( 'NONE',  ( 31.43843154572375198, 52.08826608182103257, 4.526842857926899555 ) ) ;
#9573 = VECTOR ( 'NONE', #926, 1000.000000000000000 ) ;
#9574 = FACE_OUTER_BOUND ( 'NONE', #6976, .T. ) ;
#9575 = VERTEX_POINT ( 'NONE', #3707 ) ;
#9576 = CARTESIAN_POINT ( 'NONE',  ( 19.11094729134012127, 49.22617349602921877, -31.83750258436933578 ) ) ;
#9577 = CARTESIAN_POINT ( 'NONE',  ( 17.78154655945943929, 35.69748595581874184, -23.37546196595818770 ) ) ;
#9578 = ORIENTED_EDGE ( 'NONE', *, *, #6779, .T. ) ;
#9579 = VECTOR ( 'NONE', #2722, 1000.000000000000000 ) ;
#9580 = ORIENTED_EDGE ( 'NONE', *, *, #9381, .F. ) ;
#9581 = EDGE_CURVE ( 'NONE', #9444, #1995, #5965, .T. ) ;
#9582 = CARTESIAN_POINT ( 'NONE',  ( 22.69999999999995310, 60.00000000000000000, -11.51715728752538226 ) ) ;
#9583 = DIRECTION ( 'NONE',  ( 1.000000000000000000, 0.000000000000000000, -0.000000000000000000 ) ) ;
#9584 = LINE ( 'NONE', #738, #3792 ) ;
#9585 = DIRECTION ( 'NONE',  ( 0.000000000000000000, 1.000000000000000000, -0.000000000000000000 ) ) ;
#9586 = VECTOR ( 'NONE', #419, 1000.000000000000114 ) ;
#9587 = CARTESIAN_POINT ( 'NONE',  ( 17.80294372515243850, 44.63495421514860340, -10.49999999999995381 ) ) ;
#9588 = DIRECTION ( 'NONE',  ( -1.000000000000000000, 0.000000000000000000, 0.000000000000000000 ) ) ;
#9589 = VERTEX_POINT ( 'NONE', #2259 ) ;
#9590 = ORIENTED_EDGE ( 'NONE', *, *, #1780, .T. ) ;
#9591 = LINE ( 'NONE', #2744, #6661 ) ;
#9592 = EDGE_CURVE ( 'NONE', #5018, #2594, #8143, .T. ) ;
#9593 = CARTESIAN_POINT ( 'NONE',  ( 22.00000000000000000, 32.00000000000000000, -56.49999999999999289 ) ) ;
#9594 = CARTESIAN_POINT ( 'NONE',  ( 22.00000000000000000, 47.00000000000000000, -59.00000000000000000 ) ) ;
#9595 = EDGE_LOOP ( 'NONE', ( #758, #996, #7005, #8427, #4698, #9453, #306, #6018, #6281, #5718, #2632, #6059, #9820, #9696, #5128, #8019, #5045, #2971, #4165, #8632 ) ) ;
#9596 = VECTOR ( 'NONE', #1386, 1000.000000000000000 ) ;
#9597 = ORIENTED_EDGE ( 'NONE', *, *, #6365, .T. ) ;
#9598 = ADVANCED_FACE ( 'NONE', ( #9800 ), #6714, .F. ) ;
#9599 = ORIENTED_EDGE ( 'NONE', *, *, #673, .F. ) ;
#9600 = ORIENTED_EDGE ( 'NONE', *, *, #8867, .F. ) ;
#9601 = DIRECTION ( 'NONE',  ( -1.000000000000000000, 0.000000000000000000, 5.873343889775981244E-16 ) ) ;
#9602 = CYLINDRICAL_SURFACE ( 'NONE', #3337, 1.399999999999998579 ) ;
#9603 = CARTESIAN_POINT ( 'NONE',  ( 29.04609449917952801, 53.62960928612327649, 2.731405873260010608 ) ) ;
#9604 = ORIENTED_EDGE ( 'NONE', *, *, #4161, .T. ) ;
#9605 = LINE ( 'NONE', #2902, #8067 ) ;
#9606 = VECTOR ( 'NONE', #2613, 1000.000000000000000 ) ;
#9607 = DIRECTION ( 'NONE',  ( 0.000000000000000000, 0.000000000000000000, 1.000000000000000000 ) ) ;
#9608 = CARTESIAN_POINT ( 'NONE',  ( -1.999999999999998224, 45.65000000000000568, 21.99999999999998579 ) ) ;
#9609 = VERTEX_POINT ( 'NONE', #1412 ) ;
#9610 = CARTESIAN_POINT ( 'NONE',  ( 27.00000000000000000, 32.00000000000000711, -43.00000000000000000 ) ) ;
#9611 = ORIENTED_EDGE ( 'NONE', *, *, #2249, .T. ) ;
#9612 = AXIS2_PLACEMENT_3D ( 'NONE', #3918, #4869, #187 ) ;
#9613 = B_SPLINE_CURVE_WITH_KNOTS ( 'NONE', 3,
 ( #5842, #5947, #4384, #2738, #8834, #5196, #3688, #5098, #9030, #6644 ),
 .UNSPECIFIED., .F., .F.,
 ( 4, 2, 2, 2, 4 ),
 ( 0.000000000000000000, 0.0004563601286242635851, 0.0009127202572485271703, 0.001369080385872790701, 0.001825440514497054341 ),
 .UNSPECIFIED. ) ;
#9614 = EDGE_LOOP ( 'NONE', ( #4577, #8843, #8911, #6238, #220, #8475, #8464, #3704, #5986, #8538 ) ) ;
#9615 = DIRECTION ( 'NONE',  ( -1.000000000000000000, 0.000000000000000000, 0.000000000000000000 ) ) ;
#9616 = FACE_OUTER_BOUND ( 'NONE', #1854, .T. ) ;
#9617 = LINE ( 'NONE', #4169, #5157 ) ;
#9618 = DIRECTION ( 'NONE',  ( 0.000000000000000000, 1.000000000000000000, 0.000000000000000000 ) ) ;
#9619 = CARTESIAN_POINT ( 'NONE',  ( 19.71005050633881339, 16.00000000000000000, -8.000000000000000000 ) ) ;
#9620 = CARTESIAN_POINT ( 'NONE',  ( 22.00000000000000000, 29.00000000000000000, -38.00000000000000000 ) ) ;
#9621 = CARTESIAN_POINT ( 'NONE',  ( 31.50554381114523039, 52.04872584967732507, 4.682456019241787004 ) ) ;
#9622 = VECTOR ( 'NONE', #8258, 1000.000000000000000 ) ;
#9623 = CARTESIAN_POINT ( 'NONE',  ( -1.541519714915137840, 52.02835476402037784, 4.765519369233785163 ) ) ;
#9624 = ORIENTED_EDGE ( 'NONE', *, *, #5074, .T. ) ;
#9625 = DIRECTION ( 'NONE',  ( 0.000000000000000000, 1.000000000000000000, 0.000000000000000000 ) ) ;
#9626 = CARTESIAN_POINT ( 'NONE',  ( -0.2988331538632951201, 53.34363752375366374, 1.532683498945951905 ) ) ;
#9627 = ORIENTED_EDGE ( 'NONE', *, *, #2358, .T. ) ;
#9628 = EDGE_CURVE ( 'NONE', #5020, #7429, #6758, .T. ) ;
#9629 = EDGE_LOOP ( 'NONE', ( #3252, #6909, #2279, #8461 ) ) ;
#9630 = DIRECTION ( 'NONE',  ( -1.000000000000000000, 0.000000000000000000, 0.000000000000000000 ) ) ;
#9631 = CARTESIAN_POINT ( 'NONE',  ( -6.999999999999998224, 37.21243556529817198, -7.299999999999916334 ) ) ;
#9632 = DIRECTION ( 'NONE',  ( 1.000000000000000000, 0.000000000000000000, 0.000000000000000000 ) ) ;
#9633 = LINE ( 'NONE', #5097, #8753 ) ;
#9634 = LINE ( 'NONE', #8935, #7459 ) ;
#9635 = DIRECTION ( 'NONE',  ( 0.000000000000000000, 0.000000000000000000, -1.000000000000000000 ) ) ;
#9636 = EDGE_CURVE ( 'NONE', #417, #2226, #2156, .T. ) ;
#9637 = EDGE_CURVE ( 'NONE', #8228, #558, #4550, .T. ) ;
#9638 = EDGE_LOOP ( 'NONE', ( #5758, #1004, #2192, #2328 ) ) ;
#9639 = EDGE_LOOP ( 'NONE', ( #4487, #7872, #9027, #3016 ) ) ;
#9640 = CARTESIAN_POINT ( 'NONE',  ( 1.326254741469287124, 54.38728312368417761, 1.972136840759143972 ) ) ;
#9641 = DIRECTION ( 'NONE',  ( 0.000000000000000000, 0.000000000000000000, -1.000000000000000000 ) ) ;
#9642 = EDGE_LOOP ( 'NONE', ( #1234, #1314, #4628, #705 ) ) ;
#9643 = EDGE_CURVE ( 'NONE', #7338, #8254, #9154, .T. ) ;
#9644 = EDGE_CURVE ( 'NONE', #7738, #3970, #5603, .T. ) ;
#9645 = VERTEX_POINT ( 'NONE', #4456 ) ;
#9646 = ORIENTED_EDGE ( 'NONE', *, *, #3534, .T. ) ;
#9647 = CIRCLE ( 'NONE', #8684, 1.500000000000001332 ) ;
#9648 = VERTEX_POINT ( 'NONE', #712 ) ;
#9649 = CARTESIAN_POINT ( 'NONE',  ( 6.105025253169586108, 60.00000000000000000, -12.01213203435591659 ) ) ;
#9650 = DIRECTION ( 'NONE',  ( 1.000000000000000000, -0.000000000000000000, -0.000000000000000000 ) ) ;
#9651 = DIRECTION ( 'NONE',  ( 0.000000000000000000, 0.000000000000000000, -1.000000000000000000 ) ) ;
#9652 = VERTEX_POINT ( 'NONE', #5212 ) ;
#9653 = CARTESIAN_POINT ( 'NONE',  ( 17.80294372515243850, 44.63495421514860340, -10.49999999999995381 ) ) ;
#9654 = DIRECTION ( 'NONE',  ( -0.000000000000000000, -0.000000000000000000, 1.000000000000000000 ) ) ;
#9655 = CARTESIAN_POINT ( 'NONE',  ( 23.89497474683053824, 0.000000000000000000, -17.98786796564399637 ) ) ;
#9656 = AXIS2_PLACEMENT_3D ( 'NONE', #6084, #9316, #8565 ) ;
#9657 = DIRECTION ( 'NONE',  ( 1.000000000000000000, 0.000000000000000000, 0.000000000000000000 ) ) ;
#9658 = VERTEX_POINT ( 'NONE', #24 ) ;
#9659 = ORIENTED_EDGE ( 'NONE', *, *, #6719, .T. ) ;
#9660 = DIRECTION ( 'NONE',  ( 0.000000000000000000, 0.000000000000000000, -1.000000000000000000 ) ) ;
#9661 = CIRCLE ( 'NONE', #2492, 2.499999999999996891 ) ;
#9662 = DIRECTION ( 'NONE',  ( -6.188934370712541542E-16, 0.000000000000000000, 1.000000000000000000 ) ) ;
#9663 = CARTESIAN_POINT ( 'NONE',  ( -3.122502256758252770E-14, 60.00000000000000711, -14.99999999999993960 ) ) ;
#9664 = DIRECTION ( 'NONE',  ( 0.000000000000000000, 0.000000000000000000, 1.000000000000000000 ) ) ;
#9665 = CARTESIAN_POINT ( 'NONE',  ( 22.69999999999995666, 25.21243556529823593, -11.51715728752537871 ) ) ;
#9666 = CARTESIAN_POINT ( 'NONE',  ( 5.368576346218638662, 39.99999999999999289, -18.72431687259494026 ) ) ;
#9667 = EDGE_CURVE ( 'NONE', #5151, #4075, #8246, .T. ) ;
#9668 = CARTESIAN_POINT ( 'NONE',  ( -1.992795766779596800, 51.82412925522531566, 5.787650900976641033 ) ) ;
#9669 = ORIENTED_EDGE ( 'NONE', *, *, #4858, .F. ) ;
#9670 = DIRECTION ( 'NONE',  ( 0.000000000000000000, 0.000000000000000000, -1.000000000000000000 ) ) ;
#9671 = DIRECTION ( 'NONE',  ( -0.000000000000000000, -0.000000000000000000, 1.000000000000000000 ) ) ;
#9672 = CIRCLE ( 'NONE', #3123, 0.6999999999999940714 ) ;
#9673 = ORIENTED_EDGE ( 'NONE', *, *, #5968, .F. ) ;
#9674 = ORIENTED_EDGE ( 'NONE', *, *, #7800, .T. ) ;
#9675 = LINE ( 'NONE', #735, #6461 ) ;
#9676 = DIRECTION ( 'NONE',  ( -0.000000000000000000, -1.000000000000000000, -0.000000000000000000 ) ) ;
#9677 = AXIS2_PLACEMENT_3D ( 'NONE', #31, #817, #1665 ) ;
#9678 = CARTESIAN_POINT ( 'NONE',  ( 30.00000000000000000, 26.00000000000000355, -33.00000000000000000 ) ) ;
#9679 = CARTESIAN_POINT ( 'NONE',  ( 21.40710678118649568, 2.731742285225533085, -10.28994949366116529 ) ) ;
#9680 = EDGE_CURVE ( 'NONE', #2243, #6355, #7500, .T. ) ;
#9681 = CARTESIAN_POINT ( 'NONE',  ( 10.28994949366134293, 60.00000000000000000, -22.69999999999998863 ) ) ;
#9682 = VECTOR ( 'NONE', #2840, 1000.000000000000000 ) ;
#9683 = VERTEX_POINT ( 'NONE', #9049 ) ;
#9684 = ORIENTED_EDGE ( 'NONE', *, *, #9235, .T. ) ;
#9685 = EDGE_CURVE ( 'NONE', #9332, #6945, #8466, .T. ) ;
#9686 = CARTESIAN_POINT ( 'NONE',  ( 23.27813378153615176, 4.590956406574834503, -12.20817980467236197 ) ) ;
#9687 = ADVANCED_FACE ( 'NONE', ( #8590 ), #7743, .F. ) ;
#9688 = EDGE_CURVE ( 'NONE', #6266, #9150, #258, .T. ) ;
#9689 = VECTOR ( 'NONE', #6151, 1000.000000000000000 ) ;
#9690 = CARTESIAN_POINT ( 'NONE',  ( 11.09705627484789936, 36.00000000000000711, -9.399999999999995026 ) ) ;
#9691 = CYLINDRICAL_SURFACE ( 'NONE', #4282, 1.499999999999997780 ) ;
#9692 = VERTEX_POINT ( 'NONE', #3946 ) ;
#9693 = EDGE_LOOP ( 'NONE', ( #2179, #2255, #4787, #1671 ) ) ;
#9694 = EDGE_LOOP ( 'NONE', ( #1060, #6105, #1310, #7936, #1488, #6185 ) ) ;
#9695 = AXIS2_PLACEMENT_3D ( 'NONE', #1792, #4036, #6437 ) ;
#9696 = ORIENTED_EDGE ( 'NONE', *, *, #7126, .T. ) ;
#9697 = DIRECTION ( 'NONE',  ( -0.7071067811865475727, 0.000000000000000000, 0.7071067811865475727 ) ) ;
#9698 = FACE_OUTER_BOUND ( 'NONE', #6294, .T. ) ;
#9699 = ORIENTED_EDGE ( 'NONE', *, *, #26, .T. ) ;
#9700 = ADVANCED_FACE ( 'NONE', ( #8639 ), #3998, .T. ) ;
#9701 = CARTESIAN_POINT ( 'NONE',  ( 15.00000000000000000, 70.00000000000000000, -15.00000000000000355 ) ) ;
#9702 = FACE_BOUND ( 'NONE', #5071, .T. ) ;
#9703 = CARTESIAN_POINT ( 'NONE',  ( 10.28994949366122214, 17.26825771477448868, -21.40710678118653121 ) ) ;
#9704 = CIRCLE ( 'NONE', #460, 1.500000000000001332 ) ;
#9705 = VECTOR ( 'NONE', #7700, 1000.000000000000000 ) ;
#9706 = CARTESIAN_POINT ( 'NONE',  ( 17.80294372515235679, 0.000000000000000000, -19.49999999999998224 ) ) ;
#9707 = CARTESIAN_POINT ( 'NONE',  ( 4.705025253169601740, 0.000000000000000000, -19.38786796564397719 ) ) ;
#9708 = EDGE_LOOP ( 'NONE', ( #2876, #7359, #54, #5856, #6531, #3652 ) ) ;
#9709 = VECTOR ( 'NONE', #6124, 1000.000000000000000 ) ;
#9710 = EDGE_LOOP ( 'NONE', ( #9347, #9085, #4667, #8325 ) ) ;
#9711 = LINE ( 'NONE', #1277, #1218 ) ;
#9712 = VECTOR ( 'NONE', #9421, 1000.000000000000000 ) ;
#9713 = PLANE ( 'NONE',  #4574 ) ;
#9714 = LINE ( 'NONE', #6723, #1155 ) ;
#9715 = DIRECTION ( 'NONE',  ( -1.000000000000000000, 0.000000000000000000, 0.000000000000000000 ) ) ;
#9716 = CARTESIAN_POINT ( 'NONE',  ( 25.29497474683052616, 0.000000000000000000, -4.705025253169412558 ) ) ;
#9717 = CARTESIAN_POINT ( 'NONE',  ( 18.90294372515230492, 36.00000000000000711, -9.399999999999995026 ) ) ;
#9718 = DIRECTION ( 'NONE',  ( -0.000000000000000000, 1.000000000000000000, 0.000000000000000000 ) ) ;
#9719 = EDGE_CURVE ( 'NONE', #943, #4042, #7346, .T. ) ;
#9720 = ORIENTED_EDGE ( 'NONE', *, *, #7243, .T. ) ;
#9721 = CARTESIAN_POINT ( 'NONE',  ( 19.35577560574635214, 49.14539862616290122, -32.04853063198310537 ) ) ;
#9722 = VECTOR ( 'NONE', #6436, 1000.000000000000114 ) ;
#9723 = CARTESIAN_POINT ( 'NONE',  ( 29.00000000000000000, 45.65000000000000568, 0.000000000000000000 ) ) ;
#9724 = AXIS2_PLACEMENT_3D ( 'NONE', #9863, #3017, #823 ) ;
#9725 = ORIENTED_EDGE ( 'NONE', *, *, #2562, .F. ) ;
#9726 = EDGE_CURVE ( 'NONE', #9648, #2466, #3898, .T. ) ;
#9727 = EDGE_CURVE ( 'NONE', #7785, #9168, #212, .T. ) ;
#9728 = ORIENTED_EDGE ( 'NONE', *, *, #5494, .T. ) ;
#9729 = DIRECTION ( 'NONE',  ( -1.000000000000000000, 0.000000000000000000, -6.195440985631460248E-16 ) ) ;
#9730 = AXIS2_PLACEMENT_3D ( 'NONE', #8322, #7568, #1439 ) ;
#9731 = DIRECTION ( 'NONE',  ( 0.000000000000000000, 1.000000000000000000, -0.000000000000000000 ) ) ;
#9732 = CARTESIAN_POINT ( 'NONE',  ( 14.99999999999987566, 70.00000000000000000, 3.196819863353100386E-14 ) ) ;
#9733 = CARTESIAN_POINT ( 'NONE',  ( 22.00000000000000000, 4.000000000000000000, -59.00000000000000000 ) ) ;
#9734 = CARTESIAN_POINT ( 'NONE',  ( 33.00000000000000000, 45.65000000000000568, 56.50000000000000711 ) ) ;
#9735 = CARTESIAN_POINT ( 'NONE',  ( 0.000000000000000000, 60.00000000000000000, 0.000000000000000000 ) ) ;
#9736 = CARTESIAN_POINT ( 'NONE',  ( 27.54903810567666156, 49.54903810567666511, -30.95096189432333489 ) ) ;
#9737 =( BOUNDED_CURVE ( )  B_SPLINE_CURVE ( 3, ( #1244, #353, #6546, #7335 ),
 .UNSPECIFIED., .F., .F. ) 
 B_SPLINE_CURVE_WITH_KNOTS ( ( 4, 4 ),
 ( 0.000000000000000000, 1.133496249191935368 ),
 .UNSPECIFIED. ) 
 CURVE ( )  GEOMETRIC_REPRESENTATION_ITEM ( )  RATIONAL_B_SPLINE_CURVE ( ( 1.000000000000000000, 0.8957675578916530768, 0.8957675578916530768, 1.000000000000000000 ) ) 
 REPRESENTATION_ITEM ( '' )  );
#9738 = ORIENTED_EDGE ( 'NONE', *, *, #1354, .T. ) ;
#9739 = EDGE_CURVE ( 'NONE', #9658, #7153, #1755, .T. ) ;
#9740 = ORIENTED_EDGE ( 'NONE', *, *, #4437, .F. ) ;
#9741 = DIRECTION ( 'NONE',  ( -0.000000000000000000, -0.000000000000000000, 1.000000000000000000 ) ) ;
#9742 = AXIS2_PLACEMENT_3D ( 'NONE', #6904, #3241, #69 ) ;
#9743 = CARTESIAN_POINT ( 'NONE',  ( 0.5578073573411244102, 53.11906969752688923, 3.379626864690641330 ) ) ;
#9744 = CARTESIAN_POINT ( 'NONE',  ( 11.51715728752298773, 34.78756443469979587, -22.69999999999913598 ) ) ;
#9745 = EDGE_CURVE ( 'NONE', #665, #5316, #7885, .T. ) ;
#9746 = EDGE_LOOP ( 'NONE', ( #8774, #8837, #8125, #1952, #9097, #2456, #5264, #2982, #2889, #6415 ) ) ;
#9747 = ORIENTED_EDGE ( 'NONE', *, *, #5319, .T. ) ;
#9748 = VECTOR ( 'NONE', #1561, 1000.000000000000000 ) ;
#9749 = EDGE_CURVE ( 'NONE', #157, #5684, #4789, .T. ) ;
#9750 = ORIENTED_EDGE ( 'NONE', *, *, #3622, .T. ) ;
#9751 = ORIENTED_EDGE ( 'NONE', *, *, #7022, .T. ) ;
#9752 = EDGE_CURVE ( 'NONE', #4011, #1995, #4947, .T. ) ;
#9753 = CARTESIAN_POINT ( 'NONE',  ( -0.4999999999999970024, 51.64999999999999858, 23.49999999999998579 ) ) ;
#9754 = ORIENTED_EDGE ( 'NONE', *, *, #183, .F. ) ;
#9755 = CARTESIAN_POINT ( 'NONE',  ( 22.69999999999994955, 22.78756443470176052, -18.48284271247463550 ) ) ;
#9756 = CARTESIAN_POINT ( 'NONE',  ( 7.999999999999998224, 24.00000000000000000, -59.00000000000000000 ) ) ;
#9757 = CARTESIAN_POINT ( 'NONE',  ( 0.000000000000000000, 36.00000000000000711, -20.59999999999999787 ) ) ;
#9758 = CARTESIAN_POINT ( 'NONE',  ( 32.91461028501982611, 51.64999877083210578, 7.813897413741123010 ) ) ;
#9759 = DIRECTION ( 'NONE',  ( 0.000000000000000000, -0.000000000000000000, 1.000000000000000000 ) ) ;
#9760 = ORIENTED_EDGE ( 'NONE', *, *, #4942, .F. ) ;
#9761 = ADVANCED_FACE ( 'NONE', ( #4843 ), #1614, .F. ) ;
#9762 = AXIS2_PLACEMENT_3D ( 'NONE', #3171, #7028, #7822 ) ;
#9763 = VERTEX_POINT ( 'NONE', #4743 ) ;
#9764 = CARTESIAN_POINT ( 'NONE',  ( 22.00000000000000000, 4.000000000000000000, -25.29497474683058300 ) ) ;
#9765 = SHAPE_DEFINITION_REPRESENTATION ( #4426, #6189 ) ;
#9766 = CYLINDRICAL_SURFACE ( 'NONE', #1858, 1.499999999999999556 ) ;
#9767 = CARTESIAN_POINT ( 'NONE',  ( -6.999999999999999112, 36.00000000000000711, -23.39999999999999503 ) ) ;
#9768 = LINE ( 'NONE', #7559, #8300 ) ;
#9769 = DIRECTION ( 'NONE',  ( -1.341737624371510395E-15, 0.000000000000000000, -1.000000000000000000 ) ) ;
#9770 = PLANE ( 'NONE',  #3148 ) ;
#9771 = EDGE_LOOP ( 'NONE', ( #7615, #3808, #1753, #870 ) ) ;
#9772 = AXIS2_PLACEMENT_3D ( 'NONE', #1076, #5629, #8517 ) ;
#9773 = LINE ( 'NONE', #778, #3806 ) ;
#9774 = CARTESIAN_POINT ( 'NONE',  ( 25.00000000000000000, 60.00000000000000000, -5.000000000000000000 ) ) ;
#9775 = VERTEX_POINT ( 'NONE', #6297 ) ;
#9776 = ORIENTED_EDGE ( 'NONE', *, *, #6942, .F. ) ;
#9777 = CARTESIAN_POINT ( 'NONE',  ( 25.29497474683052261, 60.00000000000000000, -25.29497474683058300 ) ) ;
#9778 = CIRCLE ( 'NONE', #2745, 1.499999999999999556 ) ;
#9779 = CARTESIAN_POINT ( 'NONE',  ( -6.999999999999999112, 17.21243556529821461, -22.69999999999998863 ) ) ;
#9780 = CARTESIAN_POINT ( 'NONE',  ( 19.71005050633881339, 0.000000000000000000, -7.299999999999954525 ) ) ;
#9781 = CYLINDRICAL_SURFACE ( 'NONE', #5407, 2.000000000000001776 ) ;
#9782 = DIRECTION ( 'NONE',  ( 0.000000000000000000, 0.000000000000000000, 1.000000000000000000 ) ) ;
#9783 = PLANE ( 'NONE',  #6191 ) ;
#9784 = LINE ( 'NONE', #1447, #4113 ) ;
#9785 = AXIS2_PLACEMENT_3D ( 'NONE', #5008, #6840, #4254 ) ;
#9786 = ORIENTED_EDGE ( 'NONE', *, *, #3645, .T. ) ;
#9787 = ORIENTED_EDGE ( 'NONE', *, *, #7089, .T. ) ;
#9788 = PLANE ( 'NONE',  #5213 ) ;
#9789 = CARTESIAN_POINT ( 'NONE',  ( 22.69999999999995666, 5.212435565298237705, -11.51715728752537871 ) ) ;
#9790 = B_SPLINE_CURVE_WITH_KNOTS ( 'NONE', 3,
 ( #8761, #4817, #231, #1926, #5578, #8006, #3365, #7164, #1121, #3262 ),
 .UNSPECIFIED., .F., .F.,
 ( 4, 2, 2, 2, 4 ),
 ( 0.000000000000000000, 0.0004563601286242500868, 0.0009127202572485001737, 0.001369080385872750369, 0.001825440514497000347 ),
 .UNSPECIFIED. ) ;
#9791 = EDGE_CURVE ( 'NONE', #4982, #6419, #3096, .T. ) ;
#9792 = CARTESIAN_POINT ( 'NONE',  ( 1.019649176836358251, 53.73589879615397535, 2.612651967694762600 ) ) ;
#9793 = CARTESIAN_POINT ( 'NONE',  ( 19.71005050633881339, 60.00000000000000000, -7.299999999999954525 ) ) ;
#9794 = VERTEX_POINT ( 'NONE', #9195 ) ;
#9795 = VERTEX_POINT ( 'NONE', #2354 ) ;
#9796 = ORIENTED_EDGE ( 'NONE', *, *, #8082, .T. ) ;
#9797 = CARTESIAN_POINT ( 'NONE',  ( 28.50003245756182935, 55.13156248806443216, 1.388278805065220167 ) ) ;
#9798 = EDGE_LOOP ( 'NONE', ( #7858, #2555, #699, #519 ) ) ;
#9799 = FACE_BOUND ( 'NONE', #5056, .T. ) ;
#9800 = FACE_OUTER_BOUND ( 'NONE', #6291, .T. ) ;
#9801 = CARTESIAN_POINT ( 'NONE',  ( 32.65863629864162476, 51.66826000659701634, 7.255477454596643838 ) ) ;
#9802 = ADVANCED_FACE ( 'NONE', ( #2453 ), #8447, .F. ) ;
#9803 = CARTESIAN_POINT ( 'NONE',  ( 20.24499799839840009, 49.00000000000000000, -33.00000000000000000 ) ) ;
#9804 = ORIENTED_EDGE ( 'NONE', *, *, #2646, .F. ) ;
#9805 = ORIENTED_EDGE ( 'NONE', *, *, #4979, .T. ) ;
#9806 = DIRECTION ( 'NONE',  ( 0.000000000000000000, 0.000000000000000000, -1.000000000000000000 ) ) ;
#9807 = EDGE_CURVE ( 'NONE', #5522, #9408, #6250, .T. ) ;
#9808 = CARTESIAN_POINT ( 'NONE',  ( 13.99999999999999822, 49.00000000000000000, -38.00000000000000000 ) ) ;
#9809 = CARTESIAN_POINT ( 'NONE',  ( -1.999999999999998224, 45.65000000000000568, 23.49999999999998579 ) ) ;
#9810 = CARTESIAN_POINT ( 'NONE',  ( 15.00000000000000000, 60.00000000000000000, -15.00000000000000355 ) ) ;
#9811 = DIRECTION ( 'NONE',  ( -0.7071067811865482389, 0.000000000000000000, 0.7071067811865469066 ) ) ;
#9812 = CARTESIAN_POINT ( 'NONE',  ( 12.01213203435614396, 60.00000000000000000, -23.89497474683057376 ) ) ;
#9813 = EDGE_CURVE ( 'NONE', #5555, #1708, #8703, .T. ) ;
#9814 = EDGE_CURVE ( 'NONE', #4366, #6647, #6202, .T. ) ;
#9815 = ORIENTED_EDGE ( 'NONE', *, *, #4965, .T. ) ;
#9816 = CARTESIAN_POINT ( 'NONE',  ( 4.999999999999997335, 60.00000000000000000, -7.299999999999952749 ) ) ;
#9817 = DIRECTION ( 'NONE',  ( 6.938893903907237252E-16, 0.000000000000000000, -1.000000000000000000 ) ) ;
#9818 = ORIENTED_EDGE ( 'NONE', *, *, #8718, .F. ) ;
#9819 = VECTOR ( 'NONE', #4820, 1000.000000000000000 ) ;
#9820 = ORIENTED_EDGE ( 'NONE', *, *, #9569, .F. ) ;
#9821 = CARTESIAN_POINT ( 'NONE',  ( 13.99999999999999822, 60.00000000000000000, -38.00000000000000000 ) ) ;
#9822 = SURFACE_SIDE_STYLE ('',( #3831 ) ) ;
#9823 = FACE_OUTER_BOUND ( 'NONE', #894, .T. ) ;
#9824 = DIRECTION ( 'NONE',  ( 0.000000000000000000, 0.000000000000000000, -1.000000000000000000 ) ) ;
#9825 = ADVANCED_FACE ( 'NONE', ( #3343, #4893 ), #5648, .T. ) ;
#9826 = EDGE_LOOP ( 'NONE', ( #8498, #7947, #4898, #2218, #4213, #8045 ) ) ;
#9827 = PLANE ( 'NONE',  #6205 ) ;
#9828 = CIRCLE ( 'NONE', #6641, 2.500000000000002220 ) ;
#9829 = CARTESIAN_POINT ( 'NONE',  ( -3.000000000000000000, 51.64999999999999858, 0.000000000000000000 ) ) ;
#9830 = DIRECTION ( 'NONE',  ( -0.000000000000000000, -1.000000000000000000, -0.000000000000000000 ) ) ;
#9831 = EDGE_LOOP ( 'NONE', ( #734, #2558 ) ) ;
#9832 = ORIENTED_EDGE ( 'NONE', *, *, #7008, .F. ) ;
#9833 = AXIS2_PLACEMENT_3D ( 'NONE', #5528, #5719, #4115 ) ;
#9834 = DIRECTION ( 'NONE',  ( -0.000000000000000000, -1.000000000000000000, -0.000000000000000000 ) ) ;
#9835 = CARTESIAN_POINT ( 'NONE',  ( 30.00000000000000000, 60.00000000000000000, -1.500000000000001332 ) ) ;
#9836 = CYLINDRICAL_SURFACE ( 'NONE', #7287, 1.399999999999998579 ) ;
#9837 = CARTESIAN_POINT ( 'NONE',  ( -2.614439728648541905, 51.66393485540829289, 7.528018885632940638 ) ) ;
#9838 = AXIS2_PLACEMENT_3D ( 'NONE', #7805, #5473, #8504 ) ;
#9839 = ORIENTED_EDGE ( 'NONE', *, *, #5140, .T. ) ;
#9840 = VERTEX_POINT ( 'NONE', #1850 ) ;
#9841 = ORIENTED_EDGE ( 'NONE', *, *, #6827, .T. ) ;
#9842 = VECTOR ( 'NONE', #1800, 1000.000000000000000 ) ;
#9843 = CARTESIAN_POINT ( 'NONE',  ( 4.705025253169601740, 36.00000000000000711, -7.999999999999994671 ) ) ;
#9844 = ORIENTED_EDGE ( 'NONE', *, *, #6750, .T. ) ;
#9845 = DIRECTION ( 'NONE',  ( -0.000000000000000000, -1.000000000000000000, -0.000000000000000000 ) ) ;
#9846 = LINE ( 'NONE', #2904, #8625 ) ;
#9847 = CARTESIAN_POINT ( 'NONE',  ( 32.06997400358820727, 51.79647502487553368, 5.960005636067852386 ) ) ;
#9848 = PLANE ( 'NONE',  #6533 ) ;
#9849 = VECTOR ( 'NONE', #7083, 1000.000000000000114 ) ;
#9850 = ORIENTED_EDGE ( 'NONE', *, *, #4069, .T. ) ;
#9851 = EDGE_CURVE ( 'NONE', #3867, #6982, #311, .T. ) ;
#9852 = ORIENTED_EDGE ( 'NONE', *, *, #8409, .T. ) ;
#9853 = CARTESIAN_POINT ( 'NONE',  ( 11.51715728752552970, 60.00000000000000000, -7.299999999999952749 ) ) ;
#9854 = CARTESIAN_POINT ( 'NONE',  ( 0.000000000000000000, 39.99999999999999289, -4.999999999999996447 ) ) ;
#9855 = FACE_OUTER_BOUND ( 'NONE', #8413, .T. ) ;
#9856 = DIRECTION ( 'NONE',  ( -1.000000000000000000, 0.000000000000000000, 0.000000000000000000 ) ) ;
#9857 = VECTOR ( 'NONE', #8487, 1000.000000000000000 ) ;
#9858 = EDGE_CURVE ( 'NONE', #9589, #4477, #5278, .T. ) ;
#9859 = CARTESIAN_POINT ( 'NONE',  ( 19.38786796564398429, 0.000000000000000000, -25.29497474683057945 ) ) ;
#9860 = CIRCLE ( 'NONE', #8111, 1.500000000000001332 ) ;
#9861 = CARTESIAN_POINT ( 'NONE',  ( 6.977002725079056944, 3.041915748262000285, -12.11002771204316808 ) ) ;
#9862 = VERTEX_POINT ( 'NONE', #7509 ) ;
#9863 = CARTESIAN_POINT ( 'NONE',  ( 36.00000000000001421, 45.65000000000000568, 4.198322362027903746E-15 ) ) ;
#9864 = LINE ( 'NONE', #7563, #3310 ) ;
#9865 = ORIENTED_EDGE ( 'NONE', *, *, #2491, .F. ) ;
#9866 = CIRCLE ( 'NONE', #6685, 1.399999999999998579 ) ;
#9867 = VECTOR ( 'NONE', #7373, 1000.000000000000000 ) ;
#9868 = EDGE_CURVE ( 'NONE', #4713, #5483, #9260, .T. ) ;
#9869 = ORIENTED_EDGE ( 'NONE', *, *, #7683, .T. ) ;
#9870 = LINE ( 'NONE', #6877, #4390 ) ;
#9871 = CARTESIAN_POINT ( 'NONE',  ( 19.09289321881340484, 45.80879283770675414, -24.99999999999999645 ) ) ;
#9872 = DIRECTION ( 'NONE',  ( 0.000000000000000000, 0.000000000000000000, -1.000000000000000000 ) ) ;
#9873 = AXIS2_PLACEMENT_3D ( 'NONE', #3564, #2809, #5867 ) ;
#9874 = ORIENTED_EDGE ( 'NONE', *, *, #5787, .F. ) ;
ENDSEC;
END-ISO-10303-21;
